Length_Range,Count,Percentage
0-10,43,17.695473251028808
10-20,65,26.74897119341564
20-30,44,18.106995884773664
30-40,19,7.818930041152264
40-50,13,5.349794238683128
50-60,6,2.4691358024691357
60-70,18,7.4074074074074066
70-80,11,4.526748971193416
80-90,2,0.823045267489712
90-100,0,0.0
100-110,1,0.411522633744856
110-120,0,0.0
120-130,2,0.823045267489712
130-140,0,0.0
140-150,0,0.0
150-160,1,0.411522633744856
160-170,1,0.411522633744856
170-180,0,0.0
180-190,0,0.0
190-200,0,0.0
200-210,0,0.0
210-220,0,0.0
220-230,0,0.0
230-240,0,0.0
240-250,1,0.411522633744856
250-260,0,0.0
260-270,2,0.823045267489712
270-280,2,0.823045267489712
280-290,0,0.0
290-300,0,0.0
300-310,0,0.0
310-320,0,0.0
320-330,0,0.0
330-340,0,0.0
340-350,0,0.0
350-360,0,0.0
360-370,0,0.0
370-380,0,0.0
380-390,0,0.0
390-400,0,0.0
400-410,0,0.0
410-420,2,0.823045267489712
420-430,0,0.0
430-440,0,0.0
440-450,0,0.0
450-460,0,0.0
460-470,0,0.0
470-480,0,0.0
480-490,0,0.0
490-500,2,0.823045267489712
500-510,0,0.0
510-520,0,0.0
520-530,0,0.0
530-540,0,0.0
540-550,0,0.0
550-560,0,0.0
560-570,0,0.0
570-580,0,0.0
580-590,0,0.0
590-600,0,0.0
600-610,0,0.0
610-620,0,0.0
620-630,0,0.0
630-640,0,0.0
640-650,0,0.0
650-660,0,0.0
660-670,0,0.0
670-680,0,0.0
680-690,0,0.0
690-700,0,0.0
700-710,0,0.0
710-720,0,0.0
720-730,0,0.0
730-740,0,0.0
740-750,0,0.0
750-760,0,0.0
760-770,0,0.0
770-780,0,0.0
780-790,0,0.0
790-800,0,0.0
800-810,0,0.0
810-820,0,0.0
820-830,0,0.0
830-840,0,0.0
840-850,0,0.0
850-860,0,0.0
860-870,0,0.0
870-880,0,0.0
880-890,0,0.0
890-900,0,0.0
900-910,0,0.0
910-920,0,0.0
920-930,0,0.0
930-940,0,0.0
940-950,0,0.0
950-960,0,0.0
960-970,0,0.0
970-980,0,0.0
980-990,0,0.0
990-1000,0,0.0
1000-1010,0,0.0
1010-1020,0,0.0
1020-1030,0,0.0
1030-1040,0,0.0
1040-1050,0,0.0
1050-1060,0,0.0
1060-1070,0,0.0
1070-1080,0,0.0
1080-1090,0,0.0
1090-1100,0,0.0
1100-1110,0,0.0
1110-1120,0,0.0
1120-1130,0,0.0
1130-1140,0,0.0
1140-1150,0,0.0
1150-1160,0,0.0
1160-1170,0,0.0
1170-1180,0,0.0
1180-1190,0,0.0
1190-1200,0,0.0
1200-1210,0,0.0
1210-1220,0,0.0
1220-1230,0,0.0
1230-1240,0,0.0
1240-1250,0,0.0
1250-1260,0,0.0
1260-1270,0,0.0
1270-1280,0,0.0
1280-1290,0,0.0
1290-1300,0,0.0
1300-1310,0,0.0
1310-1320,0,0.0
1320-1330,0,0.0
1330-1340,0,0.0
1340-1350,0,0.0
1350-1360,0,0.0
1360-1370,0,0.0
1370-1380,0,0.0
1380-1390,0,0.0
1390-1400,0,0.0
1400-1410,0,0.0
1410-1420,0,0.0
1420-1430,0,0.0
1430-1440,0,0.0
1440-1450,0,0.0
1450-1460,0,0.0
1460-1470,0,0.0
1470-1480,1,0.411522633744856
1480-1490,0,0.0
1490-1500,0,0.0
1500-1510,5,2.05761316872428
1510-1520,0,0.0
1520-1530,0,0.0
1530-1540,0,0.0
1540-1550,0,0.0
1550-1560,0,0.0
1560-1570,0,0.0
1570-1580,0,0.0
1580-1590,0,0.0
1590-1600,0,0.0
1600-1610,0,0.0
1610-1620,0,0.0
1620-1630,0,0.0
1630-1640,0,0.0
1640-1650,0,0.0
1650-1660,0,0.0
1660-1670,0,0.0
1670-1680,0,0.0
1680-1690,0,0.0
1690-1700,0,0.0
1700-1710,0,0.0
1710-1720,0,0.0
1720-1730,0,0.0
1730-1740,0,0.0
1740-1750,0,0.0
1750-1760,0,0.0
1760-1770,0,0.0
1770-1780,0,0.0
1780-1790,0,0.0
1790-1800,0,0.0
1800-1810,0,0.0
1810-1820,0,0.0
1820-1830,0,0.0
1830-1840,0,0.0
1840-1850,0,0.0
1850-1860,0,0.0
1860-1870,0,0.0
1870-1880,0,0.0
1880-1890,0,0.0
1890-1900,0,0.0
1900-1910,0,0.0
1910-1920,0,0.0
1920-1930,0,0.0
1930-1940,0,0.0
1940-1950,0,0.0
1950-1960,0,0.0
1960-1970,0,0.0
1970-1980,0,0.0
1980-1990,0,0.0
1990-2000,0,0.0
2000-2010,0,0.0
2010-2020,0,0.0
2020-2030,0,0.0
2030-2040,0,0.0
2040-2050,0,0.0
2050-2060,0,0.0
2060-2070,0,0.0
2070-2080,0,0.0
2080-2090,0,0.0
2090-2100,0,0.0
2100-2110,0,0.0
2110-2120,0,0.0
2120-2130,0,0.0
2130-2140,0,0.0
2140-2150,0,0.0
2150-2160,0,0.0
2160-2170,0,0.0
2170-2180,0,0.0
2180-2190,0,0.0
2190-2200,0,0.0
2200-2210,0,0.0
2210-2220,0,0.0
2220-2230,0,0.0
2230-2240,0,0.0
2240-2250,0,0.0
2250-2260,0,0.0
2260-2270,0,0.0
2270-2280,0,0.0
2280-2290,0,0.0
2290-2300,0,0.0
2300-2310,0,0.0
2310-2320,0,0.0
2320-2330,0,0.0
2330-2340,0,0.0
2340-2350,0,0.0
2350-2360,0,0.0
2360-2370,0,0.0
2370-2380,0,0.0
2380-2390,0,0.0
2390-2400,0,0.0
2400-2410,0,0.0
2410-2420,0,0.0
2420-2430,0,0.0
2430-2440,0,0.0
2440-2450,0,0.0
2450-2460,0,0.0
2460-2470,0,0.0
2470-2480,0,0.0
2480-2490,0,0.0
2490-2500,0,0.0
2500-2510,0,0.0
2510-2520,0,0.0
2520-2530,0,0.0
2530-2540,0,0.0
2540-2550,0,0.0
2550-2560,0,0.0
2560-2570,0,0.0
2570-2580,0,0.0
2580-2590,0,0.0
2590-2600,0,0.0
2600-2610,0,0.0
2610-2620,0,0.0
2620-2630,0,0.0
2630-2640,0,0.0
2640-2650,0,0.0
2650-2660,0,0.0
2660-2670,0,0.0
2670-2680,0,0.0
2680-2690,0,0.0
2690-2700,0,0.0
2700-2710,1,0.411522633744856
2710-2720,0,0.0
2720-2730,0,0.0
2730-2740,0,0.0
2740-2750,0,0.0
2750-2760,0,0.0
2760-2770,0,0.0
2770-2780,0,0.0
2780-2790,0,0.0
2790-2800,0,0.0
2800-2810,0,0.0
2810-2820,0,0.0
2820-2830,0,0.0
2830-2840,0,0.0
2840-2850,0,0.0
2850-2860,0,0.0
2860-2870,0,0.0
2870-2880,0,0.0
2880-2890,0,0.0
2890-2900,1,0.411522633744856
