file_name,nan_count,shape,n_residues_with_nan
5ZEB_1_B.npy,0,"(117, 7, 3)",0
8ABY_1_R.npy,0,"(10, 7, 3)",0
6SWC_1_2.npy,0,"(1454, 7, 3)",0
8XT2_1_L2.npy,0,"(56, 7, 3)",0
8RXX_1_L3.npy,0,"(182, 7, 3)",0
4U20_1_AA.npy,0,"(1538, 7, 3)",0
4FTS_1_R.npy,0,"(15, 7, 3)",0
7OZQ_1_H.npy,0,"(32, 7, 3)",0
8XSZ_1_CE.npy,0,"(11, 7, 3)",0
6UTV_1_333.npy,0,"(5, 7, 3)",0
5T8Y_1_X.npy,0,"(5, 7, 3)",0
5WWT_1_C.npy,0,"(72, 7, 3)",0
7QI6_1_Ax.npy,0,"(71, 7, 3)",0
8C97_1_A.npy,0,"(1292, 7, 3)",0
7P7T_1_C.npy,0,"(67, 7, 3)",0
8S8W_1_C.npy,12,"(3, 7, 3)",1
5F5H_1_D.npy,0,"(21, 7, 3)",0
5OT7_1_4.npy,0,"(2901, 7, 3)",0
7ODT_1_A.npy,0,"(1451, 7, 3)",0
8P8V_1_8.npy,0,"(76, 7, 3)",0
8TDW_1_J.npy,0,"(6, 7, 3)",0
8VIV_1_B.npy,12,"(11, 7, 3)",1
7Z3O_1_3.npy,0,"(119, 7, 3)",0
4V6L_1_BB.npy,0,"(2880, 7, 3)",0
7Y7S_1_D.npy,0,"(7, 7, 3)",0
7N2U_1_23.npy,0,"(2880, 7, 3)",0
8UBC_1_I.npy,0,"(86, 7, 3)",0
4V9Q_1_BA.npy,0,"(1504, 7, 3)",0
7ODE_1_I.npy,18,"(1986, 7, 3)",6
6ZSC_1_AA.npy,0,"(924, 7, 3)",0
4K0K_1_A.npy,0,"(1511, 7, 3)",0
4W2F_1_BA.npy,0,"(2871, 7, 3)",0
7UVY_1_v.npy,0,"(73, 7, 3)",0
7REX_1_B.npy,0,"(33, 7, 3)",0
4V9P_1_BA.npy,0,"(1533, 7, 3)",0
5T2A_1_G.npy,0,"(183, 7, 3)",0
3EQ4_1_D.npy,486,"(28, 7, 3)",27
6ZCE_1_A.npy,0,"(1719, 7, 3)",0
7Z4D_1_F.npy,0,"(77, 7, 3)",0
7AZO_1_23SB.npy,0,"(2862, 7, 3)",0
8KI7_1_F.npy,0,"(13, 7, 3)",0
7PY5_1_R.npy,0,"(11, 7, 3)",0
5V7C_1_C.npy,0,"(8, 7, 3)",0
2C4Z_1_S.npy,0,"(11, 7, 3)",0
7ZTA_1_ATR1.npy,0,"(62, 7, 3)",0
8CSZ_1_C.npy,0,"(184, 7, 3)",0
8WAV_1_Z.npy,0,"(10, 7, 3)",0
5ANC_1_N.npy,9,"(1162, 7, 3)",3
4V7D_1_AA.npy,0,"(2897, 7, 3)",0
8S8J_1_3.npy,0,"(26, 7, 3)",0
8QPB_1_4.npy,0,"(80, 7, 3)",0
6HIV_1_AA.npy,0,"(591, 7, 3)",0
8RDW_1_iN.npy,0,"(1503, 7, 3)",0
8A98_1_2.npy,3,"(986, 7, 3)",1
6YS5_1_3.npy,0,"(453, 7, 3)",0
5ND8_1_B.npy,0,"(114, 7, 3)",0
7L49_1_E.npy,0,"(135, 7, 3)",0
8QXD_1_5.npy,0,"(104, 7, 3)",0
7VA6_1_C.npy,0,"(2, 7, 3)",0
7YP9_1_H.npy,0,"(11, 7, 3)",0
4PDB_1_I.npy,0,"(38, 7, 3)",0
8IPB_1_cl.npy,0,"(64, 7, 3)",0
4V95_1_AA.npy,0,"(1466, 7, 3)",0
5MC6_1_2.npy,0,"(1767, 7, 3)",0
8RPZ_1_A.npy,0,"(2900, 7, 3)",0
7MPI_1_B5.npy,42,"(1757, 7, 3)",14
8CEH_1_c.npy,0,"(1584, 7, 3)",0
8ATV_1_C.npy,0,"(4, 7, 3)",0
7Z43_1_MaM.npy,12,"(5, 7, 3)",1
7M4W_1_A.npy,0,"(2715, 7, 3)",0
5UD5_1_C.npy,0,"(70, 7, 3)",0
4C4W_1_D.npy,0,"(35, 7, 3)",0
8V87_1_6.npy,0,"(87, 7, 3)",0
1XMQ_1_A.npy,0,"(1507, 7, 3)",0
5DFE_1_XA.npy,15,"(1492, 7, 3)",1
8UKU_1_R.npy,0,"(10, 7, 3)",0
8Y0U_1_C1.npy,0,"(3221, 7, 3)",0
4V7L_1_DA.npy,0,"(2800, 7, 3)",0
5GXI_1_B.npy,15,"(5, 7, 3)",1
2C0B_1_R.npy,15,"(11, 7, 3)",1
7AZS_1_ASIA.npy,0,"(69, 7, 3)",0
8UIS_1_P.npy,0,"(14, 7, 3)",0
9AXT_1_B2.npy,0,"(3212, 7, 3)",0
5MSG_1_M.npy,0,"(4, 7, 3)",0
4FB0_1_A.npy,24,"(393, 7, 3)",3
4RUM_1_A.npy,15,"(92, 7, 3)",1
7ABZ_1_2.npy,0,"(1529, 7, 3)",0
4V6G_1_BA.npy,0,"(2885, 7, 3)",0
2IZ8_1_R.npy,0,"(16, 7, 3)",0
5ZLU_1_DD.npy,0,"(72, 7, 3)",0
8BN3_1_2.npy,0,"(1737, 7, 3)",0
5AFI_1_a.npy,0,"(1528, 7, 3)",0
4WZJ_1_VV.npy,0,"(68, 7, 3)",0
5D0B_1_F.npy,0,"(16, 7, 3)",0
4V6F_1_BA.npy,0,"(1516, 7, 3)",0
7D7W_1_A.npy,0,"(51, 7, 3)",0
6BZ8_1_QA.npy,0,"(1500, 7, 3)",0
9G7C_1_A.npy,0,"(224, 7, 3)",0
7A5I_1_A6.npy,0,"(928, 7, 3)",0
7AM2_1_1.npy,6,"(797, 7, 3)",2
7Y7G_1_A.npy,0,"(1509, 7, 3)",0
8WML_1_R.npy,0,"(38, 7, 3)",0
8FZI_1_z.npy,0,"(8, 7, 3)",0
8D2P_1_B.npy,0,"(101, 7, 3)",0
6GSJ_1_13.npy,0,"(1500, 7, 3)",0
7PNV_1_A.npy,0,"(947, 7, 3)",0
8XXL_1_S2.npy,54,"(1723, 7, 3)",18
7VBA_1_R.npy,0,"(8, 7, 3)",0
8BH9_1_B.npy,0,"(12, 7, 3)",0
3BWP_1_A.npy,21,"(356, 7, 3)",7
6RJG_1_D.npy,0,"(78, 7, 3)",0
6ZXH_1_2.npy,0,"(1577, 7, 3)",0
5U0A_1_K.npy,0,"(59, 7, 3)",0
6XMF_1_C.npy,0,"(109, 7, 3)",0
6SGB_1_CA.npy,507,"(608, 7, 3)",169
6CU1_1_A.npy,0,"(79, 7, 3)",0
7MQA_1_L1.npy,0,"(1570, 7, 3)",0
4UN3_1_A.npy,0,"(81, 7, 3)",0
7KGA_1_B.npy,0,"(90, 7, 3)",0
6HIY_1_CA.npy,0,"(478, 7, 3)",0
7YEY_1_B.npy,0,"(8, 7, 3)",0
7MPN_1_B.npy,0,"(2, 7, 3)",0
6WJS_1_X.npy,0,"(109, 7, 3)",0
7EIU_1_D.npy,0,"(6, 7, 3)",0
8Y0W_1_S2.npy,54,"(1735, 7, 3)",18
7LVK_1_I.npy,0,"(2876, 7, 3)",0
5EMF_1_A.npy,0,"(8, 7, 3)",0
8CSS_1_A.npy,0,"(844, 7, 3)",0
2UUB_1_A.npy,0,"(1512, 7, 3)",0
6ZU5_1_S60.npy,0,"(1336, 7, 3)",0
5US2_1_B.npy,0,"(6, 7, 3)",0
6P5I_1_1.npy,0,"(205, 7, 3)",0
7OYB_1_71.npy,0,"(120, 7, 3)",0
8DH0_1_G.npy,0,"(8, 7, 3)",0
4V8C_1_BA.npy,0,"(2909, 7, 3)",0
2B2G_1_R.npy,0,"(16, 7, 3)",0
8V9K_1_y.npy,0,"(68, 7, 3)",0
8EOT_1_R.npy,0,"(13, 7, 3)",0
8AM9_1_a.npy,0,"(2731, 7, 3)",0
4V69_1_AY.npy,0,"(76, 7, 3)",0
5UZA_1_X.npy,0,"(69, 7, 3)",0
8G7P_1_a.npy,0,"(1518, 7, 3)",0
6GC0_1_A.npy,0,"(2729, 7, 3)",0
5E7K_1_14.npy,0,"(2861, 7, 3)",0
8I0V_1_B.npy,0,"(98, 7, 3)",0
8C00_1_2.npy,0,"(1425, 7, 3)",0
7LH5_1_BA.npy,0,"(2824, 7, 3)",0
6OJ2_1_QY.npy,0,"(75, 7, 3)",0
8Z85_1_D.npy,0,"(13, 7, 3)",0
9AXT_1_B3.npy,0,"(119, 7, 3)",0
5EEU_1_W.npy,0,"(44, 7, 3)",0
8EG7_1_R.npy,0,"(10, 7, 3)",0
6XHX_1_1A.npy,0,"(2861, 7, 3)",0
3JAN_1_4.npy,0,"(206, 7, 3)",0
7ABG_1_5.npy,0,"(114, 7, 3)",0
8FCJ_1_M.npy,0,"(63, 7, 3)",0
7EQG_1_M.npy,0,"(58, 7, 3)",0
8AUV_1_B.npy,0,"(12, 7, 3)",0
5IT7_1_2.npy,42,"(1780, 7, 3)",14
8C6J_1_5.npy,0,"(113, 7, 3)",0
7VYX_1_D.npy,0,"(91, 7, 3)",0
8CQW_1_CM.npy,0,"(1765, 7, 3)",0
4WQR_1_1K.npy,0,"(73, 7, 3)",0
7SYP_1_z.npy,0,"(249, 7, 3)",0
8UTA_1_R.npy,0,"(128, 7, 3)",0
7OI3_1_B.npy,0,"(6, 7, 3)",0
6BJV_1_C.npy,0,"(21, 7, 3)",0
8T2A_1_R.npy,0,"(90, 7, 3)",0
7AFK_1_1.npy,0,"(453, 7, 3)",0
8PSN_1_V.npy,0,"(13, 7, 3)",0
6N9V_1_P.npy,0,"(5, 7, 3)",0
5O60_1_B.npy,0,"(118, 7, 3)",0
4V4H_1_DB.npy,0,"(2841, 7, 3)",0
4V6W_1_A7.npy,0,"(120, 7, 3)",0
7S1J_1_I.npy,0,"(2874, 7, 3)",0
8DVU_1_B.npy,0,"(36, 7, 3)",0
8YEO_1_C.npy,0,"(60, 7, 3)",0
7NAS_1_A.npy,0,"(969, 7, 3)",0
8QXD_1_4.npy,3,"(124, 7, 3)",1
8I0W_1_G.npy,0,"(18, 7, 3)",0
8P2F_1_a.npy,0,"(1519, 7, 3)",0
5XH7_1_B.npy,15,"(40, 7, 3)",1
8EUY_1_6.npy,0,"(56, 7, 3)",0
2DEU_1_D.npy,0,"(74, 7, 3)",0
8HL3_1_A5S.npy,0,"(122, 7, 3)",0
3JBN_1_AB.npy,0,"(118, 7, 3)",0
8P7B_1_T.npy,6,"(68, 7, 3)",2
8PSZ_1_D.npy,0,"(14, 7, 3)",0
8CDR_1_Bb.npy,0,"(75, 7, 3)",0
8A98_1_3.npy,0,"(160, 7, 3)",0
4DV6_1_A.npy,0,"(1498, 7, 3)",0
5FJ4_1_H.npy,0,"(35, 7, 3)",0
8PSZ_1_S.npy,0,"(13, 7, 3)",0
2C4Z_1_R.npy,0,"(15, 7, 3)",0
8UU9_1_B.npy,0,"(114, 7, 3)",0
7K98_1_C.npy,18,"(77, 7, 3)",2
6TFE_1_A.npy,0,"(52, 7, 3)",0
6RT6_1_E.npy,0,"(1, 7, 3)",0
8Y39_1_a.npy,0,"(1479, 7, 3)",0
5IMQ_1_D.npy,0,"(2889, 7, 3)",0
9FMD_1_5.npy,0,"(92, 7, 3)",0
5T2A_1_F.npy,0,"(71, 7, 3)",0
6FF7_1_6.npy,0,"(95, 7, 3)",0
7VTN_1_B.npy,0,"(56, 7, 3)",0
8UIW_1_N.npy,0,"(121, 7, 3)",0
7V2M_1_A.npy,0,"(1486, 7, 3)",0
8D9L_1_C.npy,0,"(65, 7, 3)",0
7REX_1_C.npy,3,"(30, 7, 3)",1
5E54_1_B.npy,0,"(68, 7, 3)",0
8PFG_1_R.npy,0,"(12, 7, 3)",0
6WQN_1_1.npy,9,"(2687, 7, 3)",3
5Y88_1_D.npy,0,"(101, 7, 3)",0
2ZM6_1_A.npy,0,"(1506, 7, 3)",0
5XC6_1_D.npy,18,"(6, 7, 3)",1
7Z3O_1_2.npy,0,"(1765, 7, 3)",0
6W6P_1_B.npy,0,"(116, 7, 3)",0
6ZU5_1_L70.npy,0,"(119, 7, 3)",0
5LZB_1_y.npy,0,"(91, 7, 3)",0
3G4S_1_0.npy,24,"(2749, 7, 3)",8
7XG4_1_I.npy,0,"(60, 7, 3)",0
8TDW_1_K.npy,0,"(6, 7, 3)",0
5O69_1_A.npy,0,"(39, 7, 3)",0
3X1L_1_I.npy,0,"(32, 7, 3)",0
7P7T_1_B.npy,0,"(114, 7, 3)",0
7PLI_1_L.npy,18,"(22, 7, 3)",2
5H5U_1_h.npy,0,"(1534, 7, 3)",0
6W6L_1_v.npy,0,"(76, 7, 3)",0
7CPJ_1_a.npy,0,"(1527, 7, 3)",0
8XT3_1_L1.npy,0,"(1500, 7, 3)",0
6WUB_1_a.npy,0,"(1121, 7, 3)",0
7QGN_1_0.npy,0,"(1532, 7, 3)",0
8CD1_1_B.npy,0,"(120, 7, 3)",0
5O6U_1_A.npy,15,"(43, 7, 3)",1
1VQ6_1_0.npy,24,"(2749, 7, 3)",8
8WT6_1_E.npy,0,"(59, 7, 3)",0
5ZEB_1_v.npy,0,"(77, 7, 3)",0
5CD4_1_L.npy,0,"(60, 7, 3)",0
7N1P_1_Dt.npy,0,"(68, 7, 3)",0
5UZ4_1_A.npy,3,"(1527, 7, 3)",1
7Q4P_1_2.npy,0,"(31, 7, 3)",0
6O75_1_C.npy,0,"(1, 7, 3)",0
5AH5_1_D.npy,0,"(81, 7, 3)",0
6M7K_1_B.npy,0,"(3, 7, 3)",0
8K2C_1_S2.npy,54,"(1740, 7, 3)",18
7SYH_1_2.npy,0,"(1697, 7, 3)",0
1U0B_1_A.npy,0,"(74, 7, 3)",0
8Y80_1_C.npy,0,"(21, 7, 3)",0
6QNQ_1_14.npy,0,"(2868, 7, 3)",0
4AL6_1_B.npy,18,"(16, 7, 3)",2
2DET_1_C.npy,0,"(70, 7, 3)",0
4V87_1_BB.npy,0,"(87, 7, 3)",0
8D8L_1_a.npy,0,"(1506, 7, 3)",0
6STY_1_F.npy,0,"(2, 7, 3)",0
3P49_1_A.npy,0,"(169, 7, 3)",0
7AZO_1_23SA.npy,0,"(2878, 7, 3)",0
3G78_1_A.npy,0,"(389, 7, 3)",0
8ZNR_1_L.npy,0,"(56, 7, 3)",0
2BH2_1_C.npy,0,"(29, 7, 3)",0
4QG3_1_B.npy,0,"(80, 7, 3)",0
8OVJ_1_S4.npy,0,"(20, 7, 3)",0
4WQY_1_DA.npy,0,"(1501, 7, 3)",0
8A22_1_A8.npy,0,"(350, 7, 3)",0
4ZDP_1_E.npy,0,"(74, 7, 3)",0
5JVH_1_Y.npy,0,"(120, 7, 3)",0
5T2A_1_D.npy,0,"(119, 7, 3)",0
8XSX_1_S2.npy,54,"(1740, 7, 3)",18
7C79_1_A.npy,0,"(331, 7, 3)",0
6HA1_1_A.npy,6,"(2887, 7, 3)",2
4ZT0_1_D.npy,0,"(72, 7, 3)",0
7KKV_1_B.npy,0,"(59, 7, 3)",0
5XY3_1_3.npy,0,"(117, 7, 3)",0
7K9Y_1_H.npy,0,"(4, 7, 3)",0
7PH9_1_3.npy,6,"(2878, 7, 3)",2
8KI7_1_E.npy,0,"(10, 7, 3)",0
8A22_1_B4.npy,0,"(332, 7, 3)",0
8P2K_1_AI.npy,0,"(3, 7, 3)",0
7UG7_1_23.npy,0,"(2879, 7, 3)",0
9G8O_1_S2.npy,63,"(1739, 7, 3)",21
4WC6_1_B.npy,0,"(75, 7, 3)",0
8QBT_1_5.npy,0,"(77, 7, 3)",0
5ON2_1_B.npy,0,"(85, 7, 3)",0
6EVJ_1_M.npy,0,"(3, 7, 3)",0
4IO9_1_X.npy,0,"(2686, 7, 3)",0
7ZJX_1_S.npy,0,"(46, 7, 3)",0
1EIY_1_C.npy,0,"(76, 7, 3)",0
5MMJ_1_a.npy,0,"(1484, 7, 3)",0
6YYM_1_B.npy,0,"(12, 7, 3)",0
7CHD_1_I.npy,0,"(70, 7, 3)",0
5ND8_1_a.npy,0,"(1542, 7, 3)",0
8K0Q_1_C.npy,0,"(542, 7, 3)",0
4V8X_1_AA.npy,0,"(1504, 7, 3)",0
8ACP_1_R.npy,0,"(81, 7, 3)",0
6SJD_1_D.npy,0,"(17, 7, 3)",0
6DDG_1_1.npy,6,"(2646, 7, 3)",2
8CGR_1_A.npy,0,"(1052, 7, 3)",0
9ENF_1_C.npy,0,"(91, 7, 3)",0
6W5C_1_B.npy,0,"(50, 7, 3)",0
5FMZ_1_H.npy,0,"(12, 7, 3)",0
5F0Q_1_C.npy,0,"(5, 7, 3)",0
8D71_1_B.npy,15,"(11, 7, 3)",1
6GTG_1_B.npy,0,"(41, 7, 3)",0
7OF7_1_A.npy,0,"(1373, 7, 3)",0
8R8M_1_Z.npy,0,"(71, 7, 3)",0
6KOP_1_I.npy,0,"(9, 7, 3)",0
4CSU_1_A.npy,6,"(115, 7, 3)",2
5FQ5_1_A.npy,15,"(83, 7, 3)",1
6Q98_1_2.npy,3,"(1523, 7, 3)",1
8GAN_1_K.npy,0,"(43, 7, 3)",0
6P7N_1_B.npy,15,"(26, 7, 3)",1
8X5D_1_O.npy,0,"(47, 7, 3)",0
6AEB_1_E.npy,0,"(95, 7, 3)",0
4LCK_1_B.npy,6,"(75, 7, 3)",2
8ITS_1_A.npy,0,"(46, 7, 3)",0
6GZ4_1_Bw.npy,0,"(76, 7, 3)",0
6ERI_1_Ax.npy,0,"(118, 7, 3)",0
8RCL_1_W.npy,0,"(67, 7, 3)",0
2D3O_1_0.npy,0,"(2802, 7, 3)",0
6GSM_1_2.npy,42,"(1798, 7, 3)",14
7AZS_1_ASIB.npy,0,"(72, 7, 3)",0
6WOO_1_2.npy,42,"(1780, 7, 3)",14
4V7L_1_DB.npy,0,"(118, 7, 3)",0
7PMQ_1_E.npy,0,"(42, 7, 3)",0
7OIC_1_A.npy,0,"(1383, 7, 3)",0
9F9S_1_CM.npy,0,"(41, 7, 3)",0
7S4V_1_B.npy,0,"(98, 7, 3)",0
8H6L_1_4A.npy,0,"(128, 7, 3)",0
6ZMO_1_S2.npy,54,"(1740, 7, 3)",18
5EL7_1_1H.npy,0,"(2833, 7, 3)",0
6OGI_1_1.npy,0,"(2903, 7, 3)",0
4V5V_1_AK.npy,0,"(70, 7, 3)",0
8D2L_1_B.npy,0,"(96, 7, 3)",0
6EXV_1_P.npy,0,"(14, 7, 3)",0
1IL2_1_C.npy,0,"(67, 7, 3)",0
6NY3_1_B.npy,0,"(110, 7, 3)",0
7QTL_1_V.npy,0,"(13, 7, 3)",0
7MSH_1_B.npy,0,"(115, 7, 3)",0
5MLC_1_B.npy,0,"(120, 7, 3)",0
7ZPI_1_B.npy,0,"(55, 7, 3)",0
7A5I_1_99.npy,0,"(73, 7, 3)",0
7MJV_1_E.npy,0,"(14, 7, 3)",0
7NWT_1_5.npy,0,"(70, 7, 3)",0
8DZJ_1_E.npy,0,"(153, 7, 3)",0
5J8A_1_DA.npy,0,"(2873, 7, 3)",0
4V4Z_1_BB.npy,0,"(123, 7, 3)",0
8HL2_1_A16S.npy,0,"(1492, 7, 3)",0
5L3P_1_y.npy,0,"(66, 7, 3)",0
5WIT_1_1w.npy,0,"(66, 7, 3)",0
8U5T_1_A.npy,0,"(36, 7, 3)",0
7C07_1_O.npy,0,"(5, 7, 3)",0
7MQA_1_L2.npy,0,"(177, 7, 3)",0
4CQN_1_E.npy,0,"(79, 7, 3)",0
7BOH_1_A.npy,0,"(1517, 7, 3)",0
6VUH_1_A.npy,0,"(33, 7, 3)",0
8YUS_1_X.npy,0,"(66, 7, 3)",0
430D_1_A.npy,0,"(28, 7, 3)",0
6ZQC_1_D3.npy,0,"(1327, 7, 3)",0
8JFT_1_B.npy,0,"(86, 7, 3)",0
7M57_1_x.npy,12,"(2, 7, 3)",1
8QRM_1_A.npy,0,"(950, 7, 3)",0
4Y4O_1_2B.npy,0,"(120, 7, 3)",0
6GSJ_1_1G.npy,0,"(1490, 7, 3)",0
8EUP_1_6.npy,0,"(55, 7, 3)",0
6WD6_1_2.npy,0,"(120, 7, 3)",0
5FJ0_1_C.npy,0,"(19, 7, 3)",0
6D90_1_4.npy,0,"(194, 7, 3)",0
6T7T_1_7.npy,0,"(76, 7, 3)",0
4X4S_1_D.npy,0,"(30, 7, 3)",0
5SZE_1_C.npy,18,"(3, 7, 3)",1
8KDA_1_N.npy,0,"(73, 7, 3)",0
4V5C_1_BA.npy,0,"(2807, 7, 3)",0
4U4O_1_2.npy,0,"(1750, 7, 3)",0
9D0J_1_1x.npy,0,"(71, 7, 3)",0
8V1H_1_A.npy,3,"(71, 7, 3)",1
5L3P_1_x.npy,0,"(73, 7, 3)",0
1HNW_1_X.npy,0,"(6, 7, 3)",0
5WIT_1_1A.npy,0,"(2860, 7, 3)",0
7MQC_1_J.npy,0,"(2, 7, 3)",0
8U3B_1_3.npy,0,"(2, 7, 3)",0
4V5B_1_BA.npy,0,"(1530, 7, 3)",0
8UT0_1_B.npy,0,"(121, 7, 3)",0
6M6C_1_R.npy,0,"(10, 7, 3)",0
7LVK_1_J.npy,0,"(118, 7, 3)",0
6GSK_1_2K.npy,0,"(75, 7, 3)",0
6SCF_1_L.npy,0,"(4, 7, 3)",0
6NEQ_1_A.npy,0,"(952, 7, 3)",0
5DH8_1_A.npy,0,"(48, 7, 3)",0
7K53_1_6.npy,0,"(77, 7, 3)",0
5KI6_1_B.npy,0,"(9, 7, 3)",0
6C4I_1_B.npy,0,"(120, 7, 3)",0
8KBF_1_C.npy,0,"(3, 7, 3)",0
6ORD_1_XY.npy,0,"(76, 7, 3)",0
3MIJ_1_A.npy,0,"(12, 7, 3)",0
7NUN_1_C.npy,0,"(8, 7, 3)",0
6P5I_1_2.npy,0,"(1697, 7, 3)",0
7Q08_1_3.npy,0,"(121, 7, 3)",0
8FZI_1_x.npy,0,"(67, 7, 3)",0
4WFN_1_Y.npy,0,"(122, 7, 3)",0
8K82_1_C2.npy,0,"(1771, 7, 3)",0
3B4B_1_B.npy,3,"(123, 7, 3)",1
6GC0_1_B.npy,0,"(119, 7, 3)",0
6WHI_1_M.npy,0,"(60, 7, 3)",0
8G7P_1_B.npy,0,"(120, 7, 3)",0
8OPL_1_Bh.npy,0,"(5, 7, 3)",0
4V6F_1_BC.npy,0,"(75, 7, 3)",0
8RUK_1_A.npy,27,"(388, 7, 3)",4
9EY1_1_T.npy,0,"(68, 7, 3)",0
6XJQ_1_A.npy,0,"(58, 7, 3)",0
1FFY_1_T.npy,0,"(75, 7, 3)",0
8CGN_1_c.npy,0,"(1600, 7, 3)",0
4V5S_1_AW.npy,0,"(76, 7, 3)",0
8DP3_1_R.npy,0,"(90, 7, 3)",0
6WZS_1_A.npy,3,"(62, 7, 3)",1
8Y0U_1_C3.npy,0,"(158, 7, 3)",0
4W92_1_C.npy,18,"(96, 7, 3)",1
7MT3_1_a.npy,0,"(1512, 7, 3)",0
6OJ2_1_RA.npy,0,"(2882, 7, 3)",0
4W2I_1_CY.npy,0,"(66, 7, 3)",0
6GZ5_1_Bv.npy,0,"(76, 7, 3)",0
7SYL_1_z.npy,0,"(162, 7, 3)",0
2WJ8_1_o.npy,0,"(7, 7, 3)",0
1Q82_1_A.npy,24,"(2754, 7, 3)",8
4LCK_1_C.npy,0,"(102, 7, 3)",0
5NG6_1_D.npy,15,"(25, 7, 3)",1
6YL5_1_C.npy,0,"(25, 7, 3)",0
6RLP_1_q.npy,0,"(3, 7, 3)",0
6KQD_1_I.npy,0,"(3, 7, 3)",0
8INK_1_3.npy,0,"(115, 7, 3)",0
8UQM_1_B.npy,0,"(76, 7, 3)",0
5EPI_1_P.npy,0,"(12, 7, 3)",0
6B4V_1_B.npy,0,"(2869, 7, 3)",0
7AC7_1_7.npy,0,"(66, 7, 3)",0
5O60_1_A.npy,0,"(3119, 7, 3)",0
8FZE_1_a.npy,0,"(1517, 7, 3)",0
7Z26_1_E.npy,0,"(3, 7, 3)",0
4RMO_1_P.npy,0,"(44, 7, 3)",0
5TZS_1_1.npy,0,"(515, 7, 3)",0
8OI5_1_AU.npy,0,"(156, 7, 3)",0
7S1G_1_A.npy,0,"(76, 7, 3)",0
9DN4_1_E.npy,0,"(20, 7, 3)",0
4YZV_1_QA.npy,0,"(1511, 7, 3)",0
6N7R_1_R.npy,6,"(558, 7, 3)",1
6R7Q_1_K.npy,0,"(1698, 7, 3)",0
6PRV_1_D.npy,0,"(57, 7, 3)",0
6YFT_1_SV.npy,0,"(20, 7, 3)",0
6HAU_1_D.npy,0,"(6, 7, 3)",0
7N06_1_H.npy,15,"(3, 7, 3)",1
8DK7_1_C.npy,0,"(34, 7, 3)",0
5DQK_1_A.npy,0,"(48, 7, 3)",0
4JXZ_1_B.npy,0,"(71, 7, 3)",0
7D4I_1_SA.npy,0,"(1337, 7, 3)",0
6NUO_1_YA.npy,0,"(2883, 7, 3)",0
6OST_1_1.npy,0,"(2881, 7, 3)",0
7CGM_1_B.npy,0,"(8, 7, 3)",0
5HCQ_1_1A.npy,0,"(2746, 7, 3)",0
8SCZ_1_B.npy,0,"(59, 7, 3)",0
8BTR_1_v.npy,0,"(75, 7, 3)",0
8OZG_1_K.npy,0,"(18, 7, 3)",0
7EOJ_1_A.npy,0,"(48, 7, 3)",0
4PMI_1_A.npy,3,"(40, 7, 3)",1
8S8J_1_1.npy,0,"(64, 7, 3)",0
6ZSC_1_XA.npy,0,"(1500, 7, 3)",0
6OON_1_B.npy,15,"(12, 7, 3)",1
7OIF_1_z.npy,0,"(86, 7, 3)",0
8EY7_1_B.npy,0,"(6, 7, 3)",0
8PSZ_1_P.npy,0,"(13, 7, 3)",0
7WVJ_1_E.npy,0,"(46, 7, 3)",0
4WSD_1_1K.npy,0,"(70, 7, 3)",0
3RG5_1_A.npy,0,"(86, 7, 3)",0
7Y2B_1_S.npy,0,"(13, 7, 3)",0
7DUL_1_A.npy,0,"(1498, 7, 3)",0
6IR9_1_P.npy,0,"(16, 7, 3)",0
8HRB_1_Y.npy,0,"(17, 7, 3)",0
7M2T_1_ff.npy,0,"(10, 7, 3)",0
8Y39_1_B.npy,0,"(115, 7, 3)",0
7P7U_1_D.npy,0,"(77, 7, 3)",0
1JGO_1_C.npy,0,"(62, 7, 3)",0
3NPQ_1_C.npy,0,"(50, 7, 3)",0
5ZC9_1_B.npy,0,"(10, 7, 3)",0
6O3M_1_QV.npy,0,"(77, 7, 3)",0
7UG7_1_Dt.npy,0,"(72, 7, 3)",0
4V9C_1_DA.npy,0,"(2897, 7, 3)",0
8G6Y_1_a.npy,0,"(2729, 7, 3)",0
6H58_1_ww.npy,0,"(77, 7, 3)",0
5T2A_1_E.npy,0,"(169, 7, 3)",0
8PJ4_1_7.npy,0,"(57, 7, 3)",0
8XZQ_1_A.npy,0,"(52, 7, 3)",0
6UO1_1_1x.npy,0,"(72, 7, 3)",0
8WI9_1_a.npy,0,"(1515, 7, 3)",0
1OND_1_0.npy,0,"(2765, 7, 3)",0
6O3M_1_QA.npy,0,"(1500, 7, 3)",0
8QLP_1_C.npy,0,"(21, 7, 3)",0
4V9B_1_DA.npy,0,"(2906, 7, 3)",0
8G2D_1_2v.npy,0,"(13, 7, 3)",0
8JH4_1_P.npy,0,"(10, 7, 3)",0
7AQD_1_B.npy,0,"(112, 7, 3)",0
6WQN_1_2.npy,0,"(111, 7, 3)",0
6LT7_1_F.npy,0,"(49, 7, 3)",0
4V8H_1_BA.npy,0,"(2837, 7, 3)",0
4V99_1_F7.npy,0,"(17, 7, 3)",0
6DPN_1_b.npy,0,"(2, 7, 3)",0
1VVJ_1_XA.npy,0,"(1501, 7, 3)",0
6UQ0_1_R.npy,0,"(9, 7, 3)",0
6W6P_1_a.npy,0,"(1523, 7, 3)",0
6TQB_1_B.npy,0,"(19, 7, 3)",0
6VBW_1_K.npy,15,"(61, 7, 3)",1
6GQB_1_2.npy,0,"(1776, 7, 3)",0
6OLI_1_E.npy,0,"(119, 7, 3)",0
6X2N_1_R.npy,0,"(9, 7, 3)",0
5VYC_1_i1.npy,63,"(1742, 7, 3)",21
7P7T_1_a.npy,0,"(1521, 7, 3)",0
6GOV_1_R.npy,0,"(48, 7, 3)",0
5O69_1_B.npy,6,"(35, 7, 3)",1
8BGE_1_0.npy,0,"(2758, 7, 3)",0
5NDI_1_D.npy,0,"(19, 7, 3)",0
6R9Q_1_B.npy,0,"(4, 7, 3)",0
7UIM_1_B.npy,15,"(541, 7, 3)",5
8T6X_1_B.npy,0,"(96, 7, 3)",0
6AZ3_1_2.npy,6,"(1040, 7, 3)",2
7N1P_1_23.npy,0,"(2882, 7, 3)",0
8AXA_1_B.npy,3,"(235, 7, 3)",1
7V4G_1_D.npy,0,"(3, 7, 3)",0
3CW6_1_A.npy,0,"(72, 7, 3)",0
9CBU_1_N.npy,0,"(387, 7, 3)",0
7Z4E_1_A.npy,0,"(88, 7, 3)",0
6NDK_1_RA.npy,3,"(2859, 7, 3)",1
5LZS_1_3.npy,0,"(75, 7, 3)",0
7ADD_1_R.npy,0,"(28, 7, 3)",0
8GZR_1_C.npy,0,"(33, 7, 3)",0
7UXA_1_E.npy,6,"(78, 7, 3)",1
6AHU_1_T.npy,0,"(72, 7, 3)",0
6QX9_1_4.npy,3,"(125, 7, 3)",1
8G4S_1_i.npy,0,"(75, 7, 3)",0
8RCT_1_Y.npy,0,"(72, 7, 3)",0
5I9D_1_B.npy,3,"(11, 7, 3)",1
6SWC_1_4.npy,0,"(71, 7, 3)",0
8RXX_1_L5.npy,0,"(122, 7, 3)",0
1B23_1_R.npy,0,"(66, 7, 3)",0
8CX2_1_L.npy,0,"(9, 7, 3)",0
7ACR_1_2.npy,6,"(1523, 7, 3)",2
4KRE_1_R.npy,3,"(11, 7, 3)",1
4V8H_1_CA.npy,0,"(1497, 7, 3)",0
7QCA_1_S60.npy,0,"(1354, 7, 3)",0
7QV2_1_a.npy,0,"(1545, 7, 3)",0
4V8I_1_CA.npy,0,"(1491, 7, 3)",0
5ND9_1_a.npy,0,"(1541, 7, 3)",0
7S38_1_R.npy,0,"(87, 7, 3)",0
8HUD_1_B.npy,0,"(72, 7, 3)",0
6OPE_1_QY.npy,0,"(75, 7, 3)",0
6WDR_1_2.npy,0,"(1647, 7, 3)",0
6WRU_1_2.npy,0,"(112, 7, 3)",0
8WT7_1_E.npy,0,"(59, 7, 3)",0
6YDP_1_AV.npy,0,"(71, 7, 3)",0
4V83_1_AA.npy,0,"(1506, 7, 3)",0
4QYZ_1_L.npy,0,"(55, 7, 3)",0
8OVJ_1_S1.npy,0,"(1708, 7, 3)",0
9FMD_1_2.npy,0,"(120, 7, 3)",0
4V83_1_AV.npy,3,"(35, 7, 3)",1
8T29_1_R.npy,0,"(90, 7, 3)",0
7N1P_1_Pt.npy,0,"(67, 7, 3)",0
7L08_1_AA.npy,18,"(944, 7, 3)",1
8W35_1_C.npy,0,"(34, 7, 3)",0
8ANY_1_Ax.npy,0,"(70, 7, 3)",0
1VY4_1_DA.npy,0,"(2800, 7, 3)",0
6BJV_1_D.npy,0,"(21, 7, 3)",0
8I0W_1_6.npy,72,"(70, 7, 3)",24
7S9U_1_A.npy,0,"(2436, 7, 3)",0
4Z92_1_D.npy,0,"(6, 7, 3)",0
6G4S_1_2.npy,4839,"(1613, 7, 3)",1612
9AXT_1_B4.npy,0,"(157, 7, 3)",0
7ANE_1_1.npy,0,"(1084, 7, 3)",0
8S1P_1_a.npy,0,"(69, 7, 3)",0
7VYX_1_C.npy,0,"(103, 7, 3)",0
4X0B_1_B.npy,0,"(77, 7, 3)",0
3JBU_1_v.npy,0,"(76, 7, 3)",0
3JB9_1_C.npy,0,"(105, 7, 3)",0
6R47_1_A.npy,0,"(49, 7, 3)",0
6GTF_1_B.npy,0,"(29, 7, 3)",0
9E6Q_1_2.npy,0,"(129, 7, 3)",0
7N3P_1_B.npy,0,"(229, 7, 3)",0
7Q08_1_A.npy,0,"(1692, 7, 3)",0
8PVK_1_C1.npy,0,"(3104, 7, 3)",0
8HKZ_1_A23S.npy,0,"(2996, 7, 3)",0
6VRB_1_B.npy,0,"(52, 7, 3)",0
7OFZ_1_C.npy,0,"(19, 7, 3)",0
9B0L_1_C.npy,9,"(117, 7, 3)",3
7OIB_1_A.npy,0,"(1092, 7, 3)",0
5V3F_1_B.npy,0,"(19, 7, 3)",0
4RGF_1_C.npy,6,"(54, 7, 3)",2
7UBM_1_R.npy,0,"(11, 7, 3)",0
9GMO_1_A.npy,0,"(3274, 7, 3)",0
8G5Y_1_S2.npy,24,"(1595, 7, 3)",8
8QBL_1_M.npy,0,"(58, 7, 3)",0
4U4O_1_6.npy,0,"(1791, 7, 3)",0
6GSJ_1_14.npy,0,"(2811, 7, 3)",0
6OT3_1_5.npy,0,"(71, 7, 3)",0
8TPU_1_SA.npy,63,"(1608, 7, 3)",21
7ABF_1_6.npy,0,"(65, 7, 3)",0
6L1W_1_C.npy,0,"(6, 7, 3)",0
4UJC_1_C1.npy,0,"(1742, 7, 3)",0
6R6P_1_K.npy,0,"(1698, 7, 3)",0
8H6L_1_5A.npy,0,"(115, 7, 3)",0
4V6G_1_CB.npy,0,"(65, 7, 3)",0
2XNZ_1_A.npy,0,"(65, 7, 3)",0
8HU1_1_X.npy,0,"(65, 7, 3)",0
7R6N_1_A.npy,0,"(354, 7, 3)",0
5EL6_1_1L.npy,0,"(68, 7, 3)",0
6E82_1_A.npy,0,"(36, 7, 3)",0
8R0S_1_C.npy,0,"(17, 7, 3)",0
7LMB_1_B.npy,0,"(151, 7, 3)",0
3SUH_1_X.npy,0,"(100, 7, 3)",0
8PHJ_1_A.npy,0,"(1492, 7, 3)",0
5UD5_1_D.npy,0,"(72, 7, 3)",0
3ZJV_1_B.npy,0,"(84, 7, 3)",0
8K15_1_C.npy,0,"(470, 7, 3)",0
7ZUX_1_2.npy,0,"(1769, 7, 3)",0
4ZNP_1_B.npy,0,"(66, 7, 3)",0
2C4R_1_R.npy,0,"(10, 7, 3)",0
6OGY_1_N.npy,0,"(4, 7, 3)",0
4V5E_1_DA.npy,0,"(2886, 7, 3)",0
7NSI_1_BB.npy,0,"(67, 7, 3)",0
8RG0_1_A.npy,0,"(121, 7, 3)",0
6CHR_1_A.npy,18,"(621, 7, 3)",1
8CWO_1_Y.npy,0,"(10, 7, 3)",0
5JS1_1_B.npy,0,"(10, 7, 3)",0
9EY0_1_T.npy,0,"(65, 7, 3)",0
5IWA_1_A.npy,0,"(1509, 7, 3)",0
3B4C_1_B.npy,3,"(121, 7, 3)",1
4X4N_1_G.npy,0,"(18, 7, 3)",0
4V71_1_A1.npy,0,"(70, 7, 3)",0
8UB7_1_G.npy,0,"(13, 7, 3)",0
8IUO_1_F.npy,0,"(35, 7, 3)",0
6D9L_1_H.npy,0,"(18, 7, 3)",0
8DG5_1_E.npy,0,"(50, 7, 3)",0
8P4D_1_P.npy,0,"(19, 7, 3)",0
8ANY_1_Ay.npy,0,"(70, 7, 3)",0
7Y7R_1_F.npy,3,"(5, 7, 3)",1
7A01_1_E1.npy,0,"(153, 7, 3)",0
5XWG_1_A.npy,0,"(14, 7, 3)",0
6UFG_1_A.npy,0,"(160, 7, 3)",0
9DTT_1_B.npy,0,"(67, 7, 3)",0
4V4J_1_2.npy,0,"(75, 7, 3)",0
7XJG_1_H.npy,0,"(58, 7, 3)",0
8WZC_1_D.npy,0,"(5, 7, 3)",0
8Q4F_1_A.npy,0,"(1512, 7, 3)",0
8RDV_1_D8.npy,0,"(115, 7, 3)",0
8C8Z_1_A.npy,0,"(2205, 7, 3)",0
6T0W_1_V.npy,0,"(25, 7, 3)",0
8CBJ_1_2.npy,0,"(1767, 7, 3)",0
7Z4D_1_A.npy,0,"(75, 7, 3)",0
8T6Y_1_B.npy,0,"(88, 7, 3)",0
7UR5_1_y.npy,0,"(90, 7, 3)",0
9CG5_1_Z.npy,0,"(75, 7, 3)",0
7NAF_1_1.npy,0,"(374, 7, 3)",0
7U2J_1_1y.npy,0,"(70, 7, 3)",0
7ASO_1_Y.npy,6,"(2720, 7, 3)",2
8EY6_1_B.npy,0,"(4, 7, 3)",0
8P09_1_1.npy,0,"(74, 7, 3)",0
5XXB_1_3.npy,0,"(118, 7, 3)",0
9DFC_1_1w.npy,0,"(67, 7, 3)",0
8RXX_1_L4.npy,0,"(183, 7, 3)",0
8PJ5_1_7.npy,0,"(56, 7, 3)",0
7NDJ_1_C.npy,0,"(6, 7, 3)",0
5WWT_1_D.npy,0,"(71, 7, 3)",0
5ELR_1_B.npy,0,"(5, 7, 3)",0
7P7T_1_D.npy,0,"(76, 7, 3)",0
7S3H_1_R.npy,0,"(30, 7, 3)",0
5OT7_1_3.npy,0,"(10, 7, 3)",0
5XLO_1_K.npy,0,"(38, 7, 3)",0
3ZC0_1_M.npy,18,"(15, 7, 3)",1
8BSI_1_LE.npy,0,"(115, 7, 3)",0
3J9Z_1_SA.npy,0,"(1542, 7, 3)",0
6AZ3_1_5.npy,0,"(97, 7, 3)",0
3J9Z_1_S7.npy,0,"(74, 7, 3)",0
6D95_1_H.npy,0,"(18, 7, 3)",0
7U2J_1_2w.npy,0,"(68, 7, 3)",0
7XYA_1_R.npy,0,"(10, 7, 3)",0
8AGX_1_x.npy,0,"(73, 7, 3)",0
4NXH_1_A.npy,0,"(26, 7, 3)",0
6BY1_1_BA.npy,0,"(1541, 7, 3)",0
5HR6_1_C.npy,0,"(68, 7, 3)",0
7LYJ_1_A.npy,0,"(66, 7, 3)",0
6FSZ_1_2.npy,36,"(23, 7, 3)",12
8SNY_1_T.npy,0,"(8, 7, 3)",0
8WAW_1_Z.npy,0,"(11, 7, 3)",0
5V9Z_1_A.npy,0,"(23, 7, 3)",0
6XHW_1_2w.npy,0,"(64, 7, 3)",0
9CG5_1_X.npy,0,"(9, 7, 3)",0
5D8B_1_ZC.npy,0,"(2879, 7, 3)",0
4V63_1_CA.npy,0,"(1504, 7, 3)",0
6NWY_1_XV.npy,0,"(76, 7, 3)",0
8C96_1_A.npy,0,"(1475, 7, 3)",0
9D7S_1_2v.npy,0,"(13, 7, 3)",0
4WR6_1_1K.npy,0,"(78, 7, 3)",0
5T2A_1_B.npy,0,"(1064, 7, 3)",0
6OWL_1_A.npy,0,"(9, 7, 3)",0
8UHG_1_P.npy,0,"(15, 7, 3)",0
3ADC_1_C.npy,0,"(88, 7, 3)",0
8UBB_1_I.npy,0,"(122, 7, 3)",0
7Y7R_1_D.npy,3,"(7, 7, 3)",1
8IEW_1_B.npy,0,"(36, 7, 3)",0
7UVX_1_A.npy,0,"(2703, 7, 3)",0
8BF9_1_8.npy,0,"(98, 7, 3)",0
4V4T_1_AA.npy,3,"(1515, 7, 3)",1
6O90_1_a.npy,0,"(1528, 7, 3)",0
4V6A_1_DA.npy,0,"(2777, 7, 3)",0
6PPP_1_A.npy,18,"(6, 7, 3)",1
6Q98_1_4.npy,0,"(363, 7, 3)",0
6TBV_1_PTR1.npy,0,"(69, 7, 3)",0
8OI5_1_CM.npy,0,"(1778, 7, 3)",0
8XI2_1_H.npy,0,"(40, 7, 3)",0
7X74_1_Q.npy,0,"(5, 7, 3)",0
8WUS_1_B.npy,0,"(115, 7, 3)",0
8THQ_1_S.npy,0,"(8, 7, 3)",0
8UUA_1_A.npy,0,"(2894, 7, 3)",0
8RCL_1_W1.npy,0,"(31, 7, 3)",0
6ASX_1_R.npy,0,"(21, 7, 3)",0
7EAF_1_A.npy,0,"(94, 7, 3)",0
7A9W_1_B.npy,0,"(16, 7, 3)",0
4W2H_1_AA.npy,0,"(1497, 7, 3)",0
6XMG_1_C.npy,0,"(130, 7, 3)",0
7EQJ_1_B.npy,0,"(75, 7, 3)",0
6UVN_1_M.npy,15,"(60, 7, 3)",1
9C3I_1_A.npy,0,"(70, 7, 3)",0
5K36_1_M.npy,0,"(7, 7, 3)",0
7PNW_1_A.npy,0,"(950, 7, 3)",0
8B7Y_1_I.npy,0,"(2880, 7, 3)",0
8DZK_1_F.npy,15,"(4, 7, 3)",1
4V89_1_AV.npy,0,"(6, 7, 3)",0
9E6Q_1_1.npy,0,"(2777, 7, 3)",0
6JDV_1_B.npy,0,"(143, 7, 3)",0
7PJZ_1_w.npy,0,"(69, 7, 3)",0
8FON_1_RA.npy,0,"(2881, 7, 3)",0
6LAS_1_B.npy,0,"(55, 7, 3)",0
7ABZ_1_7.npy,0,"(68, 7, 3)",0
8JOZ_1_B.npy,0,"(79, 7, 3)",0
7L48_1_E.npy,0,"(144, 7, 3)",0
6IS0_1_C.npy,0,"(1, 7, 3)",0
6AR5_1_B.npy,0,"(14, 7, 3)",0
8HNT_1_B.npy,0,"(102, 7, 3)",0
4WQU_1_BA.npy,0,"(1495, 7, 3)",0
4XW1_1_C.npy,0,"(8, 7, 3)",0
4V7J_1_BA.npy,0,"(2848, 7, 3)",0
4AM3_1_I.npy,18,"(1, 7, 3)",1
5IY9_1_Z.npy,0,"(6, 7, 3)",0
8FL3_1_L4.npy,0,"(117, 7, 3)",0
9GMO_1_B.npy,0,"(118, 7, 3)",0
7M4V_1_A.npy,0,"(2717, 7, 3)",0
8P8B_1_Y.npy,0,"(9, 7, 3)",0
5DA6_1_A.npy,0,"(32, 7, 3)",0
9GMO_1_C.npy,0,"(145, 7, 3)",0
6C6S_1_R.npy,0,"(10, 7, 3)",0
7NFX_1_1.npy,0,"(249, 7, 3)",0
6ZMT_1_2.npy,0,"(1569, 7, 3)",0
1I9V_1_A.npy,3,"(74, 7, 3)",1
6IQW_1_I.npy,0,"(24, 7, 3)",0
7ABF_1_5.npy,0,"(58, 7, 3)",0
1GRZ_1_A.npy,0,"(247, 7, 3)",0
4G0A_1_F.npy,18,"(3, 7, 3)",1
4V9N_1_BA.npy,0,"(2789, 7, 3)",0
6ZQC_1_D4.npy,0,"(230, 7, 3)",0
6UV2_1_C.npy,15,"(8, 7, 3)",1
7PJZ_1_a.npy,0,"(1529, 7, 3)",0
8J8H_1_E.npy,0,"(20, 7, 3)",0
8J1Z_1_a.npy,0,"(2501, 7, 3)",0
8JL0_1_C.npy,0,"(22, 7, 3)",0
9ASN_1_E.npy,3,"(97, 7, 3)",1
6DLT_1_A.npy,0,"(105, 7, 3)",0
6LQS_1_SA.npy,0,"(1249, 7, 3)",0
5E7K_1_1G.npy,0,"(1507, 7, 3)",0
7TTU_1_1.npy,27,"(2684, 7, 3)",9
7MJW_1_G.npy,0,"(12, 7, 3)",0
6GZ4_1_B1.npy,0,"(1708, 7, 3)",0
4ZNP_1_A.npy,0,"(73, 7, 3)",0
5K36_1_L.npy,0,"(17, 7, 3)",0
7ONU_1_T.npy,0,"(66, 7, 3)",0
7AOE_1_R.npy,0,"(7, 7, 3)",0
6KYV_1_K.npy,0,"(22, 7, 3)",0
4V88_1_A6.npy,0,"(1769, 7, 3)",0
6WJR_1_X.npy,0,"(111, 7, 3)",0
7NSH_1_BA.npy,0,"(1544, 7, 3)",0
7C7A_1_A.npy,0,"(330, 7, 3)",0
7YEX_1_B.npy,0,"(4, 7, 3)",0
5V8I_1_1B.npy,0,"(118, 7, 3)",0
7UQ6_1_B.npy,0,"(85, 7, 3)",0
4X4N_1_D.npy,3,"(31, 7, 3)",1
1A9N_1_Q.npy,0,"(24, 7, 3)",0
4V8D_1_DA.npy,0,"(2907, 7, 3)",0
5GAK_1_B.npy,0,"(77, 7, 3)",0
5WF0_1_y.npy,0,"(67, 7, 3)",0
4V8E_1_DA.npy,0,"(1502, 7, 3)",0
6P4H_1_1.npy,0,"(203, 7, 3)",0
8OI5_1_AS.npy,0,"(3065, 7, 3)",0
6N5T_1_A.npy,0,"(125, 7, 3)",0
8URW_1_R.npy,3,"(14, 7, 3)",1
6C4H_1_A.npy,0,"(619, 7, 3)",0
7UNR_1_B.npy,0,"(117, 7, 3)",0
5EN1_1_B.npy,0,"(7, 7, 3)",0
6PMJ_1_3.npy,0,"(2, 7, 3)",0
7Z3N_1_2.npy,0,"(1772, 7, 3)",0
5DGE_1_2.npy,0,"(1781, 7, 3)",0
7YND_1_B.npy,0,"(38, 7, 3)",0
8VT5_1_A.npy,9,"(59, 7, 3)",3
3T5N_1_C.npy,0,"(6, 7, 3)",0
7WIB_1_V.npy,0,"(49, 7, 3)",0
8A98_1_6.npy,3,"(71, 7, 3)",1
7KAB_1_C.npy,0,"(66, 7, 3)",0
8PVV_1_R.npy,0,"(25, 7, 3)",0
8FC6_1_1A.npy,0,"(2860, 7, 3)",0
7N2U_1_Pt.npy,0,"(67, 7, 3)",0
8TDV_1_K.npy,0,"(7, 7, 3)",0
1DK1_1_B.npy,0,"(57, 7, 3)",0
8KI7_1_B.npy,0,"(9, 7, 3)",0
7VNV_1_B.npy,0,"(61, 7, 3)",0
5MRC_1_A.npy,18,"(2709, 7, 3)",6
6BY1_1_BW.npy,0,"(76, 7, 3)",0
2JA8_1_P.npy,0,"(10, 7, 3)",0
4LX6_1_A.npy,0,"(71, 7, 3)",0
6XHV_1_2A.npy,0,"(2788, 7, 3)",0
4V9Q_1_CA.npy,0,"(2832, 7, 3)",0
4W2F_1_CA.npy,0,"(1503, 7, 3)",0
8AGX_1_y.npy,0,"(72, 7, 3)",0
7QGR_1_u.npy,0,"(73, 7, 3)",0
5Z9X_1_R.npy,0,"(9, 7, 3)",0
4U8T_1_O.npy,0,"(6, 7, 3)",0
7PDV_1_F.npy,3,"(7, 7, 3)",1
9FMD_1_EX.npy,0,"(14, 7, 3)",0
6AZ3_1_4.npy,0,"(182, 7, 3)",0
8ZYD_1_C.npy,0,"(72, 7, 3)",0
8HK1_1_H.npy,6,"(148, 7, 3)",2
5LJ3_1_U.npy,0,"(141, 7, 3)",0
6K4S_1_A.npy,0,"(80, 7, 3)",0
4V4F_1_A3.npy,18,"(4, 7, 3)",1
8A40_1_P.npy,0,"(14, 7, 3)",0
8OPT_1_D.npy,0,"(54, 7, 3)",0
7Y80_1_B.npy,0,"(35, 7, 3)",0
8OO0_1_2.npy,0,"(1764, 7, 3)",0
6VWM_1_5.npy,0,"(76, 7, 3)",0
8UBE_1_G.npy,0,"(11, 7, 3)",0
7S4U_1_B.npy,0,"(97, 7, 3)",0
5XXU_1_2.npy,0,"(1619, 7, 3)",0
8TJX_1_N.npy,0,"(365, 7, 3)",0
8QP8_1_5.npy,0,"(71, 7, 3)",0
8D2O_1_B.npy,0,"(87, 7, 3)",0
6KUG_1_B.npy,0,"(4, 7, 3)",0
4WZD_1_13.npy,0,"(1499, 7, 3)",0
8APO_1_A1.npy,0,"(109, 7, 3)",0
8IT1_1_H.npy,0,"(21, 7, 3)",0
7BV8_1_A.npy,0,"(2897, 7, 3)",0
5GUH_1_B.npy,0,"(7, 7, 3)",0
8PTG_1_R.npy,0,"(15, 7, 3)",0
5ZET_1_A.npy,0,"(3102, 7, 3)",0
5KPV_1_27.npy,0,"(2903, 7, 3)",0
4WJ3_1_T.npy,0,"(76, 7, 3)",0
7ZAG_1_2.npy,0,"(1429, 7, 3)",0
5XON_1_P.npy,0,"(16, 7, 3)",0
4V8N_1_CV.npy,0,"(77, 7, 3)",0
7D80_1_X.npy,0,"(65, 7, 3)",0
6FYX_1_2.npy,42,"(1768, 7, 3)",14
6C65_1_C.npy,18,"(35, 7, 3)",1
4WQF_1_CA.npy,0,"(2848, 7, 3)",0
6ZJ3_1_LO.npy,0,"(120, 7, 3)",0
3OIN_1_C.npy,0,"(14, 7, 3)",0
6YWX_1_bb.npy,0,"(61, 7, 3)",0
5MMI_1_A.npy,0,"(2798, 7, 3)",0
8PVL_1_C1.npy,0,"(3044, 7, 3)",0
5OB3_1_A.npy,0,"(69, 7, 3)",0
8FZR_1_R.npy,0,"(77, 7, 3)",0
4V5P_1_AY.npy,0,"(67, 7, 3)",0
5T5H_1_B.npy,0,"(910, 7, 3)",0
5ZQ0_1_B.npy,0,"(7, 7, 3)",0
6E8T_1_D.npy,0,"(35, 7, 3)",0
2ZH8_1_B.npy,0,"(34, 7, 3)",0
6Z6M_1_CC.npy,0,"(85, 7, 3)",0
4WC5_1_B.npy,0,"(74, 7, 3)",0
6HBX_1_A.npy,0,"(17, 7, 3)",0
6GSL_1_3K.npy,0,"(73, 7, 3)",0
5HAU_1_1A.npy,0,"(2872, 7, 3)",0
8RKT_1_1.npy,0,"(246, 7, 3)",0
3V74_1_B.npy,0,"(11, 7, 3)",0
6G63_1_B.npy,0,"(23, 7, 3)",0
8GWB_1_M.npy,0,"(2, 7, 3)",0
8OVA_1_BH.npy,0,"(119, 7, 3)",0
6XUS_1_A.npy,0,"(11, 7, 3)",0
6OY7_1_I.npy,0,"(5, 7, 3)",0
5WEA_1_B.npy,9,"(8, 7, 3)",1
8CGD_1_a.npy,0,"(2724, 7, 3)",0
6WUA_1_a.npy,0,"(402, 7, 3)",0
7NHK_1_D.npy,0,"(74, 7, 3)",0
6OMV_1_G.npy,0,"(29, 7, 3)",0
3CCE_1_0.npy,24,"(2749, 7, 3)",8
5IB7_1_1L.npy,0,"(66, 7, 3)",0
6SGC_1_33.npy,0,"(64, 7, 3)",0
7QQW_1_A.npy,15,"(81, 7, 3)",1
8EHI_1_R.npy,0,"(10, 7, 3)",0
5W1I_1_D.npy,36,"(39, 7, 3)",2
5XWY_1_B.npy,0,"(51, 7, 3)",0
7D2L_1_B.npy,0,"(43, 7, 3)",0
8ISS_1_E.npy,6,"(80, 7, 3)",1
5ZTM_1_C.npy,0,"(48, 7, 3)",0
6T0U_1_V.npy,0,"(23, 7, 3)",0
6ZDQ_1_C.npy,0,"(65, 7, 3)",0
8AXB_1_B.npy,0,"(230, 7, 3)",0
8C8X_1_A.npy,0,"(2705, 7, 3)",0
6S12_1_A.npy,3,"(2905, 7, 3)",1
6BGB_1_C.npy,0,"(15, 7, 3)",0
8QZ8_1_V.npy,0,"(33, 7, 3)",0
6OW3_1_I.npy,0,"(3, 7, 3)",0
6F4G_1_F.npy,0,"(25, 7, 3)",0
6ZN5_1_2.npy,0,"(1671, 7, 3)",0
6UQ3_1_R.npy,0,"(10, 7, 3)",0
8EXY_1_R.npy,0,"(29, 7, 3)",0
8P4F_1_P.npy,0,"(29, 7, 3)",0
5U30_1_B.npy,0,"(99, 7, 3)",0
3JCR_1_M.npy,1836,"(103, 7, 3)",102
6GSL_1_14.npy,0,"(2895, 7, 3)",0
3PDR_1_A.npy,0,"(161, 7, 3)",0
4WSM_1_2K.npy,0,"(73, 7, 3)",0
8Q7N_1_Z.npy,0,"(31, 7, 3)",0
6R5Q_1_2.npy,0,"(76, 7, 3)",0
3T5Q_1_F.npy,0,"(8, 7, 3)",0
4V9I_1_AY.npy,0,"(75, 7, 3)",0
9AUR_1_R.npy,0,"(21, 7, 3)",0
6LKQ_1_t.npy,0,"(2850, 7, 3)",0
4CE4_1_A.npy,0,"(1437, 7, 3)",0
4V47_1_A9.npy,1926,"(108, 7, 3)",107
8H6J_1_5A.npy,0,"(114, 7, 3)",0
7OJN_1_D.npy,12,"(12, 7, 3)",1
6ZJ3_1_LN.npy,0,"(78, 7, 3)",0
5UZ6_1_E.npy,0,"(23, 7, 3)",0
4RC0_1_A.npy,0,"(10, 7, 3)",0
6EEN_1_F.npy,0,"(9, 7, 3)",0
3IRW_1_R.npy,0,"(90, 7, 3)",0
4V8N_1_CW.npy,0,"(78, 7, 3)",0
7R6L_1_A.npy,0,"(343, 7, 3)",0
7OI0_1_A.npy,0,"(963, 7, 3)",0
8PH9_1_R.npy,0,"(15, 7, 3)",0
8P7X_1_Y.npy,0,"(21, 7, 3)",0
6DMV_1_B.npy,0,"(4, 7, 3)",0
6N9E_1_2w.npy,0,"(2, 7, 3)",0
6E80_1_A.npy,0,"(35, 7, 3)",0
8YGJ_1_B.npy,0,"(136, 7, 3)",0
5OSG_1_2.npy,15,"(88, 7, 3)",5
6I1L_1_B.npy,0,"(40, 7, 3)",0
8I54_1_B.npy,0,"(33, 7, 3)",0
5KL8_1_C.npy,0,"(11, 7, 3)",0
6DT8_1_D.npy,0,"(6, 7, 3)",0
7NKX_1_P.npy,0,"(16, 7, 3)",0
7L20_1_A.npy,18,"(1527, 7, 3)",1
6TMF_1_A.npy,0,"(1485, 7, 3)",0
8RXX_1_S3.npy,0,"(71, 7, 3)",0
8PSQ_1_V.npy,0,"(13, 7, 3)",0
5B2R_1_A.npy,0,"(81, 7, 3)",0
8W2O_1_R.npy,0,"(327, 7, 3)",0
6JE4_1_L.npy,0,"(133, 7, 3)",0
6SKG_1_Aa.npy,0,"(1399, 7, 3)",0
3B4A_1_B.npy,3,"(121, 7, 3)",1
7AFI_1_A.npy,0,"(1061, 7, 3)",0
9EY2_1_T.npy,0,"(68, 7, 3)",0
3LA5_1_A.npy,0,"(71, 7, 3)",0
4YB0_1_R.npy,0,"(83, 7, 3)",0
5K7E_1_A.npy,0,"(47, 7, 3)",0
6VQV_1_L.npy,0,"(60, 7, 3)",0
6YPU_1_2.npy,0,"(894, 7, 3)",0
5VW1_1_C.npy,0,"(73, 7, 3)",0
4V61_1_AA.npy,0,"(1478, 7, 3)",0
7R81_1_A2.npy,0,"(1769, 7, 3)",0
4WRO_1_1K.npy,0,"(67, 7, 3)",0
5IBB_1_1L.npy,0,"(67, 7, 3)",0
7ZW0_1_2.npy,0,"(1765, 7, 3)",0
4YHH_1_A.npy,0,"(1507, 7, 3)",0
4V48_1_A0.npy,45630,"(2536, 7, 3)",2535
8FVY_1_2.npy,0,"(1441, 7, 3)",0
2XD0_1_H.npy,0,"(35, 7, 3)",0
7RGU_1_F.npy,0,"(28, 7, 3)",0
7F3J_1_F.npy,0,"(4, 7, 3)",0
8WIC_1_A.npy,0,"(3022, 7, 3)",0
5FK3_1_A.npy,0,"(94, 7, 3)",0
8GXC_1_B.npy,0,"(60, 7, 3)",0
6M0V_1_B.npy,15,"(71, 7, 3)",1
8FRU_1_4.npy,0,"(141, 7, 3)",0
3KFU_1_N.npy,0,"(68, 7, 3)",0
5NS4_1_D.npy,0,"(30, 7, 3)",0
6O0X_1_B.npy,0,"(98, 7, 3)",0
8U5K_1_A.npy,0,"(36, 7, 3)",0
7PKT_1_8.npy,0,"(413, 7, 3)",0
6XRQ_1_B.npy,0,"(14, 7, 3)",0
4KVB_1_A.npy,0,"(1500, 7, 3)",0
5D0A_1_F.npy,18,"(14, 7, 3)",1
7QI5_1_Aw.npy,0,"(68, 7, 3)",0
1H2C_1_R.npy,0,"(3, 7, 3)",0
8JDM_1_A.npy,0,"(14, 7, 3)",0
7QI4_1_Aw.npy,0,"(22, 7, 3)",0
9AX8_1_y.npy,0,"(77, 7, 3)",0
8RXX_1_S1.npy,0,"(1793, 7, 3)",0
6ZP4_1_1.npy,0,"(75, 7, 3)",0
8QFS_1_B.npy,0,"(55, 7, 3)",0
8QU5_1_A.npy,0,"(1049, 7, 3)",0
9BH5_1_DB.npy,0,"(76, 7, 3)",0
6SPC_1_a.npy,0,"(1519, 7, 3)",0
5DOY_1_1w.npy,30,"(68, 7, 3)",2
5VPP_1_XA.npy,0,"(1515, 7, 3)",0
5UDZ_1_V.npy,0,"(24, 7, 3)",0
7DA7_1_C.npy,267,"(90, 7, 3)",89
6S0K_1_A.npy,0,"(2883, 7, 3)",0
5E81_1_3K.npy,0,"(70, 7, 3)",0
4U6K_1_A.npy,0,"(9, 7, 3)",0
8HNV_1_B.npy,0,"(97, 7, 3)",0
6VQW_1_K.npy,0,"(40, 7, 3)",0
6UEJ_1_B.npy,0,"(3, 7, 3)",0
6ZOL_1_2.npy,0,"(472, 7, 3)",0
5AJ4_1_BA.npy,0,"(1515, 7, 3)",0
8SQJ_1_O.npy,0,"(17, 7, 3)",0
8A3W_1_3.npy,0,"(152, 7, 3)",0
5DET_1_P.npy,0,"(4, 7, 3)",0
8FR8_1_E.npy,0,"(77, 7, 3)",0
8JDL_1_D.npy,0,"(3399, 7, 3)",0
8Q7Z_1_A2.npy,0,"(1636, 7, 3)",0
8REE_1_R.npy,0,"(9, 7, 3)",0
3CCL_1_0.npy,24,"(2749, 7, 3)",8
5MMI_1_B.npy,0,"(121, 7, 3)",0
2C4Y_1_S.npy,0,"(12, 7, 3)",0
5UX0_1_E.npy,0,"(18, 7, 3)",0
4KZX_1_i.npy,186,"(1797, 7, 3)",62
6WW6_1_D.npy,0,"(17, 7, 3)",0
7LYT_1_B.npy,0,"(39, 7, 3)",0
7UO5_1_B.npy,0,"(373, 7, 3)",0
4PEI_1_X.npy,0,"(3, 7, 3)",0
6OXA_1_XA.npy,0,"(1507, 7, 3)",0
5F9H_1_B.npy,0,"(23, 7, 3)",0
3J7R_1_S5.npy,0,"(74, 7, 3)",0
8V6H_1_F.npy,0,"(7, 7, 3)",0
6D9J_1_4.npy,0,"(190, 7, 3)",0
7AOR_1_2.npy,0,"(470, 7, 3)",0
4V7L_1_BA.npy,0,"(2800, 7, 3)",0
6DVK_1_H.npy,15,"(95, 7, 3)",1
3T5Q_1_D.npy,0,"(7, 7, 3)",0
4ADV_1_A.npy,0,"(1410, 7, 3)",0
8OVJ_1_2.npy,0,"(1046, 7, 3)",0
6N1D_1_A16S.npy,0,"(1517, 7, 3)",0
9E7F_1_1.npy,0,"(2784, 7, 3)",0
8R3V_1_71.npy,0,"(29, 7, 3)",0
4V6G_1_DA.npy,0,"(2886, 7, 3)",0
6YBW_1_A.npy,9,"(1196, 7, 3)",3
6A6J_1_D.npy,0,"(4, 7, 3)",0
4V92_1_A2.npy,0,"(1764, 7, 3)",0
8HMY_1_T.npy,0,"(90, 7, 3)",0
5EL4_1_3L.npy,0,"(73, 7, 3)",0
7YCX_1_c.npy,27,"(23, 7, 3)",9
5XOG_1_P.npy,0,"(11, 7, 3)",0
5EL5_1_3L.npy,0,"(75, 7, 3)",0
6E8U_1_B.npy,3,"(37, 7, 3)",1
6XAS_1_R.npy,0,"(18, 7, 3)",0
8TDY_1_A.npy,0,"(15, 7, 3)",0
7MLW_1_F.npy,0,"(125, 7, 3)",0
8HBA_1_A.npy,0,"(48, 7, 3)",0
6N7X_1_R.npy,0,"(308, 7, 3)",0
8HL3_1_A23S.npy,0,"(2996, 7, 3)",0
3IVN_1_B.npy,0,"(69, 7, 3)",0
2BJ6_1_F.npy,0,"(10, 7, 3)",0
5WWW_1_B.npy,0,"(6, 7, 3)",0
8E8M_1_R.npy,0,"(33, 7, 3)",0
8Q87_1_B7.npy,0,"(119, 7, 3)",0
8GZQ_1_S.npy,0,"(66, 7, 3)",0
6H9I_1_C.npy,0,"(24, 7, 3)",0
5WSG_1_E.npy,0,"(103, 7, 3)",0
8CX1_1_K.npy,0,"(8, 7, 3)",0
4PMW_1_D.npy,0,"(14, 7, 3)",0
5EL5_1_13.npy,0,"(1493, 7, 3)",0
5KL1_1_C.npy,0,"(12, 7, 3)",0
7UND_1_P.npy,0,"(18, 7, 3)",0
6Y7C_1_2.npy,0,"(1731, 7, 3)",0
7V2N_1_A.npy,0,"(1394, 7, 3)",0
4WZO_1_3L.npy,0,"(70, 7, 3)",0
5OPT_1_E.npy,12,"(2022, 7, 3)",4
5HC9_1_D.npy,0,"(76, 7, 3)",0
6RM3_1_L70.npy,0,"(118, 7, 3)",0
2RKJ_1_G.npy,0,"(238, 7, 3)",0
8PSX_1_V.npy,0,"(8, 7, 3)",0
5U9F_1_01.npy,0,"(2903, 7, 3)",0
8X0S_1_B.npy,0,"(11, 7, 3)",0
6C64_1_D.npy,0,"(32, 7, 3)",0
5ZX2_1_I.npy,0,"(7, 7, 3)",0
8OVJ_1_3.npy,0,"(155, 7, 3)",0
8SPO_1_C.npy,0,"(19, 7, 3)",0
5J7L_1_AA.npy,0,"(1523, 7, 3)",0
4WSM_1_3L.npy,0,"(75, 7, 3)",0
8XME_1_O.npy,0,"(10, 7, 3)",0
5W1H_1_B.npy,18,"(42, 7, 3)",1
3JCR_1_N.npy,648,"(37, 7, 3)",36
8CLM_1_C.npy,0,"(9, 7, 3)",0
6AZ1_1_4.npy,0,"(76, 7, 3)",0
4V9H_1_BA.npy,0,"(2859, 7, 3)",0
3V7E_1_D.npy,6,"(126, 7, 3)",2
8B0X_1_Z.npy,0,"(75, 7, 3)",0
9CAI_1_A7.npy,0,"(119, 7, 3)",0
6WW6_1_E.npy,0,"(17, 7, 3)",0
7TR9_1_R.npy,0,"(45, 7, 3)",0
8R3V_1_Y1.npy,0,"(33, 7, 3)",0
6GAW_1_BA.npy,0,"(1549, 7, 3)",0
7ENI_1_B.npy,15,"(69, 7, 3)",1
5AXW_1_B.npy,15,"(73, 7, 3)",1
8F0N_1_A.npy,3,"(49, 7, 3)",1
7NAD_1_2.npy,0,"(59, 7, 3)",0
5OIK_1_P.npy,0,"(20, 7, 3)",0
2C4Y_1_R.npy,0,"(16, 7, 3)",0
6UC8_1_B.npy,0,"(67, 7, 3)",0
8PV8_1_C2.npy,0,"(150, 7, 3)",0
7TTW_1_1.npy,24,"(2690, 7, 3)",8
7ZJX_1_S2.npy,0,"(1689, 7, 3)",0
7D80_1_Z.npy,0,"(66, 7, 3)",0
5GAH_1_1.npy,0,"(43, 7, 3)",0
7RQ9_1_2w.npy,0,"(63, 7, 3)",0
5IB8_1_2K.npy,0,"(72, 7, 3)",0
7F36_1_H.npy,0,"(72, 7, 3)",0
5BTM_1_B.npy,0,"(43, 7, 3)",0
8I0T_1_G.npy,3,"(72, 7, 3)",1
8A3W_1_2.npy,0,"(890, 7, 3)",0
7AS8_1_A.npy,3,"(2812, 7, 3)",1
7VPX_1_H.npy,6,"(130, 7, 3)",2
5IB8_1_1G.npy,0,"(1509, 7, 3)",0
6XKN_1_A.npy,0,"(95, 7, 3)",0
8UO6_1_B.npy,0,"(134, 7, 3)",0
5N61_1_S.npy,0,"(5, 7, 3)",0
7RZZ_1_B.npy,15,"(9, 7, 3)",1
6GX6_1_B.npy,0,"(4, 7, 3)",0
5E81_1_14.npy,0,"(2855, 7, 3)",0
4YYE_1_D.npy,3,"(74, 7, 3)",1
7WTZ_1_2.npy,3,"(1624, 7, 3)",1
6Q8V_1_A.npy,0,"(18, 7, 3)",0
8AP4_1_a.npy,0,"(2728, 7, 3)",0
7AS9_1_2.npy,0,"(75, 7, 3)",0
5FJC_1_A.npy,0,"(93, 7, 3)",0
7N2C_1_16.npy,0,"(1524, 7, 3)",0
6Y3G_1_F.npy,0,"(67, 7, 3)",0
7UCR_1_A.npy,0,"(27, 7, 3)",0
7QI4_1_AA.npy,0,"(949, 7, 3)",0
5T83_1_A.npy,15,"(90, 7, 3)",1
4U67_1_X.npy,0,"(2667, 7, 3)",0
8Y6O_1_P.npy,0,"(124, 7, 3)",0
6JE9_1_D.npy,0,"(113, 7, 3)",0
7TUV_1_B.npy,0,"(4, 7, 3)",0
4BY1_1_P.npy,0,"(10, 7, 3)",0
6RM3_1_S60.npy,0,"(1231, 7, 3)",0
7RIM_1_R.npy,0,"(9, 7, 3)",0
2VUM_1_P.npy,0,"(10, 7, 3)",0
6ZMW_1_A.npy,9,"(1691, 7, 3)",3
5EME_1_A.npy,0,"(8, 7, 3)",0
4V8J_1_AA.npy,0,"(1504, 7, 3)",0
7MK9_1_R.npy,0,"(15, 7, 3)",0
6SJ6_1_B.npy,3,"(112, 7, 3)",1
6ZMW_1_7.npy,81,"(28, 7, 3)",27
4V4F_1_A1.npy,18,"(3, 7, 3)",1
8HZK_1_B.npy,0,"(36, 7, 3)",0
8EVQ_1_EC.npy,6,"(200, 7, 3)",2
9GCH_1_T.npy,0,"(67, 7, 3)",0
5IBB_1_1K.npy,0,"(67, 7, 3)",0
4WRO_1_1L.npy,0,"(68, 7, 3)",0
8HNW_1_B.npy,0,"(107, 7, 3)",0
6IFN_1_N.npy,0,"(32, 7, 3)",0
4ATO_1_G.npy,0,"(33, 7, 3)",0
7N3O_1_B.npy,0,"(222, 7, 3)",0
7M4U_1_a.npy,0,"(1519, 7, 3)",0
6BY1_1_DA.npy,0,"(2869, 7, 3)",0
4JI8_1_A.npy,0,"(1500, 7, 3)",0
4C7O_1_E.npy,0,"(48, 7, 3)",0
8FRU_1_1.npy,24,"(2551, 7, 3)",4
5NDJ_1_1G.npy,0,"(1513, 7, 3)",0
6BSJ_1_R.npy,3,"(24, 7, 3)",1
7QVP_1_D5.npy,0,"(73, 7, 3)",0
7ZAG_1_4.npy,0,"(72, 7, 3)",0
6M0W_1_B.npy,15,"(72, 7, 3)",1
5YTT_1_B.npy,0,"(6, 7, 3)",0
7MJY_1_M.npy,12,"(5, 7, 3)",4
7UPH_1_I.npy,0,"(4405, 7, 3)",0
8CQW_1_B.npy,0,"(1741, 7, 3)",0
5FK2_1_A.npy,0,"(94, 7, 3)",0
8RXX_1_S4.npy,0,"(66, 7, 3)",0
8WIB_1_a.npy,0,"(1515, 7, 3)",0
7VBC_1_R.npy,0,"(6, 7, 3)",0
7XUI_1_R.npy,0,"(101, 7, 3)",0
6AH3_1_A.npy,0,"(369, 7, 3)",0
6QZP_1_S2.npy,54,"(1707, 7, 3)",18
7B5K_1_9.npy,0,"(76, 7, 3)",0
7B5K_1_x.npy,0,"(77, 7, 3)",0
3J8G_1_B.npy,3,"(2874, 7, 3)",1
7AOZ_1_P.npy,0,"(5, 7, 3)",0
6OF6_1_QW.npy,0,"(76, 7, 3)",0
8U5J_1_A.npy,3,"(36, 7, 3)",1
6WBR_1_B.npy,0,"(90, 7, 3)",0
3WQY_1_C.npy,0,"(75, 7, 3)",0
5T5H_1_D.npy,0,"(114, 7, 3)",0
4WRA_1_13.npy,0,"(1505, 7, 3)",0
6U8D_1_A.npy,0,"(68, 7, 3)",0
1QU3_1_T.npy,0,"(75, 7, 3)",0
6ZJ3_1_LI.npy,0,"(522, 7, 3)",0
8Q87_1_V.npy,0,"(76, 7, 3)",0
4XEJ_1_BIRE.npy,3,"(32, 7, 3)",1
8ANE_1_R.npy,0,"(66, 7, 3)",0
6XLL_1_R.npy,0,"(4, 7, 3)",0
8QO9_1_2.npy,0,"(98, 7, 3)",0
4WSM_1_2L.npy,0,"(74, 7, 3)",0
7AAV_1_6.npy,0,"(73, 7, 3)",0
8CF5_1_c.npy,0,"(1580, 7, 3)",0
6GSL_1_13.npy,0,"(1512, 7, 3)",0
7AOR_1_A.npy,0,"(143, 7, 3)",0
7ZS5_1_2.npy,0,"(76, 7, 3)",0
5NDV_1_6.npy,3,"(1683, 7, 3)",1
4KZY_1_i.npy,267,"(1840, 7, 3)",89
8OVA_1_AB.npy,0,"(19, 7, 3)",0
4JYA_1_Y.npy,0,"(10, 7, 3)",0
4WZO_1_2L.npy,0,"(73, 7, 3)",0
9CG6_1_X.npy,0,"(9, 7, 3)",0
6PPF_1_A.npy,0,"(2471, 7, 3)",0
7YCI_1_N.npy,0,"(389, 7, 3)",0
7ASP_1_X.npy,6,"(1447, 7, 3)",2
8TVS_1_R.npy,0,"(12, 7, 3)",0
5I9G_1_A.npy,15,"(12, 7, 3)",1
3J5L_1_B.npy,0,"(117, 7, 3)",0
8H1C_1_D.npy,0,"(70, 7, 3)",0
5W1I_1_B.npy,36,"(41, 7, 3)",3
7ASP_1_Y.npy,6,"(2723, 7, 3)",2
1SJ4_1_R.npy,0,"(73, 7, 3)",0
5W5Y_1_R.npy,0,"(6, 7, 3)",0
4JV5_1_X.npy,0,"(4, 7, 3)",0
8XMD_1_O.npy,0,"(11, 7, 3)",0
8EWC_1_EC.npy,0,"(192, 7, 3)",0
7XWZ_1_F.npy,0,"(7, 7, 3)",0
5HKV_1_X.npy,15,"(2695, 7, 3)",5
8GLP_1_S2.npy,0,"(1587, 7, 3)",0
8R3V_1_A2.npy,0,"(1527, 7, 3)",0
2ZM5_1_D.npy,0,"(69, 7, 3)",0
7MQ9_1_L2.npy,0,"(215, 7, 3)",0
7YGD_1_N.npy,0,"(384, 7, 3)",0
5X8T_1_W.npy,0,"(102, 7, 3)",0
8Y0W_1_L5.npy,0,"(3666, 7, 3)",0
6OXA_1_YA.npy,0,"(2875, 7, 3)",0
8G61_1_S2.npy,0,"(1597, 7, 3)",0
8P6P_1_Y.npy,0,"(21, 7, 3)",0
8G60_1_S2.npy,0,"(1569, 7, 3)",0
4V7L_1_CA.npy,0,"(1495, 7, 3)",0
8A5I_1_B.npy,0,"(114, 7, 3)",0
6AZ1_1_1.npy,6,"(1724, 7, 3)",2
6GSL_1_3L.npy,0,"(74, 7, 3)",0
9DR1_1_R.npy,0,"(21, 7, 3)",0
8FNC_1_m.npy,0,"(17, 7, 3)",0
7Y7Q_1_E.npy,0,"(6, 7, 3)",0
4WRA_1_3L.npy,0,"(83, 7, 3)",0
6E7L_1_A.npy,0,"(22, 7, 3)",0
7K5I_1_2.npy,0,"(1665, 7, 3)",0
3V6Y_1_B.npy,15,"(11, 7, 3)",1
7V2O_1_A.npy,0,"(1487, 7, 3)",0
5VPO_1_XV.npy,0,"(17, 7, 3)",0
8QH3_1_C.npy,0,"(11, 7, 3)",0
5T5H_1_E.npy,0,"(146, 7, 3)",0
8A3W_1_7.npy,0,"(157, 7, 3)",0
7MDL_1_E.npy,0,"(84, 7, 3)",0
7AS8_1_2.npy,0,"(73, 7, 3)",0
8CSQ_1_A.npy,0,"(802, 7, 3)",0
7OEB_1_E.npy,0,"(6, 7, 3)",0
4V5N_1_BA.npy,0,"(2901, 7, 3)",0
6XKO_1_A.npy,0,"(94, 7, 3)",0
7BGE_1_a.npy,0,"(465, 7, 3)",0
3TUP_1_T.npy,0,"(74, 7, 3)",0
4V5K_1_CX.npy,0,"(8, 7, 3)",0
8Y6O_1_B.npy,0,"(109, 7, 3)",0
7OPC_1_P.npy,0,"(21, 7, 3)",0
7LS2_1_m2.npy,0,"(1708, 7, 3)",0
6WU9_1_A.npy,0,"(2739, 7, 3)",0
8PM4_1_B.npy,0,"(52, 7, 3)",0
8J62_1_Y.npy,3,"(19, 7, 3)",1
8PEG_1_X.npy,0,"(72, 7, 3)",0
6XU8_1_B2.npy,423,"(1936, 7, 3)",141
8H8E_1_G.npy,0,"(75, 7, 3)",0
5IBB_1_1H.npy,0,"(2841, 7, 3)",0
6V5C_1_D.npy,0,"(66, 7, 3)",0
6B14_1_R.npy,0,"(83, 7, 3)",0
6W77_1_A.npy,0,"(1519, 7, 3)",0
3CCQ_1_0.npy,24,"(2749, 7, 3)",8
6QNR_1_1H.npy,0,"(2879, 7, 3)",0
3J6B_1_e.npy,0,"(20, 7, 3)",0
6BK8_1_5.npy,0,"(103, 7, 3)",0
5XYU_1_A.npy,0,"(1379, 7, 3)",0
8IBW_1_D.npy,0,"(39, 7, 3)",0
8SXT_1_C.npy,0,"(11, 7, 3)",0
7OF5_1_A.npy,0,"(1386, 7, 3)",0
3JBV_1_a.npy,0,"(117, 7, 3)",0
5ONH_1_E.npy,15,"(83, 7, 3)",1
8SYI_1_R.npy,0,"(17, 7, 3)",0
4WQ1_1_13.npy,0,"(1498, 7, 3)",0
5CCX_1_N.npy,0,"(76, 7, 3)",0
8GKH_1_W.npy,0,"(76, 7, 3)",0
5LZE_1_A.npy,0,"(2876, 7, 3)",0
4ZER_1_2A.npy,3,"(2858, 7, 3)",1
6ND6_1_1y.npy,0,"(68, 7, 3)",0
7TRA_1_R.npy,0,"(44, 7, 3)",0
6OTR_1_YA.npy,0,"(2878, 7, 3)",0
8D2N_1_B.npy,0,"(92, 7, 3)",0
8YB6_1_C.npy,0,"(61, 7, 3)",0
8PFQ_1_B.npy,0,"(11, 7, 3)",0
7A5J_1_A.npy,0,"(1492, 7, 3)",0
5X2H_1_B.npy,0,"(93, 7, 3)",0
4A3L_1_P.npy,0,"(7, 7, 3)",0
8PPK_1_2.npy,0,"(1685, 7, 3)",0
5DE8_1_C.npy,0,"(35, 7, 3)",0
8X5V_1_B.npy,0,"(106, 7, 3)",0
6OL3_1_C.npy,6,"(111, 7, 3)",2
6BZ7_1_XA.npy,0,"(1500, 7, 3)",0
2JLT_1_A.npy,0,"(17, 7, 3)",0
6T3N_1_A.npy,21,"(394, 7, 3)",2
4FAQ_1_A.npy,24,"(396, 7, 3)",3
5T5H_1_G.npy,0,"(120, 7, 3)",0
4UJE_1_B1.npy,0,"(1742, 7, 3)",0
8R3V_1_X2.npy,0,"(67, 7, 3)",0
6ICZ_1_B.npy,0,"(97, 7, 3)",0
8ZDY_1_L.npy,0,"(58, 7, 3)",0
4TVX_1_X.npy,15,"(59, 7, 3)",1
6ZJ3_1_LJ.npy,0,"(154, 7, 3)",0
8QCF_1_N.npy,60,"(34, 7, 3)",20
8Z8N_1_D.npy,0,"(11, 7, 3)",0
6WYB_1_B.npy,0,"(11, 7, 3)",0
7AAV_1_5.npy,0,"(69, 7, 3)",0
5T2C_1_AA.npy,378,"(1757, 7, 3)",49
8G9S_1_O.npy,0,"(42, 7, 3)",0
5VSU_1_I.npy,0,"(72, 7, 3)",0
5HJZ_1_C.npy,0,"(4, 7, 3)",0
6IV6_1_G.npy,0,"(26, 7, 3)",0
8OVE_1_BG.npy,0,"(183, 7, 3)",0
1AQ3_1_S.npy,0,"(12, 7, 3)",0
4AOB_1_A.npy,0,"(94, 7, 3)",0
6ZDP_1_B.npy,0,"(67, 7, 3)",0
7MQ9_1_L0.npy,0,"(242, 7, 3)",0
6ZQE_1_D3.npy,0,"(1447, 7, 3)",0
6E8T_1_A.npy,0,"(36, 7, 3)",0
6B3K_1_R.npy,0,"(83, 7, 3)",0
6ZQD_1_D3.npy,0,"(1409, 7, 3)",0
6G18_1_2.npy,3,"(1658, 7, 3)",1
4V4X_1_AD.npy,0,"(76, 7, 3)",0
8OVA_1_AA.npy,0,"(1885, 7, 3)",0
8K0S_1_C.npy,0,"(543, 7, 3)",0
7ASA_1_2.npy,0,"(34, 7, 3)",0
7ECJ_1_C.npy,0,"(11, 7, 3)",0
3NDB_1_M.npy,0,"(136, 7, 3)",0
6I7O_1_YQ.npy,0,"(3127, 7, 3)",0
3J5L_1_A.npy,0,"(2853, 7, 3)",0
7NHK_1_a.npy,0,"(1517, 7, 3)",0
7MKA_1_r.npy,0,"(16, 7, 3)",0
5ZQ1_1_B.npy,0,"(7, 7, 3)",0
8PJ6_1_w.npy,0,"(73, 7, 3)",0
5YKI_1_C.npy,0,"(9, 7, 3)",0
8CX1_1_L.npy,0,"(8, 7, 3)",0
8FUK_1_1.npy,0,"(60, 7, 3)",0
8FOM_1_QV.npy,0,"(66, 7, 3)",0
6ALF_1_R.npy,0,"(12, 7, 3)",0
8ETG_1_6.npy,0,"(62, 7, 3)",0
5LYV_1_B.npy,0,"(56, 7, 3)",0
5F5F_1_H.npy,0,"(20, 7, 3)",0
8HKU_1_A23S.npy,0,"(2995, 7, 3)",0
7LJ3_1_C.npy,0,"(75, 7, 3)",0
7JRT_1_A.npy,0,"(134, 7, 3)",0
4ERJ_1_A.npy,0,"(161, 7, 3)",0
7JIL_1_2.npy,0,"(1475, 7, 3)",0
8PJ6_1_A.npy,9,"(1690, 7, 3)",3
8OKD_1_C.npy,0,"(70, 7, 3)",0
7OGM_1_P.npy,3,"(49, 7, 3)",1
6OSI_1_QA.npy,0,"(1511, 7, 3)",0
4BWM_1_G.npy,0,"(14, 7, 3)",0
6SY4_1_C.npy,18,"(37, 7, 3)",2
7OID_1_z.npy,3,"(73, 7, 3)",1
8R3V_1_A1.npy,0,"(1532, 7, 3)",0
1K01_1_A.npy,0,"(2774, 7, 3)",0
7U0Y_1_R.npy,0,"(66, 7, 3)",0
6S13_1_a.npy,0,"(1539, 7, 3)",0
7MQ8_1_L1.npy,0,"(1301, 7, 3)",0
7Z4G_1_A.npy,0,"(91, 7, 3)",0
5W4K_1_2y.npy,0,"(67, 7, 3)",0
8OVE_1_BF.npy,0,"(69, 7, 3)",0
4FRG_1_B.npy,0,"(84, 7, 3)",0
8Z8N_1_E.npy,0,"(4, 7, 3)",0
5LZY_1_hh.npy,0,"(8, 7, 3)",0
7CPV_1_S2.npy,0,"(1637, 7, 3)",0
4Z31_1_F.npy,0,"(15, 7, 3)",0
8K28_1_P.npy,0,"(59, 7, 3)",0
6Y0T_1_B.npy,0,"(27, 7, 3)",0
2CKY_1_A.npy,0,"(77, 7, 3)",0
5BZ1_1_B.npy,0,"(10, 7, 3)",0
8KAB_1_A.npy,0,"(3111, 7, 3)",0
6BUW_1_QA.npy,0,"(1500, 7, 3)",0
8A3W_1_4.npy,0,"(157, 7, 3)",0
6H0R_1_B.npy,3,"(31, 7, 3)",1
6RH3_1_R.npy,0,"(9, 7, 3)",0
6BZ7_1_XW.npy,0,"(76, 7, 3)",0
8PV8_1_C4.npy,0,"(115, 7, 3)",0
7B5K_1_z.npy,0,"(76, 7, 3)",0
8QOA_1_A.npy,0,"(1510, 7, 3)",0
7XTI_1_P.npy,0,"(19, 7, 3)",0
8CA7_1_A.npy,0,"(498, 7, 3)",0
8DWJ_1_P.npy,0,"(4, 7, 3)",0
6SQN_1_Z.npy,15,"(16, 7, 3)",1
5IT9_1_i.npy,21,"(192, 7, 3)",7
3ZJU_1_B.npy,0,"(79, 7, 3)",0
8P03_1_2.npy,0,"(1742, 7, 3)",0
8HZJ_1_A.npy,0,"(35, 7, 3)",0
4X4Q_1_D.npy,0,"(30, 7, 3)",0
4YB1_1_R.npy,0,"(91, 7, 3)",0
4WQ1_1_3L.npy,0,"(68, 7, 3)",0
8FRU_1_3.npy,0,"(117, 7, 3)",0
8TJU_1_A.npy,0,"(409, 7, 3)",0
8UB8_1_I.npy,0,"(116, 7, 3)",0
3G96_1_P.npy,15,"(140, 7, 3)",5
6E81_1_A.npy,0,"(36, 7, 3)",0
5NDJ_1_13.npy,0,"(1508, 7, 3)",0
4FRN_1_A.npy,0,"(102, 7, 3)",0
7LMA_1_B.npy,0,"(156, 7, 3)",0
5K78_1_y.npy,15,"(5, 7, 3)",1
3JBV_1_W.npy,0,"(75, 7, 3)",0
5BTP_1_B.npy,0,"(62, 7, 3)",0
9ASQ_1_E.npy,0,"(100, 7, 3)",0
6UFM_1_B.npy,0,"(98, 7, 3)",0
9FQ0_1_1.npy,0,"(298, 7, 3)",0
7NKY_1_P.npy,0,"(16, 7, 3)",0
4V9D_1_DA.npy,0,"(2896, 7, 3)",0
8BUU_1_A.npy,3,"(2850, 7, 3)",1
7O80_1_AT.npy,0,"(84, 7, 3)",0
8BR8_1_Lu.npy,0,"(57, 7, 3)",0
6DU4_1_B.npy,0,"(29, 7, 3)",0
7O81_1_AT.npy,0,"(73, 7, 3)",0
4C8Z_1_C.npy,3,"(14, 7, 3)",1
8HL5_1_A23S.npy,0,"(2991, 7, 3)",0
3ADD_1_D.npy,0,"(88, 7, 3)",0
5T7V_1_B.npy,12,"(2768, 7, 3)",4
6DTD_1_C.npy,0,"(37, 7, 3)",0
9GUS_1_X.npy,0,"(18, 7, 3)",0
6YS3_1_b.npy,0,"(2888, 7, 3)",0
8APN_1_B4.npy,0,"(337, 7, 3)",0
3GTM_1_M.npy,15,"(12, 7, 3)",1
8P4B_1_P.npy,0,"(22, 7, 3)",0
8JH3_1_P.npy,0,"(13, 7, 3)",0
4WKR_1_C.npy,15,"(5, 7, 3)",1
4V83_1_DA.npy,0,"(2760, 7, 3)",0
8D49_1_B.npy,0,"(26, 7, 3)",0
8J9G_1_E.npy,0,"(12, 7, 3)",0
8R3Z_1_B.npy,0,"(6, 7, 3)",0
4W5N_1_B.npy,18,"(18, 7, 3)",1
5IB8_1_1L.npy,0,"(64, 7, 3)",0
8E3I_1_E.npy,15,"(7, 7, 3)",1
5LL6_1_2.npy,0,"(1325, 7, 3)",0
6N5N_1_A.npy,0,"(124, 7, 3)",0
7PYK_1_R.npy,0,"(10, 7, 3)",0
4WF9_1_X.npy,6,"(2712, 7, 3)",2
7U0H_1_6.npy,0,"(59, 7, 3)",0
8QSJ_1_A.npy,0,"(1418, 7, 3)",0
4QU7_1_V.npy,0,"(4, 7, 3)",0
8KAG_1_A.npy,0,"(98, 7, 3)",0
8HKX_1_A16S.npy,0,"(1491, 7, 3)",0
5OOL_1_A.npy,0,"(1441, 7, 3)",0
7XFZ_1_E.npy,0,"(42, 7, 3)",0
2Z75_1_B.npy,15,"(123, 7, 3)",2
6UFH_1_B.npy,0,"(76, 7, 3)",0
8PSU_1_V.npy,0,"(14, 7, 3)",0
7UCK_1_2.npy,0,"(71, 7, 3)",0
7AZS_1_16SB.npy,0,"(1495, 7, 3)",0
4XW7_1_A.npy,0,"(64, 7, 3)",0
8E74_1_R.npy,0,"(32, 7, 3)",0
9G8P_1_X.npy,12,"(44, 7, 3)",4
1MJI_1_D.npy,0,"(34, 7, 3)",0
8G5P_1_R.npy,0,"(17, 7, 3)",0
7OSA_1_18S.npy,18,"(1717, 7, 3)",1
8FEQ_1_AAA.npy,0,"(14, 7, 3)",0
8OEQ_1_1.npy,0,"(3217, 7, 3)",0
8VM8_1_R.npy,0,"(93, 7, 3)",0
7NQ4_1_C.npy,3,"(20, 7, 3)",1
7A5K_1_A3.npy,0,"(1503, 7, 3)",0
7QP6_1_7.npy,57,"(20, 7, 3)",19
8C99_1_A.npy,18,"(945, 7, 3)",1
8H2H_1_B.npy,0,"(12, 7, 3)",0
4B5R_1_A.npy,0,"(94, 7, 3)",0
5TF6_1_D.npy,0,"(52, 7, 3)",0
6VRD_1_B.npy,0,"(20, 7, 3)",0
6CC1_1_B.npy,18,"(100, 7, 3)",1
8PDS_1_E.npy,0,"(14, 7, 3)",0
9BCT_1_7.npy,0,"(29, 7, 3)",0
7OID_1_A.npy,0,"(1472, 7, 3)",0
7YG8_1_N.npy,0,"(387, 7, 3)",0
5JBG_1_X.npy,0,"(22, 7, 3)",0
6OVR_1_I.npy,0,"(7, 7, 3)",0
7UVW_1_A.npy,0,"(2707, 7, 3)",0
8VAJ_1_F.npy,0,"(11, 7, 3)",0
5GAM_1_W.npy,0,"(25, 7, 3)",0
6GSL_1_1K.npy,0,"(65, 7, 3)",0
1H4Q_1_T.npy,0,"(65, 7, 3)",0
5WT1_1_F.npy,0,"(68, 7, 3)",0
7P3K_1_A.npy,0,"(1509, 7, 3)",0
8P6P_1_7.npy,0,"(30, 7, 3)",0
4FSJ_1_R.npy,0,"(14, 7, 3)",0
6WOX_1_I.npy,0,"(3, 7, 3)",0
8AGW_1_x.npy,0,"(74, 7, 3)",0
3R2C_1_R.npy,15,"(9, 7, 3)",1
4NYG_1_A.npy,63,"(78, 7, 3)",11
8EYU_1_B.npy,12,"(45, 7, 3)",2
8WAX_1_Z.npy,0,"(12, 7, 3)",0
8OGJ_1_4.npy,0,"(158, 7, 3)",0
1E8S_1_C.npy,1530,"(86, 7, 3)",85
6GFW_1_R.npy,0,"(4, 7, 3)",0
8SFP_1_B.npy,0,"(39, 7, 3)",0
6FUW_1_D.npy,0,"(8, 7, 3)",0
5VM9_1_B.npy,15,"(13, 7, 3)",1
8P1N_1_B.npy,0,"(5, 7, 3)",0
4JI4_1_A.npy,0,"(1498, 7, 3)",0
6S0Z_1_B.npy,0,"(114, 7, 3)",0
7N2V_1_Pt.npy,0,"(71, 7, 3)",0
2IX1_1_B.npy,0,"(13, 7, 3)",0
6CAR_1_A.npy,0,"(1497, 7, 3)",0
7TO2_1_B.npy,0,"(30, 7, 3)",0
5ZSC_1_D.npy,15,"(4, 7, 3)",1
7AE3_1_R.npy,0,"(6, 7, 3)",0
8APN_1_C1.npy,0,"(73, 7, 3)",0
7QVP_1_S2.npy,0,"(1714, 7, 3)",0
8HIM_1_P.npy,0,"(11, 7, 3)",0
4V6I_1_DC.npy,0,"(118, 7, 3)",0
5E81_1_1H.npy,0,"(2885, 7, 3)",0
6Q97_1_4.npy,0,"(334, 7, 3)",0
5T7V_1_C.npy,0,"(114, 7, 3)",0
8DFV_1_E.npy,0,"(60, 7, 3)",0
8RZA_1_B.npy,15,"(3, 7, 3)",1
2VPL_1_B.npy,0,"(48, 7, 3)",0
8P7Y_1_4.npy,0,"(108, 7, 3)",0
4TUW_1_C.npy,3,"(28, 7, 3)",1
7A9X_1_B.npy,0,"(13, 7, 3)",0
2BS1_1_R.npy,0,"(12, 7, 3)",0
8HHL_1_B.npy,0,"(49, 7, 3)",0
5O1Y_1_B.npy,0,"(4, 7, 3)",0
5YTX_1_B.npy,0,"(4, 7, 3)",0
6ZXF_1_2.npy,0,"(1656, 7, 3)",0
8RDW_1_Z2.npy,0,"(2729, 7, 3)",0
7V93_1_B.npy,0,"(72, 7, 3)",0
6QNR_1_13.npy,0,"(1504, 7, 3)",0
8B2L_1_h1.npy,0,"(1545, 7, 3)",0
4DV1_1_A.npy,0,"(1498, 7, 3)",0
8J72_1_C.npy,0,"(9, 7, 3)",0
8ANA_1_a.npy,0,"(2714, 7, 3)",0
4V48_1_BA.npy,26748,"(1487, 7, 3)",1486
2DER_1_D.npy,0,"(71, 7, 3)",0
7PWF_1_2.npy,0,"(1340, 7, 3)",0
7PO4_1_A.npy,0,"(1145, 7, 3)",0
5ZSB_1_C.npy,15,"(5, 7, 3)",1
6ZM6_1_w.npy,0,"(68, 7, 3)",0
6QNR_1_1G.npy,0,"(1501, 7, 3)",0
7UO1_1_C.npy,0,"(82, 7, 3)",0
8WND_1_R.npy,6,"(70, 7, 3)",2
7VTI_1_B.npy,0,"(40, 7, 3)",0
5ZWN_1_P.npy,9,"(480, 7, 3)",3
8UB8_1_G.npy,0,"(14, 7, 3)",0
8YOO_1_S2.npy,51,"(1719, 7, 3)",17
3Q3Z_1_A.npy,0,"(74, 7, 3)",0
5T7V_1_A.npy,9,"(1419, 7, 3)",3
8XSY_1_CC.npy,0,"(69, 7, 3)",0
5C5W_1_A.npy,0,"(19, 7, 3)",0
1C0A_1_B.npy,0,"(68, 7, 3)",0
8PTJ_1_D.npy,0,"(6, 7, 3)",0
4YCP_1_B.npy,33,"(62, 7, 3)",3
6YS3_1_v.npy,0,"(75, 7, 3)",0
3CPW_1_0.npy,24,"(2754, 7, 3)",8
7AQC_1_A.npy,0,"(2820, 7, 3)",0
8P7X_1_3.npy,0,"(2890, 7, 3)",0
7OG4_1_XA.npy,0,"(1498, 7, 3)",0
8H7Q_1_D.npy,0,"(36, 7, 3)",0
4E8R_1_A.npy,24,"(393, 7, 3)",3
4KR2_1_C.npy,0,"(68, 7, 3)",0
8G1I_1_B.npy,0,"(98, 7, 3)",0
5ZWO_1_B.npy,12,"(175, 7, 3)",4
6OGF_1_5.npy,0,"(73, 7, 3)",0
1QZB_1_B.npy,1332,"(75, 7, 3)",74
5JB3_1_2.npy,0,"(1495, 7, 3)",0
5NXT_1_U.npy,0,"(18, 7, 3)",0
8CST_1_A.npy,0,"(886, 7, 3)",0
7WL0_1_B.npy,0,"(7, 7, 3)",0
5T5H_1_H.npy,0,"(91, 7, 3)",0
8OEQ_1_CM.npy,0,"(1726, 7, 3)",0
7BPG_1_A.npy,0,"(7, 7, 3)",0
6XIQ_1_3.npy,0,"(121, 7, 3)",0
8HKV_1_A23S.npy,0,"(2989, 7, 3)",0
7MLJ_1_I.npy,0,"(4, 7, 3)",0
6ID1_1_B.npy,0,"(98, 7, 3)",0
7Q4K_1_D3.npy,0,"(68, 7, 3)",0
8P6P_1_5.npy,0,"(1502, 7, 3)",0
6UZ7_1_3.npy,0,"(76, 7, 3)",0
7A0R_1_X.npy,0,"(2730, 7, 3)",0
6GC7_1_A.npy,0,"(1901, 7, 3)",0
6CIH_1_A.npy,3,"(616, 7, 3)",1
7WWU_1_M.npy,18,"(50, 7, 3)",2
4WSM_1_1L.npy,0,"(83, 7, 3)",0
3NVI_1_F.npy,0,"(24, 7, 3)",0
5FKG_1_A.npy,0,"(94, 7, 3)",0
8VM9_1_C.npy,0,"(85, 7, 3)",0
1E7K_1_C.npy,0,"(17, 7, 3)",0
5WWF_1_B.npy,3,"(10, 7, 3)",1
4V92_1_AZ.npy,0,"(190, 7, 3)",0
6UFH_1_A.npy,0,"(165, 7, 3)",0
8G5Z_1_S2.npy,0,"(1616, 7, 3)",0
6AR3_1_C.npy,0,"(14, 7, 3)",0
8OVA_1_BB.npy,0,"(1071, 7, 3)",0
8EIU_1_Z.npy,0,"(74, 7, 3)",0
7TRE_1_B.npy,0,"(217, 7, 3)",0
5NDG_1_2.npy,0,"(1688, 7, 3)",0
7NAT_1_A.npy,0,"(1422, 7, 3)",0
8S95_1_C.npy,0,"(146, 7, 3)",0
8I0P_1_G.npy,0,"(63, 7, 3)",0
6EML_1_2.npy,0,"(1675, 7, 3)",0
6NU3_1_AA.npy,0,"(923, 7, 3)",0
7OX8_1_A.npy,15,"(84, 7, 3)",1
7EEM_1_A.npy,0,"(26, 7, 3)",0
8R09_1_4.npy,3,"(128, 7, 3)",1
8R09_1_5.npy,0,"(112, 7, 3)",0
7AIH_1_1.npy,0,"(1087, 7, 3)",0
5IB7_1_1G.npy,0,"(1508, 7, 3)",0
9GR1_1_A.npy,0,"(1502, 7, 3)",0
6CC1_1_A.npy,18,"(94, 7, 3)",1
3J3W_1_A.npy,9,"(2685, 7, 3)",3
8E28_1_C.npy,0,"(15, 7, 3)",0
8Q87_1_A2.npy,0,"(1657, 7, 3)",0
7D0G_1_A.npy,0,"(714, 7, 3)",0
3G9C_1_S.npy,0,"(139, 7, 3)",0
8JIW_1_Ad.npy,0,"(1525, 7, 3)",0
7QIX_1_2.npy,0,"(1060, 7, 3)",0
5T7B_1_R.npy,0,"(10, 7, 3)",0
7NT5_1_N.npy,0,"(78, 7, 3)",0
8QU1_1_A.npy,0,"(938, 7, 3)",0
4P9R_1_A.npy,0,"(189, 7, 3)",0
6CYT_1_N.npy,0,"(17, 7, 3)",0
6GSL_1_1H.npy,0,"(2895, 7, 3)",0
6UU4_1_333.npy,0,"(3, 7, 3)",0
6ZMO_1_CB.npy,0,"(87, 7, 3)",0
8WUU_1_B.npy,0,"(111, 7, 3)",0
7Q4K_1_D2.npy,0,"(64, 7, 3)",0
6MPF_1_A.npy,0,"(1508, 7, 3)",0
8WCS_1_G.npy,0,"(66, 7, 3)",0
8OGJ_1_A.npy,0,"(1674, 7, 3)",0
4UN4_1_A.npy,0,"(82, 7, 3)",0
6LVR_1_B.npy,0,"(58, 7, 3)",0
6XZ7_1_g.npy,0,"(61, 7, 3)",0
8OM2_1_r.npy,0,"(1486, 7, 3)",0
7NSJ_1_AY.npy,0,"(71, 7, 3)",0
3WC2_1_Q.npy,0,"(73, 7, 3)",0
8C90_1_A.npy,0,"(2100, 7, 3)",0
2Y95_1_A.npy,0,"(14, 7, 3)",0
4WFL_1_A.npy,0,"(105, 7, 3)",0
4Y1N_1_A.npy,0,"(249, 7, 3)",0
6WDI_1_7.npy,0,"(73, 7, 3)",0
8QUE_1_H.npy,0,"(6, 7, 3)",0
7ODS_1_A.npy,0,"(1414, 7, 3)",0
8BHF_1_21.npy,0,"(76, 7, 3)",0
6NQB_1_A.npy,0,"(1341, 7, 3)",0
8OH6_1_1.npy,0,"(3219, 7, 3)",0
7O0G_1_E.npy,0,"(17, 7, 3)",0
7PWG_1_w.npy,0,"(14, 7, 3)",0
5WTI_1_B.npy,0,"(115, 7, 3)",0
6HRM_1_1.npy,3,"(4417, 7, 3)",1
8FFY_1_C.npy,0,"(61, 7, 3)",0
1I95_1_A.npy,0,"(1514, 7, 3)",0
7CXN_1_L.npy,0,"(6, 7, 3)",0
8OLV_1_A.npy,12,"(394, 7, 3)",4
8R8R_1_E.npy,0,"(6, 7, 3)",0
8VMA_1_R.npy,0,"(88, 7, 3)",0
6EM5_1_1.npy,7314,"(2438, 7, 3)",2437
8UBD_1_I.npy,0,"(123, 7, 3)",0
6Q97_1_7.npy,0,"(77, 7, 3)",0
5VJB_1_C.npy,0,"(15, 7, 3)",0
8CBM_1_T.npy,0,"(66, 7, 3)",0
6YRB_1_D.npy,15,"(5, 7, 3)",1
6D8N_1_B.npy,0,"(159, 7, 3)",0
8DMB_1_W.npy,0,"(237, 7, 3)",0
7DVQ_1_B.npy,0,"(90, 7, 3)",0
4D25_1_D.npy,0,"(6, 7, 3)",0
8QPE_1_4.npy,0,"(63, 7, 3)",0
8U60_1_A.npy,3,"(36, 7, 3)",1
7JYY_1_F.npy,15,"(4, 7, 3)",1
4NXN_1_A.npy,0,"(1499, 7, 3)",0
6ZM6_1_A.npy,0,"(1531, 7, 3)",0
8WA0_1_S.npy,0,"(9, 7, 3)",0
5IBB_1_14.npy,0,"(2810, 7, 3)",0
8GAP_1_B.npy,0,"(159, 7, 3)",0
6QNR_1_14.npy,0,"(2865, 7, 3)",0
8UBE_1_H.npy,0,"(17, 7, 3)",0
8UI0_1_P.npy,0,"(16, 7, 3)",0
8RO1_1_5.npy,0,"(111, 7, 3)",0
4V4S_1_BA.npy,3,"(2814, 7, 3)",1
8CI5_1_C.npy,0,"(11, 7, 3)",0
8IBZ_1_E.npy,0,"(180, 7, 3)",0
4KR3_1_C.npy,0,"(69, 7, 3)",0
9BW0_1_R.npy,0,"(9, 7, 3)",0
6BLO_1_R.npy,0,"(8, 7, 3)",0
2Q1R_1_A.npy,0,"(12, 7, 3)",0
5NZ6_1_A.npy,0,"(39, 7, 3)",0
7UU4_1_R.npy,0,"(6, 7, 3)",0
8PJB_1_C.npy,0,"(9, 7, 3)",0
6U6Y_1_G.npy,3,"(3, 7, 3)",1
7RR5_1_A.npy,0,"(76, 7, 3)",0
3FOZ_1_C.npy,0,"(74, 7, 3)",0
5WQE_1_B.npy,15,"(60, 7, 3)",1
7XD5_1_N.npy,0,"(400, 7, 3)",0
7F36_1_E.npy,0,"(73, 7, 3)",0
5GAE_1_A.npy,0,"(2884, 7, 3)",0
4V95_1_DA.npy,3,"(2722, 7, 3)",1
4X4T_1_B.npy,0,"(31, 7, 3)",0
4XBF_1_D.npy,15,"(5, 7, 3)",1
8C3A_1_AS.npy,0,"(3229, 7, 3)",0
8G5M_1_R.npy,0,"(22, 7, 3)",0
7QWQ_1_1.npy,0,"(167, 7, 3)",0
6GSL_1_1L.npy,0,"(67, 7, 3)",0
8PNF_1_A.npy,0,"(14, 7, 3)",0
7QR1_1_A.npy,15,"(83, 7, 3)",1
4V7M_1_AA.npy,0,"(1495, 7, 3)",0
9G8M_1_X.npy,12,"(194, 7, 3)",4
6TPQ_1_V.npy,0,"(123, 7, 3)",0
8DVS_1_B.npy,0,"(26, 7, 3)",0
8QO9_1_Z.npy,3,"(46, 7, 3)",1
7NAU_1_A.npy,0,"(1514, 7, 3)",0
6R7G_1_R.npy,0,"(69, 7, 3)",0
3R1D_1_E.npy,0,"(10, 7, 3)",0
5LM7_1_G.npy,0,"(27, 7, 3)",0
8EY8_1_B.npy,0,"(4, 7, 3)",0
8HUJ_1_C.npy,0,"(99, 7, 3)",0
8CSU_1_A.npy,0,"(881, 7, 3)",0
8DFO_1_L.npy,0,"(45, 7, 3)",0
3E2E_1_R.npy,0,"(7, 7, 3)",0
2IZN_1_R.npy,0,"(15, 7, 3)",0
7KI3_1_C.npy,0,"(29, 7, 3)",0
6GC6_1_A.npy,0,"(2092, 7, 3)",0
8RFJ_1_H.npy,0,"(57, 7, 3)",0
8WUT_1_B.npy,0,"(112, 7, 3)",0
7KD1_1_A.npy,0,"(89, 7, 3)",0
7NRD_1_S2.npy,0,"(1783, 7, 3)",0
7P6Z_1_3.npy,0,"(2879, 7, 3)",0
5IB7_1_14.npy,0,"(2826, 7, 3)",0
7SA4_1_2.npy,6,"(1522, 7, 3)",2
2IZN_1_S.npy,0,"(11, 7, 3)",0
6R6G_1_2.npy,0,"(75, 7, 3)",0
4V5A_1_BA.npy,0,"(2767, 7, 3)",0
8EYT_1_A.npy,0,"(1415, 7, 3)",0
4WZO_1_1H.npy,0,"(2902, 7, 3)",0
8B0X_1_A.npy,0,"(1489, 7, 3)",0
7D0F_1_A.npy,0,"(738, 7, 3)",0
1FKA_1_A.npy,912,"(1479, 7, 3)",304
3J3V_1_A.npy,3,"(2884, 7, 3)",1
4V9H_1_AA.npy,0,"(1514, 7, 3)",0
4YZV_1_XA.npy,0,"(1508, 7, 3)",0
8HTZ_1_X.npy,0,"(69, 7, 3)",0
2XO1_1_A.npy,15,"(65, 7, 3)",1
8F4O_1_B.npy,0,"(65, 7, 3)",0
8AS6_1_P.npy,0,"(14, 7, 3)",0
5XYM_1_A.npy,0,"(2665, 7, 3)",0
6T2C_1_V.npy,0,"(29, 7, 3)",0
7YLA_1_I.npy,0,"(2870, 7, 3)",0
5XOW_1_G.npy,15,"(18, 7, 3)",1
6E9E_1_B.npy,0,"(51, 7, 3)",0
7QIY_1_2.npy,0,"(447, 7, 3)",0
4ZLD_1_B.npy,0,"(17, 7, 3)",0
6KL9_1_G.npy,0,"(25, 7, 3)",0
8PBL_1_R.npy,0,"(14, 7, 3)",0
5IB8_1_1K.npy,0,"(66, 7, 3)",0
7AZS_1_TRNA.npy,0,"(67, 7, 3)",0
5I4A_1_B.npy,39,"(14, 7, 3)",6
7RQ8_1_1w.npy,0,"(64, 7, 3)",0
5VM9_1_D.npy,18,"(15, 7, 3)",2
8JSG_1_g.npy,0,"(1539, 7, 3)",0
6WPI_1_C.npy,0,"(27, 7, 3)",0
8BH6_1_a.npy,0,"(1547, 7, 3)",0
8A98_1_S4.npy,0,"(19, 7, 3)",0
7BOG_1_A.npy,0,"(1064, 7, 3)",0
7P48_1_5.npy,0,"(73, 7, 3)",0
5MWI_1_A.npy,0,"(26, 7, 3)",0
8Y0X_1_L5.npy,0,"(3658, 7, 3)",0
4R4V_1_A.npy,0,"(185, 7, 3)",0
6SWE_1_2.npy,0,"(458, 7, 3)",0
2VPL_1_D.npy,0,"(46, 7, 3)",0
7ODR_1_A.npy,0,"(1417, 7, 3)",0
6H4N_1_a.npy,0,"(1534, 7, 3)",0
6SKF_1_BB.npy,0,"(125, 7, 3)",0
6TED_1_P.npy,0,"(21, 7, 3)",0
8C91_1_A.npy,0,"(2077, 7, 3)",0
8UBE_1_I.npy,0,"(139, 7, 3)",0
5CKK_1_D.npy,0,"(15, 7, 3)",0
8RXH_1_S1.npy,0,"(1798, 7, 3)",0
6EM4_1_1.npy,4665,"(1556, 7, 3)",1555
6OG7_1_5.npy,0,"(75, 7, 3)",0
5IBB_1_3K.npy,0,"(70, 7, 3)",0
8CVM_1_a.npy,9,"(2885, 7, 3)",3
7R81_1_B1.npy,0,"(120, 7, 3)",0
8H6E_1_4A.npy,3,"(125, 7, 3)",1
7N31_1_23.npy,0,"(2882, 7, 3)",0
8WKP_1_A16S.npy,0,"(1325, 7, 3)",0
7N30_1_23.npy,0,"(2879, 7, 3)",0
5BZ5_1_B.npy,15,"(10, 7, 3)",1
8P4C_1_P.npy,0,"(17, 7, 3)",0
5O2R_1_x.npy,0,"(77, 7, 3)",0
8RXH_1_S3.npy,0,"(75, 7, 3)",0
6W6V_1_A.npy,0,"(294, 7, 3)",0
4V85_1_BA.npy,0,"(2853, 7, 3)",0
8J3R_1_C.npy,0,"(109, 7, 3)",0
7QR8_1_A.npy,15,"(85, 7, 3)",1
6D2Z_1_C.npy,0,"(2, 7, 3)",0
8TE0_1_A.npy,0,"(15, 7, 3)",0
8PTZ_1_X.npy,0,"(75, 7, 3)",0
8G9Z_1_E.npy,30,"(87, 7, 3)",2
8WND_1_T.npy,9,"(77, 7, 3)",3
7QI5_1_Ax.npy,0,"(70, 7, 3)",0
7ADB_1_R.npy,0,"(17, 7, 3)",0
9C6J_1_A.npy,0,"(387, 7, 3)",0
5H1S_1_A.npy,0,"(2799, 7, 3)",0
2C50_1_S.npy,0,"(13, 7, 3)",0
6DU5_1_B.npy,0,"(25, 7, 3)",0
6W7W_1_2.npy,0,"(871, 7, 3)",0
8IPM_1_A.npy,0,"(14, 7, 3)",0
7MLB_1_I.npy,0,"(5, 7, 3)",0
6G51_1_2.npy,4977,"(1659, 7, 3)",1658
5H3U_1_C.npy,0,"(7, 7, 3)",0
5E81_1_1L.npy,0,"(64, 7, 3)",0
7QGU_1_A.npy,0,"(2923, 7, 3)",0
6H5S_1_E.npy,0,"(6, 7, 3)",0
7WTV_1_2.npy,0,"(1573, 7, 3)",0
5JB3_1_4.npy,0,"(72, 7, 3)",0
8F5G_1_F.npy,0,"(26, 7, 3)",0
8EVT_1_EC.npy,0,"(57, 7, 3)",0
4ANG_1_R.npy,21,"(14, 7, 3)",2
5A0T_1_F.npy,15,"(6, 7, 3)",1
5J8B_1_y.npy,0,"(68, 7, 3)",0
7E8O_1_X.npy,0,"(68, 7, 3)",0
6AZ4_1_A.npy,0,"(32, 7, 3)",0
1FFK_1_0.npy,0,"(2706, 7, 3)",0
8PM0_1_V.npy,0,"(31, 7, 3)",0
7XSZ_1_P.npy,0,"(20, 7, 3)",0
7WL0_1_D.npy,0,"(4, 7, 3)",0
3J92_1_2.npy,0,"(74, 7, 3)",0
7YOJ_1_B.npy,0,"(174, 7, 3)",0
6VPC_1_A.npy,0,"(81, 7, 3)",0
6W2S_1_0.npy,0,"(339, 7, 3)",0
6OM6_1_1.npy,0,"(2883, 7, 3)",0
6YMC_1_B.npy,0,"(26, 7, 3)",0
8Q7N_1_6.npy,0,"(78, 7, 3)",0
7MPJ_1_B5.npy,42,"(1744, 7, 3)",14
3KTV_1_C.npy,0,"(107, 7, 3)",0
3S8U_1_A.npy,0,"(26, 7, 3)",0
3PIP_1_X.npy,0,"(2644, 7, 3)",0
7ZJW_1_F.npy,0,"(90, 7, 3)",0
6N5O_1_A.npy,0,"(125, 7, 3)",0
7ODF_1_F.npy,0,"(43, 7, 3)",0
2JA6_1_P.npy,0,"(10, 7, 3)",0
7XNX_1_S2.npy,54,"(1686, 7, 3)",18
7XNY_1_S2.npy,54,"(1687, 7, 3)",18
6NY5_1_C.npy,0,"(13, 7, 3)",0
6RI7_1_R.npy,0,"(10, 7, 3)",0
8FN2_1_B.npy,0,"(112, 7, 3)",0
6WVJ_1_R.npy,0,"(8, 7, 3)",0
9BDN_1_A18S.npy,0,"(1691, 7, 3)",0
8FMW_1_AA.npy,0,"(2929, 7, 3)",0
3JCS_1_2.npy,0,"(1093, 7, 3)",0
7XAM_1_A.npy,0,"(3062, 7, 3)",0
6GBZ_1_A.npy,0,"(2789, 7, 3)",0
6PPK_1_A.npy,0,"(2658, 7, 3)",0
5LM7_1_R.npy,0,"(29, 7, 3)",0
7YFY_1_B.npy,0,"(25, 7, 3)",0
3VYY_1_G.npy,0,"(10, 7, 3)",0
7OYC_1_22.npy,0,"(1495, 7, 3)",0
4WZO_1_1K.npy,0,"(68, 7, 3)",0
8JIV_1_Ab.npy,0,"(119, 7, 3)",0
7YSE_1_F.npy,0,"(64, 7, 3)",0
7OYB_1_22.npy,0,"(1502, 7, 3)",0
8OVA_1_BE.npy,0,"(188, 7, 3)",0
3T5Q_1_J.npy,0,"(8, 7, 3)",0
4XEJ_1_B23S.npy,0,"(2876, 7, 3)",0
7ECW_1_M.npy,0,"(44, 7, 3)",0
3J3V_1_B.npy,0,"(119, 7, 3)",0
4V6T_1_AV.npy,0,"(331, 7, 3)",0
7MQ9_1_N0.npy,63,"(22, 7, 3)",21
8Q6N_1_A.npy,0,"(46, 7, 3)",0
5WT1_1_C.npy,0,"(67, 7, 3)",0
5Y58_1_Z.npy,0,"(30, 7, 3)",0
8OGJ_1_1.npy,0,"(3126, 7, 3)",0
2NQP_1_F.npy,51,"(71, 7, 3)",4
3CCU_1_0.npy,24,"(2749, 7, 3)",8
9C0I_1_R.npy,0,"(192, 7, 3)",0
7YG9_1_N.npy,0,"(391, 7, 3)",0
7OBQ_1_1.npy,0,"(165, 7, 3)",0
6OJ2_1_XY.npy,0,"(76, 7, 3)",0
8EXA_1_B.npy,0,"(101, 7, 3)",0
7AZO_1_PSIA.npy,0,"(67, 7, 3)",0
4ANG_1_S.npy,3,"(13, 7, 3)",1
5IB8_1_1H.npy,0,"(2831, 7, 3)",0
8AXF_1_Q.npy,0,"(42, 7, 3)",0
2PXV_1_B.npy,0,"(49, 7, 3)",0
2BS0_1_R.npy,0,"(12, 7, 3)",0
8T2S_1_B.npy,0,"(551, 7, 3)",0
8B6Z_1_B.npy,0,"(8, 7, 3)",0
6ZXZ_1_B.npy,0,"(25, 7, 3)",0
4WFM_1_B.npy,0,"(101, 7, 3)",0
8EVS_1_B5.npy,0,"(1160, 7, 3)",0
6SKG_1_BA.npy,0,"(2853, 7, 3)",0
4UE5_1_A.npy,0,"(299, 7, 3)",0
6SKF_1_BA.npy,0,"(2778, 7, 3)",0
4X4P_1_H.npy,0,"(28, 7, 3)",0
4P8Z_1_A.npy,0,"(188, 7, 3)",0
3W3S_1_B.npy,0,"(98, 7, 3)",0
3V71_1_B.npy,0,"(7, 7, 3)",0
8B2L_1_i2.npy,0,"(76, 7, 3)",0
9FBV_1_Z.npy,0,"(73, 7, 3)",0
4V61_1_BA.npy,0,"(2732, 7, 3)",0
6GYV_1_A.npy,0,"(190, 7, 3)",0
8D8J_1_a.npy,0,"(1183, 7, 3)",0
5IBB_1_2L.npy,0,"(71, 7, 3)",0
5ELH_1_R.npy,0,"(5, 7, 3)",0
8TOC_1_R.npy,0,"(4269, 7, 3)",0
8ZLU_1_A.npy,0,"(59, 7, 3)",0
9G8O_1_X.npy,12,"(123, 7, 3)",4
5A8L_1_P.npy,3,"(18, 7, 3)",1
4PJO_1_4.npy,0,"(48, 7, 3)",0
4RQE_1_D.npy,0,"(83, 7, 3)",0
8FZA_1_B.npy,18,"(28, 7, 3)",1
7EDN_1_A.npy,0,"(22, 7, 3)",0
7F3L_1_B.npy,0,"(3, 7, 3)",0
6ZU5_1_L50.npy,0,"(2455, 7, 3)",0
9G8M_1_L5.npy,6,"(3654, 7, 3)",2
8OH6_1_CM.npy,0,"(1704, 7, 3)",0
8ASD_1_P.npy,0,"(11, 7, 3)",0
6QNQ_1_1H.npy,0,"(2868, 7, 3)",0
6ZYM_1_6.npy,0,"(79, 7, 3)",0
7WWV_1_M.npy,0,"(39, 7, 3)",0
4WR6_1_2K.npy,0,"(71, 7, 3)",0
6BZ6_1_QA.npy,0,"(1498, 7, 3)",0
4PLX_1_B.npy,0,"(71, 7, 3)",0
6N5Q_1_A.npy,0,"(127, 7, 3)",0
8P2K_1_AT.npy,0,"(74, 7, 3)",0
6MUU_1_G.npy,0,"(25, 7, 3)",0
7YG7_1_U.npy,0,"(99, 7, 3)",0
6RIE_1_P.npy,0,"(15, 7, 3)",0
4GZY_1_R.npy,0,"(9, 7, 3)",0
3JCM_1_E.npy,0,"(85, 7, 3)",0
8FEP_1_AAA.npy,0,"(16, 7, 3)",0
5NCO_1_1.npy,0,"(104, 7, 3)",0
8A3Y_1_P.npy,0,"(28, 7, 3)",0
7ZHG_1_4.npy,0,"(18, 7, 3)",0
4QLN_1_A.npy,0,"(117, 7, 3)",0
6RBE_1_2.npy,0,"(1750, 7, 3)",0
8FZT_1_B.npy,0,"(69, 7, 3)",0
7QEP_1_3.npy,0,"(1295, 7, 3)",0
4W2H_1_BA.npy,0,"(2822, 7, 3)",0
6Y4B_1_F.npy,0,"(69, 7, 3)",0
5OA3_1_2.npy,0,"(1661, 7, 3)",0
7XD7_1_N.npy,0,"(405, 7, 3)",0
6Z9Q_1_R.npy,0,"(9, 7, 3)",0
6PPQ_1_H.npy,0,"(5, 7, 3)",0
6ZJ3_1_S1.npy,0,"(1940, 7, 3)",0
8EOE_1_R.npy,0,"(15, 7, 3)",0
4DV2_1_A.npy,0,"(1498, 7, 3)",0
6GSK_1_1L.npy,0,"(70, 7, 3)",0
8OIN_1_AA.npy,0,"(955, 7, 3)",0
6XYW_1_3.npy,0,"(118, 7, 3)",0
4AM3_1_E.npy,3,"(9, 7, 3)",1
5TC1_1_R.npy,0,"(242, 7, 3)",0
7D4I_1_3A.npy,0,"(216, 7, 3)",0
5M5X_1_R.npy,0,"(13, 7, 3)",0
8P8B_1_5.npy,0,"(30, 7, 3)",0
8BD6_1_B.npy,0,"(233, 7, 3)",0
6XYW_1_2.npy,0,"(1743, 7, 3)",0
8QG0_1_Q.npy,0,"(17, 7, 3)",0
7A09_1_2.npy,27,"(1721, 7, 3)",9
7UO2_1_B.npy,0,"(271, 7, 3)",0
6JOO_1_B.npy,15,"(96, 7, 3)",1
8K3O_1_V.npy,0,"(6, 7, 3)",0
3AMU_1_B.npy,0,"(78, 7, 3)",0
3JBU_1_X.npy,0,"(11, 7, 3)",0
7CPU_1_S2.npy,27,"(1656, 7, 3)",9
5J88_1_AA.npy,0,"(1523, 7, 3)",0
5OA3_1_3.npy,0,"(186, 7, 3)",0
5HL7_1_X.npy,12,"(2705, 7, 3)",4
6TNN_1_U.npy,0,"(2930, 7, 3)",0
8CWO_1_A.npy,0,"(1024, 7, 3)",0
8VMB_1_R.npy,0,"(83, 7, 3)",0
8CTI_1_C.npy,0,"(71, 7, 3)",0
7RDQ_1_I.npy,0,"(11, 7, 3)",0
7QEP_1_2.npy,0,"(119, 7, 3)",0
4V6W_1_B2.npy,486,"(1957, 7, 3)",162
5X8R_1_a.npy,0,"(1480, 7, 3)",0
3J6X_1_IR.npy,3546,"(198, 7, 3)",197
6SG9_1_CA.npy,198,"(146, 7, 3)",66
4Y1M_1_A.npy,0,"(76, 7, 3)",0
8WX0_1_E.npy,0,"(6, 7, 3)",0
7V9A_1_R.npy,0,"(146, 7, 3)",0
8OI5_1_1.npy,0,"(3171, 7, 3)",0
8KAL_1_E.npy,0,"(95, 7, 3)",0
6HIW_1_CA.npy,0,"(621, 7, 3)",0
5JBH_1_4.npy,0,"(73, 7, 3)",0
8BF9_1_5.npy,0,"(1766, 7, 3)",0
5ZW4_1_D.npy,18,"(16, 7, 3)",1
7MRL_1_A.npy,0,"(75, 7, 3)",0
6F4H_1_B.npy,0,"(22, 7, 3)",0
8Y0X_1_S2.npy,54,"(1739, 7, 3)",18
6IV8_1_B.npy,0,"(51, 7, 3)",0
8JDJ_1_A.npy,0,"(14, 7, 3)",0
6ZS9_1_AA.npy,0,"(927, 7, 3)",0
4V3P_1_S1.npy,894,"(1743, 7, 3)",243
5NS3_1_D.npy,0,"(31, 7, 3)",0
5ZKJ_1_E.npy,0,"(12, 7, 3)",0
3NMR_1_B.npy,15,"(6, 7, 3)",1
7MKN_1_R.npy,0,"(11, 7, 3)",0
5CCB_1_N.npy,0,"(77, 7, 3)",0
4PLX_1_C.npy,0,"(69, 7, 3)",0
5ELS_1_H.npy,0,"(6, 7, 3)",0
8WUV_1_B.npy,0,"(126, 7, 3)",0
8CGJ_1_A.npy,0,"(1122, 7, 3)",0
8OH6_1_AS.npy,0,"(3061, 7, 3)",0
7QV2_1_x.npy,0,"(76, 7, 3)",0
7URI_1_y.npy,0,"(90, 7, 3)",0
5XTM_1_B.npy,0,"(46, 7, 3)",0
9FPZ_1_1.npy,0,"(300, 7, 3)",0
3DEG_1_I.npy,0,"(29, 7, 3)",0
8WQ2_1_A16S.npy,0,"(1328, 7, 3)",0
4WU1_1_1G.npy,0,"(1504, 7, 3)",0
4V6X_1_A7.npy,0,"(121, 7, 3)",0
8REB_1_R.npy,0,"(6, 7, 3)",0
6AZ3_1_8.npy,0,"(118, 7, 3)",0
4A93_1_P.npy,0,"(9, 7, 3)",0
6MJ0_1_A.npy,0,"(101, 7, 3)",0
6KC7_1_B.npy,0,"(111, 7, 3)",0
6JFU_1_B.npy,0,"(105, 7, 3)",0
8QOI_1_S2.npy,54,"(1648, 7, 3)",18
5H5U_1_5.npy,0,"(76, 7, 3)",0
6ZS9_1_XA.npy,0,"(1501, 7, 3)",0
7OPE_1_2.npy,0,"(70, 7, 3)",0
6BMD_1_E.npy,0,"(22, 7, 3)",0
1Q2R_1_F.npy,0,"(19, 7, 3)",0
7OI7_1_A.npy,0,"(1054, 7, 3)",0
8EVR_1_EC.npy,6,"(191, 7, 3)",2
3J80_1_2.npy,42,"(1779, 7, 3)",14
4QVC_1_G.npy,15,"(4, 7, 3)",1
6FPQ_1_B.npy,0,"(7, 7, 3)",0
4WU1_1_13.npy,0,"(1501, 7, 3)",0
5WZG_1_B.npy,0,"(10, 7, 3)",0
4PLX_1_A.npy,0,"(74, 7, 3)",0
7UG7_1_16.npy,0,"(1504, 7, 3)",0
8PJ9_1_B.npy,0,"(36, 7, 3)",0
7AZO_1_16SA.npy,0,"(1500, 7, 3)",0
4PQV_1_A.npy,0,"(68, 7, 3)",0
5HO4_1_B.npy,12,"(10, 7, 3)",2
8A98_1_8.npy,0,"(118, 7, 3)",0
8EEX_1_C.npy,0,"(36, 7, 3)",0
3J7Y_1_B.npy,0,"(57, 7, 3)",0
4WT8_1_DV.npy,39,"(55, 7, 3)",13
4WSD_1_3K.npy,0,"(72, 7, 3)",0
9BKD_1_A.npy,0,"(1638, 7, 3)",0
7A5P_1_5.npy,39,"(40, 7, 3)",13
2UXD_1_A.npy,36,"(1484, 7, 3)",12
7QH6_1_A.npy,0,"(1133, 7, 3)",0
3JCM_1_F.npy,0,"(113, 7, 3)",0
8TG4_1_C.npy,15,"(4, 7, 3)",1
6Q8Y_1_2.npy,0,"(1767, 7, 3)",0
9AVR_1_B.npy,0,"(8, 7, 3)",0
5AMQ_1_C.npy,0,"(10, 7, 3)",0
5AXM_1_P.npy,0,"(72, 7, 3)",0
6D12_1_C.npy,0,"(38, 7, 3)",0
8TE2_1_A.npy,0,"(15, 7, 3)",0
8UTA_1_N.npy,0,"(123, 7, 3)",0
8OJ3_1_1.npy,0,"(3218, 7, 3)",0
8AC1_1_R.npy,0,"(9, 7, 3)",0
4Z7K_1_C.npy,0,"(24, 7, 3)",0
8P4A_1_P.npy,0,"(19, 7, 3)",0
7UW1_1_A.npy,0,"(2711, 7, 3)",0
5OA3_1_1.npy,0,"(75, 7, 3)",0
7Z1M_1_R.npy,0,"(8, 7, 3)",0
6TH6_1_BA.npy,0,"(2877, 7, 3)",0
4RZD_1_A.npy,3,"(98, 7, 3)",1
8VJT_1_B.npy,0,"(6, 7, 3)",0
8EWG_1_B.npy,3,"(56, 7, 3)",1
7ENR_1_B.npy,15,"(92, 7, 3)",1
4F1N_1_E.npy,15,"(9, 7, 3)",1
7R7C_1_1.npy,3,"(226, 7, 3)",1
5AWH_1_C.npy,0,"(18, 7, 3)",0
5L2L_1_D.npy,0,"(11, 7, 3)",0
6FAI_1_2.npy,0,"(1775, 7, 3)",0
7WTT_1_2.npy,0,"(1574, 7, 3)",0
5ZLU_1_V.npy,0,"(2875, 7, 3)",0
6XIR_1_AZ.npy,0,"(73, 7, 3)",0
7JRR_1_A.npy,0,"(50, 7, 3)",0
5NRG_1_X.npy,3,"(2710, 7, 3)",1
9FVD_1_Q.npy,0,"(6, 7, 3)",0
8OIN_1_B8.npy,0,"(1566, 7, 3)",0
7ELH_1_C.npy,0,"(4, 7, 3)",0
5V93_1_a.npy,0,"(1519, 7, 3)",0
5U3G_1_B.npy,0,"(84, 7, 3)",0
7DUH_1_W.npy,0,"(15, 7, 3)",0
4F3T_1_R.npy,3,"(14, 7, 3)",1
4TZP_1_B.npy,6,"(70, 7, 3)",2
8HIO_1_B.npy,0,"(47, 7, 3)",0
5M0H_1_A.npy,0,"(42, 7, 3)",0
5O20_1_B.npy,15,"(8, 7, 3)",1
6ZXE_1_2.npy,0,"(1645, 7, 3)",0
8OIN_1_B9.npy,0,"(72, 7, 3)",0
7SLQ_1_R.npy,0,"(50, 7, 3)",0
5G2Y_1_A.npy,6,"(630, 7, 3)",2
7ZOL_1_C.npy,0,"(39, 7, 3)",0
7YGN_1_B.npy,0,"(8, 7, 3)",0
4U7U_1_L.npy,0,"(61, 7, 3)",0
7NHM_1_a.npy,0,"(1531, 7, 3)",0
6ZJ3_1_S3.npy,0,"(76, 7, 3)",0
7BL3_1_A.npy,0,"(2902, 7, 3)",0
8J1J_1_C.npy,0,"(112, 7, 3)",0
5V8I_1_2A.npy,3,"(2847, 7, 3)",1
6TNN_1_V.npy,0,"(116, 7, 3)",0
9C3H_1_S2.npy,0,"(1576, 7, 3)",0
8VU0_1_C.npy,0,"(76, 7, 3)",0
7QEP_1_1.npy,3,"(2319, 7, 3)",1
8QZS_1_4.npy,0,"(136, 7, 3)",0
4Y1M_1_B.npy,0,"(107, 7, 3)",0
7R9F_1_B.npy,0,"(12, 7, 3)",0
6PVK_1_A.npy,0,"(2169, 7, 3)",0
8XI2_1_F.npy,0,"(91, 7, 3)",0
7NHL_1_D.npy,0,"(73, 7, 3)",0
7LYF_1_A.npy,0,"(139, 7, 3)",0
6TQN_1_R.npy,0,"(45, 7, 3)",0
7AJU_1_D3.npy,0,"(1409, 7, 3)",0
2BNY_1_S.npy,0,"(13, 7, 3)",0
6GV4_1_D.npy,12,"(8, 7, 3)",1
7AJU_1_EA.npy,33,"(22, 7, 3)",11
6SVS_1_B.npy,0,"(77, 7, 3)",0
8R57_1_A.npy,0,"(429, 7, 3)",0
6LNB_1_M.npy,0,"(60, 7, 3)",0
8WID_1_b.npy,0,"(18, 7, 3)",0
4V8M_1_BB.npy,0,"(1465, 7, 3)",0
8PJ9_1_C.npy,0,"(66, 7, 3)",0
6DB8_1_R.npy,0,"(60, 7, 3)",0
2DR2_1_B.npy,0,"(75, 7, 3)",0
8S55_1_P.npy,0,"(14, 7, 3)",0
7TZU_1_A.npy,15,"(79, 7, 3)",4
8RXH_1_L5.npy,0,"(120, 7, 3)",0
8B9I_1_C.npy,15,"(11, 7, 3)",1
6UU5_1_333.npy,0,"(6, 7, 3)",0
6MWN_1_A.npy,0,"(91, 7, 3)",0
8OST_1_C.npy,0,"(69, 7, 3)",0
8ASD_1_E.npy,0,"(7, 7, 3)",0
7UVT_1_A.npy,0,"(386, 7, 3)",0
6SPD_1_B.npy,0,"(116, 7, 3)",0
1EG0_1_M.npy,450,"(26, 7, 3)",25
7QR3_1_C.npy,0,"(69, 7, 3)",0
4DR6_1_A.npy,0,"(1500, 7, 3)",0
4DS6_1_A.npy,6,"(393, 7, 3)",2
5GAO_1_V.npy,0,"(57, 7, 3)",0
7D58_1_T.npy,0,"(5, 7, 3)",0
4V9S_1_DA.npy,3,"(2714, 7, 3)",1
4V4P_1_AA.npy,0,"(2872, 7, 3)",0
7AFO_1_A.npy,0,"(968, 7, 3)",0
5A8L_1_A.npy,0,"(253, 7, 3)",0
7QH7_1_A.npy,0,"(1256, 7, 3)",0
4X4V_1_D.npy,0,"(26, 7, 3)",0
8BTK_1_AT.npy,0,"(72, 7, 3)",0
4WU1_1_2L.npy,0,"(71, 7, 3)",0
7BAI_1_V.npy,0,"(11, 7, 3)",0
6YWE_1_A.npy,0,"(2837, 7, 3)",0
7SVA_1_B.npy,15,"(11, 7, 3)",1
8UPT_1_A.npy,0,"(71, 7, 3)",0
7OI6_1_A.npy,0,"(1208, 7, 3)",0
5T2A_1_H.npy,0,"(93, 7, 3)",0
4RDX_1_C.npy,0,"(76, 7, 3)",0
8UMF_1_B.npy,0,"(121, 7, 3)",0
8G34_1_v.npy,0,"(1539, 7, 3)",0
8B0J_1_K.npy,0,"(160, 7, 3)",0
9AX7_1_X.npy,0,"(9, 7, 3)",0
4R0D_1_A.npy,24,"(617, 7, 3)",3
8OJ3_1_B.npy,0,"(1708, 7, 3)",0
8PJ1_1_7.npy,0,"(47, 7, 3)",0
8XI2_1_B.npy,0,"(86, 7, 3)",0
6CK5_1_B.npy,3,"(100, 7, 3)",1
1DRZ_1_B.npy,0,"(72, 7, 3)",0
8B7Y_1_C.npy,0,"(1519, 7, 3)",0
6FPX_1_D.npy,18,"(11, 7, 3)",1
8SA5_1_B.npy,0,"(135, 7, 3)",0
7D8C_1_B.npy,0,"(38, 7, 3)",0
8AC0_1_R.npy,0,"(82, 7, 3)",0
7XHT_1_B.npy,0,"(179, 7, 3)",0
8YUO_1_W.npy,0,"(11, 7, 3)",0
7P7Q_1_a.npy,0,"(1519, 7, 3)",0
5CD1_1_M.npy,0,"(74, 7, 3)",0
6Y53_1_2.npy,3,"(98, 7, 3)",1
9FVD_1_T.npy,0,"(6, 7, 3)",0
9FVD_1_U.npy,0,"(12, 7, 3)",0
3EOH_1_A.npy,33,"(381, 7, 3)",6
7AZO_1_TRNA.npy,0,"(65, 7, 3)",0
7O9K_1_A.npy,0,"(1435, 7, 3)",0
8K4E_1_V.npy,0,"(5, 7, 3)",0
5ELK_1_R.npy,15,"(6, 7, 3)",1
8AM9_1_8.npy,0,"(75, 7, 3)",0
6HA8_1_x.npy,0,"(75, 7, 3)",0
6NBJ_1_C.npy,15,"(4, 7, 3)",1
7R9G_1_B.npy,0,"(12, 7, 3)",0
7XUG_1_R.npy,0,"(10, 7, 3)",0
6PMO_1_B.npy,6,"(70, 7, 3)",2
6JQ6_1_U.npy,0,"(81, 7, 3)",0
4YCO_1_F.npy,0,"(71, 7, 3)",0
7NHL_1_a.npy,0,"(1538, 7, 3)",0
1FJG_1_X.npy,0,"(6, 7, 3)",0
5A2Q_1_3.npy,0,"(257, 7, 3)",0
6Q95_1_4.npy,0,"(319, 7, 3)",0
7ASN_1_B.npy,0,"(106, 7, 3)",0
3NNH_1_E.npy,15,"(11, 7, 3)",1
9C0J_1_R.npy,0,"(155, 7, 3)",0
6WTR_1_A.npy,0,"(124, 7, 3)",0
8T78_1_B.npy,0,"(89, 7, 3)",0
1Y27_1_X.npy,0,"(66, 7, 3)",0
5WWX_1_C.npy,0,"(5, 7, 3)",0
6D3P_1_A.npy,0,"(45, 7, 3)",0
3AL0_1_E.npy,0,"(74, 7, 3)",0
7OF2_1_A.npy,0,"(1407, 7, 3)",0
8WB0_1_Z.npy,0,"(12, 7, 3)",0
7VFT_1_A.npy,0,"(23, 7, 3)",0
8WAZ_1_Z.npy,0,"(12, 7, 3)",0
4WAL_1_B.npy,15,"(9, 7, 3)",1
4V8I_1_AA.npy,0,"(1493, 7, 3)",0
6G4W_1_2.npy,4689,"(1563, 7, 3)",1562
6I7V_1_CA.npy,0,"(2898, 7, 3)",0
8WHY_1_A.npy,0,"(3017, 7, 3)",0
4PJO_1_3.npy,0,"(46, 7, 3)",0
7OZQ_1_F.npy,0,"(31, 7, 3)",0
4PJO_1_1.npy,0,"(47, 7, 3)",0
5FKE_1_A.npy,0,"(94, 7, 3)",0
5A8L_1_B.npy,0,"(67, 7, 3)",0
7R6K_1_1.npy,0,"(152, 7, 3)",0
4ZLR_1_C.npy,3,"(14, 7, 3)",1
7JNH_1_B.npy,0,"(85, 7, 3)",0
4KHP_1_A.npy,0,"(1506, 7, 3)",0
8YFQ_1_P.npy,0,"(22, 7, 3)",0
7YG6_1_B.npy,0,"(8, 7, 3)",0
3A3A_1_A.npy,0,"(86, 7, 3)",0
6RID_1_P.npy,0,"(9, 7, 3)",0
4W2F_1_AA.npy,0,"(1497, 7, 3)",0
8UU5_1_a.npy,0,"(1523, 7, 3)",0
8B2L_1_C3.npy,0,"(119, 7, 3)",0
8BF8_1_B.npy,0,"(111, 7, 3)",0
8FMW_1_X.npy,0,"(76, 7, 3)",0
8QWE_1_C.npy,0,"(34, 7, 3)",0
7WJU_1_C.npy,0,"(133, 7, 3)",0
6JVX_1_B.npy,0,"(8, 7, 3)",0
7NAV_1_A.npy,0,"(1502, 7, 3)",0
8I0R_1_G.npy,3,"(71, 7, 3)",1
6C6K_1_F.npy,0,"(10, 7, 3)",0
8RXH_1_L2.npy,0,"(1085, 7, 3)",0
6FQL_1_B.npy,0,"(13, 7, 3)",0
6I0V_1_B.npy,0,"(5, 7, 3)",0
2AKE_1_B.npy,0,"(72, 7, 3)",0
6EXN_1_5.npy,0,"(171, 7, 3)",0
8XMC_1_O.npy,0,"(10, 7, 3)",0
1UN6_1_E.npy,0,"(61, 7, 3)",0
4V95_1_BA.npy,0,"(2752, 7, 3)",0
5WLH_1_B.npy,18,"(43, 7, 3)",1
8QCQ_1_A.npy,6,"(2742, 7, 3)",2
4C9D_1_C.npy,0,"(12, 7, 3)",0
7ZQ5_1_b.npy,0,"(2900, 7, 3)",0
7XD6_1_N.npy,0,"(434, 7, 3)",0
6KWR_1_B.npy,0,"(28, 7, 3)",0
6G90_1_2.npy,0,"(140, 7, 3)",0
8KGF_1_G.npy,0,"(29, 7, 3)",0
9C3H_1_S5.npy,0,"(9, 7, 3)",0
5CD1_1_N.npy,0,"(76, 7, 3)",0
7O7Z_1_AH.npy,0,"(95, 7, 3)",0
8IBY_1_E.npy,0,"(198, 7, 3)",0
5ZLU_1_G.npy,0,"(1514, 7, 3)",0
8WFX_1_O.npy,0,"(50, 7, 3)",0
4V6G_1_AA.npy,0,"(1517, 7, 3)",0
6ZJ3_1_S4.npy,0,"(76, 7, 3)",0
6CK4_1_D.npy,42,"(101, 7, 3)",4
1OB2_1_B.npy,0,"(63, 7, 3)",0
8UBF_1_H.npy,0,"(10, 7, 3)",0
8UBF_1_I.npy,0,"(92, 7, 3)",0
8CTH_1_C.npy,0,"(62, 7, 3)",0
8FNI_1_g.npy,0,"(16, 7, 3)",0
5WTK_1_B.npy,0,"(40, 7, 3)",0
6M6R_1_B.npy,0,"(7, 7, 3)",0
7OFW_1_C.npy,0,"(18, 7, 3)",0
3G8T_1_S.npy,0,"(140, 7, 3)",0
8FKZ_1_L2.npy,0,"(68, 7, 3)",0
7XG1_1_H.npy,0,"(27, 7, 3)",0
8CAH_1_2.npy,0,"(1745, 7, 3)",0
8JTR_1_B.npy,0,"(105, 7, 3)",0
7AOH_1_P.npy,0,"(10, 7, 3)",0
2BQ5_1_S.npy,0,"(17, 7, 3)",0
7R4X_1_2.npy,0,"(1573, 7, 3)",0
7LH5_1_AV.npy,0,"(76, 7, 3)",0
7EZ2_1_N.npy,0,"(392, 7, 3)",0
6PMO_1_A.npy,6,"(60, 7, 3)",2
4RBZ_1_A.npy,0,"(10, 7, 3)",0
7C7L_1_C.npy,0,"(116, 7, 3)",0
6YEF_1_a.npy,0,"(1540, 7, 3)",0
6FPX_1_F.npy,18,"(9, 7, 3)",1
8CAI_1_A.npy,0,"(1105, 7, 3)",0
8OI5_1_B.npy,0,"(1725, 7, 3)",0
4WFB_1_X.npy,9,"(2707, 7, 3)",3
7V9U_1_E.npy,0,"(57, 7, 3)",0
8FFR_1_W.npy,0,"(99, 7, 3)",0
3NNH_1_F.npy,15,"(11, 7, 3)",1
7ASN_1_A.npy,3,"(2739, 7, 3)",1
4V6I_1_CA.npy,825,"(1721, 7, 3)",225
6C27_1_B.npy,0,"(46, 7, 3)",0
7MLX_1_R.npy,0,"(65, 7, 3)",0
6CC3_1_A.npy,0,"(100, 7, 3)",0
8REC_1_R.npy,0,"(7, 7, 3)",0
8IDF_1_B.npy,0,"(53, 7, 3)",0
7OIZ_1_V.npy,0,"(74, 7, 3)",0
7ML4_1_P.npy,0,"(5, 7, 3)",0
2IZM_1_S.npy,0,"(13, 7, 3)",0
5DDO_1_A.npy,0,"(58, 7, 3)",0
5HSW_1_B.npy,0,"(18, 7, 3)",0
7XS4_1_B.npy,0,"(4, 7, 3)",0
5YTS_1_B.npy,0,"(4, 7, 3)",0
8UW3_1_B.npy,3,"(63, 7, 3)",1
8FB3_1_C.npy,18,"(33, 7, 3)",1
6QNR_1_5K.npy,0,"(68, 7, 3)",0
5KK5_1_B.npy,15,"(40, 7, 3)",1
4V5H_1_AV.npy,0,"(76, 7, 3)",0
6NY6_1_A.npy,0,"(1511, 7, 3)",0
6IV9_1_B.npy,0,"(50, 7, 3)",0
