sequence_id,cluster_id
7UO2_1_B_A,0
5A2Q_1_3_A,1
5OA3_1_3_A,1
7SYL_1_z_A,1
7SYP_1_z_A,1
5A8L_1_A_A,2
4Y1N_1_A_A,3
1E8S_1_C_A,4
3JAN_1_4_A,4
3KTV_1_C_A,4
7NFX_1_1_A,4
7OBQ_1_1_A,4
7QWQ_1_1_A,4
1GRZ_1_A_A,5
6D8N_1_B_A,5
6F4G_1_F_A,6
7N3O_1_B_A,6
7N3P_1_B_A,6
8AXA_1_B_A,6
8AXB_1_B_A,6
8BD6_1_B_A,6
8RKT_1_1_A,6
5TC1_1_R_A,7
6YFT_1_SV_A,7
7MQ9_1_L0_A,8
8OVJ_1_S4_A,8
2RKJ_1_G_A,9
8DMB_1_W_A,10
6ZQC_1_D4_A,11
7R7C_1_1_A,12
9G7C_1_A_A,13
7TRE_1_B_A,14
8G5M_1_R_A,14
7D4I_1_3A_A,15
7MQ9_1_L2_A,16
7MQA_1_L2_A,16
6P4H_1_1_A,17
6P5I_1_1_A,17
3J6X_1_IR_A,18
8EVQ_1_EC_A,18
8EVR_1_EC_A,18
8EVT_1_EC_A,18
8EWC_1_EC_A,18
7XSZ_1_P_A,19
8IBY_1_E_A,19
8IBZ_1_E_A,19
4V92_1_AZ_A,20
5IT9_1_i_A,20
6D90_1_4_A,20
6D9J_1_4_A,20
9DN4_1_E_A,20
6FSZ_1_2_A,21
6G63_1_B_A,21
6ZMW_1_7_A,21
7AJU_1_EA_A,21
7MQ9_1_N0_A,21
7QP6_1_7_A,21
8AXF_1_Q_A,21
8IUO_1_F_A,21
8QCF_1_N_A,21
9G8M_1_X_A,21
9G8O_1_X_A,21
9G8P_1_X_A,21
9C0I_1_R_A,22
9C0J_1_R_A,22
4P8Z_1_A_A,23
4P9R_1_A_A,23
6GYV_1_A_A,23
1EG0_1_M_A,24
5T2A_1_E_A,24
5T5H_1_E_A,24
6Y0T_1_B_A,24
8A98_1_3_A,24
8OVA_1_BE_A,24
8OVJ_1_3_A,24
8RXX_1_L3_A,24
4R4V_1_A_A,25
7XHT_1_B_A,26
8CSZ_1_C_A,26
9AUR_1_R_A,26
5T2A_1_G_A,27
5T5H_1_G_A,27
6AZ3_1_4_A,27
8A3W_1_4_A,27
8OVE_1_BG_A,27
8RXX_1_L4_A,27
3JCM_1_F_A,28
5LJ3_1_U_A,28
5ZWO_1_B_A,28
6BK8_1_5_A,28
6EXN_1_5_A,28
6E7L_1_A_A,29
7YOJ_1_B_A,29
3P49_1_A_A,30
6UFG_1_A_A,31
6UFH_1_A_A,31
6UFM_1_B_A,31
3PDR_1_A_A,32
4ERJ_1_A_A,33
8F5G_1_F_A,33
8B0J_1_K_A,34
7LMA_1_B_A,35
7LMB_1_B_A,35
8GAP_1_B_A,35
7NAD_1_2_A,36
8OGJ_1_4_A,36
8OI5_1_AU_A,36
8PV8_1_C2_A,36
8Y0U_1_C3_A,36
9AXT_1_B4_A,36
8A3W_1_7_A,37
430D_1_A_A,38
6ZJ3_1_LJ_A,38
7A01_1_E1_A,39
7WJU_1_C_A,40
8DZJ_1_E_A,40
8J1J_1_C_A,40
8J3R_1_C_A,40
8P8B_1_5_A,40
7R6K_1_1_A,41
8A3W_1_3_A,42
1A9N_1_Q_A,43
6Y53_1_2_A,43
7VPX_1_H_A,43
8HK1_1_H_A,43
6SG9_1_CA_A,44
7AOR_1_A_A,44
7V9A_1_R_A,45
8QFS_1_B_A,46
8S95_1_C_A,46
8BF9_1_8_A,47
9GMO_1_C_A,47
7C7L_1_C_A,48
7L48_1_E_A,48
7L49_1_E_A,48
6JDV_1_B_A,49
6JE4_1_L_A,49
6JE9_1_D_A,49
6JFU_1_B_A,49
6KC7_1_B_A,49
8FRU_1_4_A,50
3G8T_1_S_A,51
3G96_1_P_A,51
3G9C_1_S_A,51
6G90_1_2_A,52
7LYF_1_A_A,53
8Y80_1_C_A,53
9DTT_1_B_A,53
8UB8_1_I_A,54
8UBB_1_I_A,54
8UBD_1_I_A,54
8UBE_1_I_A,54
8UBF_1_I_A,54
3NDB_1_M_A,55
6QX9_1_4_A,56
8H6E_1_4A_A,56
8H6L_1_4A_A,56
8QPB_1_4_A,56
8QPE_1_4_A,56
8QXD_1_4_A,56
8QZS_1_4_A,56
8R09_1_4_A,56
4UN3_1_A_A,57
4UN4_1_A_A,57
4ZT0_1_D_A,57
5B2R_1_A_A,57
5F5F_1_H_A,57
5FQ5_1_A_A,57
5VW1_1_C_A,57
6AEB_1_E_A,57
6K4S_1_A_A,57
6O0X_1_B_A,57
6VPC_1_A_A,57
7OX8_1_A_A,57
7QQW_1_A_A,57
7QR1_1_A_A,57
7QR8_1_A_A,57
7S38_1_R_A,57
7S3H_1_R_A,57
7S4U_1_B_A,57
7S4V_1_B_A,57
7Z4D_1_A_A,57
7Z4D_1_F_A,57
7Z4E_1_A_A,57
7Z4G_1_A_A,57
8FZT_1_B_A,57
8G1I_1_B_A,57
8J8H_1_E_A,57
8KAG_1_A_A,57
8KAL_1_E_A,57
8PJ9_1_C_A,57
8T6X_1_B_A,57
8T6Y_1_B_A,57
8T78_1_B_A,57
8WUS_1_B_A,57
8WUT_1_B_A,57
8WUU_1_B_A,57
8WUV_1_B_A,57
8YGJ_1_B_A,57
8SA5_1_B_A,58
7JRT_1_A_A,59
8UO6_1_B_A,60
6XMF_1_C_A,61
6XMG_1_C_A,61
9E6Q_1_2_A,62
8UIW_1_N_A,63
8UTA_1_N_A,63
8UTA_1_R_A,63
6N5N_1_A_A,64
6N5O_1_A_A,64
6N5Q_1_A_A,64
6N5T_1_A_A,64
6WTR_1_A_A,64
3V7E_1_D_A,65
6IQW_1_I_A,65
6SKF_1_BB_A,66
7MLW_1_F_A,67
6BJV_1_D_A,68
8Y6O_1_P_A,68
2Z75_1_B_A,69
3B4A_1_B_A,69
3B4B_1_B_A,69
3B4C_1_B_A,69
4V4Z_1_BB_A,70
4V7L_1_DB_A,70
4Y4O_1_2B_A,70
5V8I_1_1B_A,70
3J3V_1_B_A,71
6TNN_1_V_A,71
6TPQ_1_V_A,71
6W6P_1_B_A,71
7AQD_1_B_A,71
7P7T_1_B_A,71
8A5I_1_B_A,71
8UU9_1_B_A,71
4WFN_1_Y_A,72
5JVH_1_Y_A,72
3J6B_1_e_A,73
8HL3_1_A5S_A,73
5T2A_1_H_A,74
5T5H_1_H_A,74
6AZ3_1_5_A,74
8OVA_1_BH_A,74
8RXH_1_L5_A,74
8RXX_1_L5_A,74
4V6X_1_A7_A,75
6OLI_1_E_A,75
7OYB_1_71_A,75
8FL3_1_L4_A,75
8INK_1_3_A,75
8Q87_1_B7_A,75
9GMO_1_B_A,75
5MLC_1_B_A,76
5MMI_1_B_A,76
6ERI_1_Ax_A,76
4V6I_1_DC_A,77
6XIQ_1_3_A,77
7Q08_1_3_A,77
8UT0_1_B_A,77
8RG0_1_A_A,78
8UMF_1_B_A,79
4V6W_1_A7_A,80
1MJI_1_D_A,81
3J5L_1_B_A,81
3JBV_1_a_A,81
4CSU_1_A_A,81
4V47_1_A9_A,81
5NS3_1_D_A,81
5NS4_1_D_A,81
6C4I_1_B_A,81
6GC0_1_B_A,81
6SPD_1_B_A,81
6WD6_1_2_A,81
7LVK_1_J_A,81
7UNR_1_B_A,81
8CD1_1_B_A,81
8G7P_1_B_A,81
6ZJ3_1_LO_A,82
7R81_1_B1_A,83
7Z3O_1_3_A,83
8PV8_1_C4_A,83
8QO9_1_2_A,84
8XI2_1_H_A,84
9FMD_1_2_A,84
5T2A_1_D_A,85
6AZ3_1_8_A,85
8A98_1_8_A,85
6ZU5_1_L70_A,86
6RM3_1_L70_A,87
7QEP_1_2_A,87
8B2L_1_C3_A,88
8JIV_1_Ab_A,88
9AXT_1_B3_A,89
9CAI_1_A7_A,90
3JBN_1_AB_A,91
5O60_1_B_A,92
5ZEB_1_B_A,92
6ZXZ_1_B_A,92
7MSH_1_B_A,92
5XXB_1_3_A,93
6XYW_1_3_A,94
4QLN_1_A_A,95
5XY3_1_3_A,96
8BSI_1_LE_A,97
8FRU_1_3_A,97
9B0L_1_C_A,98
5WTI_1_B_A,99
6ICZ_1_B_A,100
6ID1_1_B_A,100
7A5P_1_5_A,100
7AAV_1_5_A,100
7ABF_1_5_A,100
7ABG_1_5_A,100
7DVQ_1_B_A,100
8C6J_1_5_A,100
8H6J_1_5A_A,100
8H6L_1_5A_A,100
8I0V_1_B_A,100
8QP8_1_5_A,100
8QXD_1_5_A,100
8R09_1_5_A,100
8Y6O_1_B_A,100
9FMD_1_5_A,100
8RDV_1_D8_A,101
5ND8_1_B_A,102
5T7V_1_C_A,102
6S0Z_1_B_A,102
6SJ6_1_B_A,102
6WQN_1_2_A,102
6WRU_1_2_A,102
7ASN_1_B_A,102
8Y39_1_B_A,102
5T5H_1_D_A,103
8FN2_1_B_A,104
4X4P_1_H_A,105
4X4S_1_D_A,105
6OL3_1_C_A,105
6WJR_1_X_A,106
6WJS_1_X_A,106
8BF8_1_B_A,107
8EXA_1_B_A,107
8RO1_1_5_A,108
6NY3_1_B_A,109
8APO_1_A1_A,110
8P7Y_1_4_A,111
4Y1M_1_A_A,112
4Y1M_1_B_A,112
8HNT_1_B_A,113
8HNV_1_B_A,113
8HNW_1_B_A,113
8X5V_1_B_A,114
3JB9_1_C_A,115
4WFL_1_A_A,116
4WFM_1_B_A,116
6DLT_1_A_A,117
8JTR_1_B_A,118
2PXV_1_B_A,119
5GAH_1_1_A,119
5NCO_1_1_A,119
3JCR_1_M_A,120
3JCR_1_N_A,121
5GAM_1_W_A,121
5VSU_1_I_A,121
5WSG_1_E_A,121
5Y88_1_D_A,121
7VYX_1_C_A,122
7VYX_1_D_A,122
4FRG_1_B_A,123
4FRN_1_A_A,123
4LCK_1_C_A,124
8S8J_1_3_A,124
5X8T_1_W_A,125
6YL5_1_C_A,125
6CK4_1_D_A,126
6CK5_1_B_A,126
6MJ0_1_A_A,127
7XUI_1_R_A,128
8AC0_1_R_A,128
8ACP_1_R_A,128
6WBR_1_B_A,129
8D2L_1_B_A,129
8D2N_1_B_A,129
8D2O_1_B_A,129
8D2P_1_B_A,129
3SUH_1_X_A,130
6CC1_1_A_A,131
6CC1_1_B_A,131
6CC3_1_A_A,131
6P7N_1_B_A,132
8DG5_1_E_A,132
8IT1_1_H_A,132
9ASQ_1_E_A,132
5U30_1_B_A,133
5WQE_1_B_A,133
6R7G_1_R_A,134
7NSJ_1_AY_A,134
7NT5_1_N_A,134
7YG7_1_U_A,134
8FFR_1_W_A,135
8HUJ_1_C_A,136
3W3S_1_B_A,137
4RZD_1_A_A,138
6XKN_1_A_A,138
6XKO_1_A_A,138
9ASN_1_E_A,139
4W92_1_C_A,140
6JOO_1_B_A,141
6DVK_1_H_A,142
6FF7_1_6_A,143
6ZYM_1_6_A,143
7AAV_1_6_A,143
7ABF_1_6_A,143
8Q7N_1_6_A,143
8XI2_1_F_A,143
7LYJ_1_A_A,144
7MLX_1_R_A,144
7O7Z_1_AH_A,144
4AOB_1_A_A,145
4B5R_1_A_A,145
5FJC_1_A_A,145
5FK2_1_A_A,145
5FK3_1_A_A,145
5FKE_1_A_A,145
5FKG_1_A_A,145
7EAF_1_A_A,145
5X2H_1_B_A,146
8DP3_1_R_A,147
8VM8_1_R_A,147
8VM9_1_C_A,147
4RUM_1_A_A,148
5AXW_1_B_A,149
7ENI_1_B_A,149
7ENR_1_B_A,149
8JFT_1_B_A,149
3IRW_1_R_A,150
4YB1_1_R_A,150
5JBG_1_X_A,151
5LZB_1_y_A,151
6MWN_1_A_A,152
7UXA_1_E_A,153
8HMY_1_T_A,153
8ISS_1_E_A,153
9ENF_1_C_A,153
5T83_1_A_A,154
7DA7_1_C_A,155
7KGA_1_B_A,156
7UR5_1_y_A,157
7URI_1_y_A,157
3A3A_1_A_A,158
3RG5_1_A_A,158
4RQE_1_D_A,158
4ZDP_1_E_A,158
7MDL_1_E_A,158
7ZJW_1_F_A,158
8G9Z_1_E_A,158
8T29_1_R_A,159
8T2A_1_R_A,159
7KD1_1_A_A,160
3ADC_1_C_A,161
3ADD_1_D_A,161
5OSG_1_2_A,162
8VMA_1_R_A,163
8VMB_1_R_A,163
4V87_1_BB_A,164
4WSM_1_1L_A,164
4WSM_1_2K_A,164
4WSM_1_2L_A,164
4WSM_1_3L_A,164
6HA8_1_x_A,164
6ZMO_1_CB_A,165
7U0H_1_6_A,166
8V87_1_6_A,166
7OIF_1_z_A,167
8PEG_1_X_A,167
8UBC_1_I_A,168
8XI2_1_B_A,169
3JCM_1_E_A,170
2NQP_1_F_A,171
3ZJU_1_B_A,171
3ZJV_1_B_A,171
4CQN_1_E_A,171
5ON2_1_B_A,171
5ONH_1_E_A,171
4X4Q_1_D_A,172
6Z6M_1_CC_A,172
7JNH_1_B_A,173
7UQ6_1_B_A,174
5U3G_1_B_A,175
7O80_1_AT_A,176
8BHF_1_21_A,176
9C3I_1_A_A,176
4WQ1_1_3L_A,177
4WR6_1_1K_A,177
4WRA_1_3L_A,177
4WU1_1_2L_A,177
4YB0_1_R_A,178
6B14_1_R_A,179
6B3K_1_R_A,179
7Q4K_1_D2_A,180
7UO1_1_C_A,180
7UVY_1_v_A,180
5AH5_1_D_A,181
6JQ6_1_U_A,182
4QG3_1_B_A,183
6CU1_1_A_A,184
4NYG_1_A_A,185
7TZU_1_A_A,185
8F4O_1_B_A,185
8JOZ_1_B_A,186
3AMU_1_B_A,187
4V8N_1_CV_A,188
4V8N_1_CW_A,188
4X4V_1_D_A,188
8HTZ_1_X_A,188
6RJG_1_D_A,189
6ZJ3_1_LN_A,190
2CKY_1_A_A,191
1EIY_1_C_A,192
3TUP_1_T_A,192
4V4X_1_AD_A,192
4WC5_1_B_A,192
4WC6_1_B_A,192
4X0B_1_B_A,192
5HC9_1_D_A,192
5WT1_1_C_A,192
5WT1_1_F_A,192
7K98_1_C_A,192
5CCB_1_N_A,193
5CCX_1_N_A,193
5CD1_1_M_A,193
5CD1_1_N_A,193
5LZS_1_3_A,193
6SGC_1_33_A,193
7MRL_1_A_A,193
8D9L_1_C_A,193
1C0A_1_B_A,194
5GAK_1_B_A,194
7QV2_1_x_A,194
1FFY_1_T_A,195
1QU3_1_T_A,195
5O2R_1_x_A,195
7B5K_1_x_A,195
8VU0_1_C_A,195
8WND_1_R_A,195
8WND_1_T_A,195
8ZYD_1_C_A,195
3CW6_1_A_A,196
3J92_1_2_A,196
4V6G_1_CB_A,196
4WR6_1_2K_A,196
4WZO_1_1K_A,196
4WZO_1_2L_A,196
5H5U_1_5_A,196
5IB8_1_2K_A,196
5IBB_1_2L_A,196
5JB3_1_4_A,196
5JBH_1_4_A,196
5L3P_1_x_A,196
5ZEB_1_v_A,196
5ZLU_1_DD_A,196
6BZ7_1_XW_A,196
6GSK_1_2K_A,196
6H58_1_ww_A,196
6OG7_1_5_A,196
6OGF_1_5_A,196
6OT3_1_5_A,196
6SWC_1_4_A,196
6UO1_1_1x_A,196
7CHD_1_I_A,196
7K53_1_6_A,196
7LH5_1_AV_A,196
7NHK_1_D_A,196
7NHL_1_D_A,196
7NWT_1_5_A,196
7P48_1_5_A,196
7P7T_1_D_A,196
7P7U_1_D_A,196
7UG7_1_Dt_A,196
7ZAG_1_4_A,196
8B0X_1_Z_A,196
8EIU_1_Z_A,196
8FR8_1_E_A,196
8RXH_1_S3_A,196
8RXX_1_S3_A,196
8UQM_1_B_A,196
9AX8_1_y_A,196
9CG5_1_Z_A,196
9D0J_1_1x_A,196
9FBV_1_Z_A,196
6NWY_1_XV_A,197
6O3M_1_QV_A,197
8QBT_1_5_A,197
6Q97_1_7_A,198
4PLX_1_A_A,199
4PLX_1_B_A,199
4PLX_1_C_A,199
6SVS_1_B_A,199
8FZR_1_R_A,200
3JBU_1_v_A,201
3JBV_1_W_A,201
4V5H_1_AV_A,201
7OIZ_1_V_A,201
4RDX_1_C_A,202
2ZM5_1_D_A,203
3FOZ_1_C_A,203
3J7R_1_S5_A,203
3J9Z_1_S7_A,203
4V5S_1_AW_A,203
4V6F_1_BC_A,203
4W2I_1_CY_A,203
4WQR_1_1K_A,203
4WRO_1_1K_A,203
4WRO_1_1L_A,203
4WSD_1_1K_A,203
4WSD_1_3K_A,203
4WT8_1_DV_A,203
4WZO_1_3L_A,203
4YCO_1_F_A,203
5DOY_1_1w_A,203
5J8B_1_y_A,203
5W4K_1_2y_A,203
5WF0_1_y_A,203
5WIT_1_1w_A,203
6AZ1_1_4_A,203
6QNR_1_5K_A,203
6UZ7_1_3_A,203
6VWM_1_5_A,203
6W6L_1_v_A,203
6WDI_1_7_A,203
6XHW_1_2w_A,203
6Y3G_1_F_A,203
6Y4B_1_F_A,203
6ZJ3_1_S3_A,203
6ZJ3_1_S4_A,203
7ABZ_1_7_A,203
7AC7_1_7_A,203
7AZO_1_PSIA_A,203
7AZO_1_TRNA_A,203
7AZS_1_ASIA_A,203
7AZS_1_ASIB_A,203
7AZS_1_TRNA_A,203
7N1P_1_Dt_A,203
7PJZ_1_w_A,203
7Q4K_1_D3_A,203
7QGR_1_u_A,203
7QVP_1_D5_A,203
7RQ8_1_1w_A,203
7RQ9_1_2w_A,203
7S1G_1_A_A,203
8FZI_1_x_A,203
8G4S_1_i_A,203
8RCL_1_W1_A,203
8RXX_1_S4_A,203
8V9K_1_y_A,203
9DFC_1_1w_A,203
1I9V_1_A_A,204
1JGO_1_C_A,204
1OB2_1_B_A,204
1QZB_1_B_A,204
3WC2_1_Q_A,204
4V4J_1_2_A,204
4V69_1_AY_A,204
5AXM_1_P_A,204
6GZ4_1_Bw_A,204
6LVR_1_B_A,204
6XIR_1_AZ_A,204
6XZ7_1_g_A,204
8B2L_1_i2_A,204
8CDR_1_Bb_A,204
8CTH_1_C_A,204
4WJ3_1_T_A,205
4V71_1_A1_A,206
5IBB_1_1K_A,206
5IBB_1_1L_A,206
5IBB_1_3K_A,206
6BY1_1_BW_A,206
6ND6_1_1y_A,206
7B5K_1_9_A,206
7D80_1_X_A,206
7EQJ_1_B_A,206
8R3V_1_Y1_A,206
6AHU_1_T_A,207
6GZ5_1_Bv_A,207
8P2K_1_AT_A,207
6OF6_1_QW_A,208
6OJ2_1_QY_A,208
6OJ2_1_XY_A,208
6OPE_1_QY_A,208
6ORD_1_XY_A,208
7AS8_1_2_A,208
7AS9_1_2_A,208
7ASA_1_2_A,208
7OPE_1_2_A,208
8RCT_1_Y_A,208
8S1P_1_a_A,208
6R5Q_1_2_A,209
6R6G_1_2_A,209
6T7T_1_7_A,210
6UFH_1_B_A,211
7B5K_1_z_A,212
5E81_1_1L_A,213
5E81_1_3K_A,213
5EL4_1_3L_A,213
5EL5_1_3L_A,213
5EL6_1_1L_A,213
5IB7_1_1L_A,213
5IB8_1_1K_A,213
5IB8_1_1L_A,213
7D80_1_Z_A,213
7N1P_1_Pt_A,213
7N2U_1_Pt_A,213
7N2V_1_Pt_A,213
7RR5_1_A_A,213
8FOM_1_QV_A,213
7ZS5_1_2_A,214
8FMW_1_X_A,215
8GKH_1_W_A,216
7QI4_1_Aw_A,217
8P8V_1_8_A,217
8Q87_1_V_A,218
9BH5_1_DB_A,218
2AKE_1_B_A,219
2DR2_1_B_A,219
3WQY_1_C_A,220
4LCK_1_B_A,221
4TZP_1_B_A,221
6PMO_1_B_A,221
4V9I_1_AY_A,222
5OA3_1_1_A,223
8S8J_1_1_A,223
6YS3_1_v_A,224
6ZP4_1_1_A,225
7UCK_1_2_A,225
8BTR_1_v_A,225
8IPB_1_cl_A,225
8P09_1_1_A,225
8PJ6_1_w_A,225
8XSY_1_CC_A,225
7LJ3_1_C_A,226
8AM9_1_8_A,227
8R8M_1_Z_A,227
8H8E_1_G_A,228
8OKD_1_C_A,229
8PTZ_1_X_A,229
1B23_1_R_A,230
1U0B_1_A_A,230
7ZTA_1_ATR1_A,230
2DER_1_D_A,231
2DET_1_C_A,231
2DEU_1_D_A,231
5HR6_1_C_A,231
3AL0_1_E_A,232
3Q3Z_1_A_A,233
4YYE_1_D_A,234
6GSL_1_1K_A,235
6GSL_1_1L_A,235
6GSL_1_3K_A,235
6GSL_1_3L_A,235
6TBV_1_PTR1_A,235
8R3V_1_X2_A,235
8AGW_1_x_A,236
8AGX_1_x_A,236
8AGX_1_y_A,236
1DRZ_1_B_A,237
1SJ4_1_R_A,237
4ZNP_1_A_A,238
4ZNP_1_B_A,238
7A5I_1_99_A,239
7NSI_1_BB_A,239
7OID_1_z_A,239
8OIN_1_B9_A,239
7F36_1_E_A,240
7F36_1_H_A,240
7YSE_1_F_A,240
7O81_1_AT_A,241
8APN_1_C1_A,242
8KDA_1_N_A,243
5UD5_1_C_A,244
5UD5_1_D_A,244
5WWT_1_C_A,245
5WWT_1_D_A,245
6M0V_1_B_A,246
6M0W_1_B_A,246
7V93_1_B_A,247
8BTK_1_AT_A,248
8HUD_1_B_A,249
8I0P_1_G_A,250
8I0R_1_G_A,250
8I0T_1_G_A,250
8Q7N_1_Z_A,250
8QO9_1_Z_A,250
3LA5_1_A_A,251
4LX6_1_A_A,251
5E54_1_B_A,251
4JXZ_1_B_A,252
5T2A_1_F_A,253
8A98_1_6_A,253
6YDP_1_AV_A,254
7QI5_1_Ax_A,255
7QI6_1_Ax_A,255
8ANY_1_Ax_A,255
8ANY_1_Ay_A,255
8CTI_1_C_A,256
8UPT_1_A_A,257
8V1H_1_A_A,258
4V5V_1_AK_A,259
7WVJ_1_E_A,259
5L3P_1_y_A,260
6GSK_1_1L_A,260
7U2J_1_1y_A,261
7U2J_1_2w_A,261
8H1C_1_D_A,262
8I0W_1_6_A,263
3IVN_1_B_A,264
4KR2_1_C_A,265
4KR3_1_C_A,265
6DU5_1_B_A,265
5OB3_1_A_A,266
5UZA_1_X_A,267
7QR3_1_C_A,268
8OPT_1_D_A,269
8OST_1_C_A,269
8P6P_1_7_A,269
8OVE_1_BF_A,270
3KFU_1_N_A,271
7NQ4_1_C_A,271
4PQV_1_A_A,272
4WZJ_1_VV_A,273
6U8D_1_A_A,274
6ZM6_1_w_A,275
7QI5_1_Aw_A,275
7E8O_1_X_A,276
8FKZ_1_L2_A,277
6VRD_1_B_A,278
8P7B_1_T_A,278
9EY0_1_T_A,279
9EY1_1_T_A,279
9EY2_1_T_A,279
9GCH_1_T_A,279
1IL2_1_C_A,280
4V5P_1_AY_A,281
4YCP_1_B_A,281
8RCL_1_W_A,281
5A8L_1_B_A,282
1Y27_1_X_A,283
2XNZ_1_A_A,283
2XO1_1_A_A,283
6UC8_1_B_A,283
6ZDP_1_B_A,284
7P7T_1_C_A,285
6V5C_1_D_A,286
7KAB_1_C_A,287
7ONU_1_T_A,288
7U0Y_1_R_A,289
8ANE_1_R_A,290
8CBM_1_T_A,291
8GZQ_1_S_A,292
8WCS_1_G_A,293
8YUS_1_X_A,294
1H4Q_1_T_A,295
6ZDQ_1_C_A,296
8HU1_1_X_A,297
4XW7_1_A_A,298
8FCJ_1_M_A,299
8UW3_1_B_A,300
5BTP_1_B_A,301
6WZS_1_A_A,301
8ETG_1_6_A,302
8EUP_1_6_A,302
1UN6_1_E_A,303
4U7U_1_L_A,304
6VBW_1_K_A,305
6YWX_1_bb_A,306
7VNV_1_B_A,307
8FFY_1_C_A,308
8YB6_1_C_A,309
8YEO_1_C_A,309
4TVX_1_X_A,310
5CD4_1_L_A,310
6DB8_1_R_A,311
5XLO_1_K_A,312
6LNB_1_M_A,312
6UVN_1_M_A,312
6VQV_1_L_A,312
6VQW_1_K_A,312
6WHI_1_M_A,312
7ECW_1_M_A,312
7EQG_1_M_A,312
6PMO_1_A_A,313
7XG1_1_H_A,314
7XG4_1_I_A,314
8DFV_1_E_A,315
8FUK_1_1_A,316
8GXC_1_B_A,317
4QYZ_1_L_A,318
5U0A_1_K_A,318
7KKV_1_B_A,319
7WWU_1_M_A,320
7WWV_1_M_A,320
8K28_1_P_A,320
7TO2_1_B_A,321
8DVU_1_B_A,321
8SCZ_1_B_A,321
8VT5_1_A_A,322
8WT6_1_E_A,323
8WT7_1_E_A,323
8ZLU_1_A_A,324
8ZNR_1_L_A,324
5DDO_1_A_A,325
6XJQ_1_A_A,326
7V9U_1_E_A,327
7XJG_1_H_A,327
8QBL_1_M_A,327
8ZDY_1_L_A,328
1DK1_1_B_A,329
3J7Y_1_B_A,330
6KL9_1_G_A,330
8XT2_1_L2_A,330
5GAO_1_V_A,331
6PRV_1_D_A,332
8BR8_1_Lu_A,333
8PJ4_1_7_A,334
8PJ5_1_7_A,334
8RFJ_1_H_A,335
5LYV_1_B_A,336
6ASX_1_R_A,336
7VTI_1_B_A,337
7VTN_1_B_A,337
8EUY_1_6_A,338
8EEX_1_C_A,339
8EWG_1_B_A,339
6LAS_1_B_A,340
7ZPI_1_B_A,341
4RGF_1_C_A,342
8IDF_1_B_A,343
5TF6_1_D_A,344
6TFE_1_A_A,345
7D7W_1_A_A,345
6VRB_1_B_A,346
8PM4_1_B_A,347
8XZQ_1_A_A,348
5XWY_1_B_A,349
6E9E_1_B_A,350
6IV8_1_B_A,351
6IV9_1_B_A,351
3NPQ_1_C_A,352
6W5C_1_B_A,353
7JRR_1_A_A,354
7SLQ_1_R_A,355
8WFX_1_O_A,356
8X5D_1_O_A,356
6LT7_1_F_A,357
6R47_1_A_A,358
7OGM_1_P_A,359
7WIB_1_V_A,360
8EYU_1_B_A,361
8F0N_1_A_A,361
8HHL_1_B_A,362
8HIO_1_B_A,362
2VPL_1_B_A,363
2VPL_1_D_A,363
4C7O_1_E_A,364
4PJO_1_1_A,365
4PJO_1_3_A,365
4PJO_1_4_A,365
5DH8_1_A_A,366
5DQK_1_A_A,366
5ZTM_1_C_A,367
5LM7_1_G_A,368
5LM7_1_R_A,368
6GOV_1_R_A,368
7EOJ_1_A_A,369
8HBA_1_A_A,370
5K7E_1_A_A,371
8PJ1_1_7_A,372
5XTM_1_B_A,373
6C27_1_B_A,374
7ZJX_1_S_A,375
8ITS_1_A_A,376
8Q6N_1_A_A,377
6D3P_1_A_A,378
6TQN_1_R_A,379
7TR9_1_R_A,380
7TRA_1_R_A,380
8DFO_1_L_A,381
4RMO_1_P_A,382
5EEU_1_W_A,383
5BTM_1_B_A,384
5O6U_1_A_A,385
5W1H_1_B_A,386
5W1I_1_B_A,386
5W1I_1_D_A,386
5WLH_1_B_A,386
7D2L_1_B_A,387
7D8C_1_B_A,387
7LYT_1_B_A,388
7ODF_1_F_A,388
8G9S_1_O_A,389
8GAN_1_K_A,389
5M0H_1_A_A,390
6WPI_1_C_A,390
7PLI_1_L_A,391
7PMQ_1_E_A,391
6H9I_1_C_A,392
7XFZ_1_E_A,392
5KK5_1_B_A,393
5NG6_1_D_A,393
6GTF_1_B_A,393
6GTG_1_B_A,393
6IV6_1_G_A,393
9F9S_1_CM_A,394
4PMI_1_A_A,395
5WTK_1_B_A,396
5XH7_1_B_A,397
6OMV_1_G_A,397
6I1L_1_B_A,398
5NZ6_1_A_A,399
5O69_1_A_A,399
5O69_1_B_A,399
7ZOL_1_C_A,400
8IBW_1_D_A,401
8SFP_1_B_A,402
4PDB_1_I_A,403
6D12_1_C_A,404
7YND_1_B_A,405
8WML_1_R_A,406
6DTD_1_C_A,407
6E8T_1_A_A,408
6E8T_1_D_A,408
6E8U_1_B_A,408
8U5J_1_A_A,408
6SY4_1_C_A,409
6E80_1_A_A,410
6E81_1_A_A,410
6E82_1_A_A,410
8H7Q_1_D_A,411
8HZJ_1_A_A,412
8HZK_1_B_A,412
8IEW_1_B_A,413
8PJ9_1_B_A,414
6C64_1_D_A,415
6C65_1_C_A,415
8U5K_1_A_A,415
8U5T_1_A_A,415
8U60_1_A_A,415
2XD0_1_H_A,416
4C4W_1_D_A,417
5FJ4_1_H_A,417
4V83_1_AV_A,418
4XEJ_1_BIRE_A,418
5DE8_1_C_A,419
7Y80_1_B_A,420
2ZH8_1_B_A,421
8DK7_1_C_A,422
8QWE_1_C_A,423
8W35_1_C_A,424
4ATO_1_G_A,425
6VUH_1_A_A,426
7REX_1_B_A,427
7REX_1_C_A,427
8FB3_1_C_A,427
8E74_1_R_A,428
8E8M_1_R_A,428
8GZR_1_C_A,429
8I54_1_B_A,430
8QZ8_1_V_A,431
3X1L_1_I_A,432
5DA6_1_A_A,433
6AZ4_1_A_A,434
6IFN_1_N_A,435
7OZQ_1_F_A,436
7OZQ_1_H_A,436
4X4N_1_D_A,437
4X4T_1_B_A,437
6F4H_1_B_A,437
6H0R_1_B_A,438
7Q4P_1_2_A,439
8PM0_1_V_A,440
5Y58_1_Z_A,441
2BH2_1_C_A,442
3DEG_1_I_A,443
3EQ4_1_D_A,443
3S8U_1_A_A,443
4NXH_1_A_A,443
7EEM_1_A_A,443
7UCR_1_A_A,443
6DU4_1_B_A,444
6T0U_1_V_A,445
6T0W_1_V_A,445
6T2C_1_V_A,445
7KI3_1_C_A,446
8EXY_1_R_A,447
8KGF_1_G_A,448
5OIK_1_P_A,449
8P4F_1_P_A,449
8YFQ_1_P_A,449
8R3V_1_71_A,450
9BCT_1_7_A,451
4TUW_1_C_A,452
6KWR_1_B_A,453
7ADD_1_R_A,454
7RGU_1_F_A,455
6TED_1_P_A,456
7YCX_1_c_A,456
8A3Y_1_P_A,456
8P4B_1_P_A,456
8FZA_1_B_A,457
5MWI_1_A_A,458
6YMC_1_B_A,459
8D49_1_B_A,460
8DVS_1_B_A,461
6MUU_1_G_A,462
7YFY_1_B_A,463
8PVV_1_R_A,464
3NVI_1_F_A,465
4Z7K_1_C_A,466
5UDZ_1_V_A,467
6BSJ_1_R_A,468
5F9H_1_B_A,469
5UZ6_1_E_A,470
5V9Z_1_A_A,470
6BMD_1_E_A,470
7VFT_1_A_A,471
6KYV_1_K_A,472
7EDN_1_A_A,473
8JL0_1_C_A,474
5F5H_1_D_A,475
6BJV_1_C_A,476
7OPC_1_P_A,477
8P6P_1_Y_A,478
8P7X_1_Y_A,478
8QLP_1_C_A,479
9DR1_1_R_A,480
