file_name,side_chain_count,n_residues,n_unique_side_chains
pdb7ur5.ent,3009,71,4
pdb7yg9.ent,4576,398,4
pdb8d8l.ent,71833,1609,25
pdb2dr2.ent,3868,448,24
pdb6xrq.ent,341,14,4
pdb8d49.ent,9022,1073,24
pdb5ool.ent,83912,1927,25
pdb8j9g.ent,7651,507,28
pdb8t2s.ent,9475,581,24
pdb5onh.ent,15542,860,24
pdb5fq5.ent,24365,1322,28
pdb7k5i.ent,57886,1735,24
pdb6f4h.ent,2980,96,21
pdb5xwg.ent,169,14,4
pdb7r7c.ent,12691,791,24
pdb7r4x.ent,56237,1665,24
pdb5hr6.ent,7063,369,24
pdb3nmr.ent,1351,171,21
pdb5ccb.ent,11912,414,24
pdb5elk.ent,1891,127,24
pdb3x1l.ent,19303,790,28
pdb7qr1.ent,12211,1338,28
pdb8waz.ent,34654,1533,27
pdb4faq.ent,4527,396,4
pdb5ns4.ent,2969,154,22
pdb8psn.ent,21950,515,24
pdb6bmd.ent,1002,23,4
pdb2bs0.ent,3119,129,23
pdb6ppp.ent,8715,111,22
pdb4qyz.ent,25696,495,28
pdb7va6.ent,2886,176,22
pdb5yki.ent,3212,383,22
pdb8ubc.ent,8162,324,24
pdb8ki7.ent,16464,2003,24
pdb8ubb.ent,8869,341,24
pdb5gao.ent,22503,2281,24
pdb6iqw.ent,16665,777,24
pdb8e28.ent,5639,705,22
pdb2bs1.ent,3143,129,23
pdb6ppq.ent,4325,108,22
pdb7a9w.ent,4351,527,23
pdb8psx.ent,22029,513,24
pdb7ttu.ent,52785,2687,24
pdb6ppf.ent,45992,2473,24
pdb3jb9.ent,83215,2021,25
pdb4qvc.ent,2906,65,21
pdb3j5l.ent,59565,2854,24
pdb6wbr.ent,8870,958,28
pdb3add.ent,6061,248,21
pdb5e54.ent,1496,68,4
pdb5nrg.ent,52188,2714,24
pdb8wcs.ent,9435,1082,24
pdb4jv5.ent,36639,1512,25
pdb4cqn.ent,15514,860,24
pdb7z4g.ent,11339,1209,28
pdb5k7e.ent,658,58,5
pdb8iew.ent,4700,534,28
pdb4wal.ent,1040,132,21
pdb3nnh.ent,2988,99,22
pdb2zm5.ent,6306,309,23
pdb5mlc.ent,61017,2765,24
pdb7ecw.ent,22417,434,28
pdb5xym.ent,56113,2671,24
pdb6svs.ent,1718,77,4
pdb8csq.ent,59552,1441,24
pdb3bwp.ent,4032,356,4
pdb4rqe.ent,8853,464,24
pdb5t8y.ent,5928,375,24
pdb5js1.ent,6548,811,23
pdb2xnz.ent,732,65,4
pdb3irw.ent,1763,101,22
pdb5mwi.ent,305,26,3
pdb5xow.ent,5678,685,27
pdb5x8t.ent,61434,2810,24
pdb3b4a.ent,1624,143,4
pdb8te0.ent,165,15,4
pdb5v7c.ent,1305,152,23
pdb8asd.ent,15028,1826,24
pdb7bpg.ent,298,7,3
pdb6ar3.ent,7032,414,27
pdb8s8w.ent,6473,416,22
pdb4yye.ent,8404,453,24
pdb7ygn.ent,6030,747,23
pdb6d9l.ent,12466,791,28
pdb7n06.ent,16566,350,22
pdb9g8p.ent,33965,1246,22
pdb7yg8.ent,4489,392,4
pdb7pmq.ent,15665,458,24
pdb4nxn.ent,36310,1502,24
pdb4k0k.ent,36657,1516,25
pdb8qwe.ent,10890,1205,28
pdb6dmv.ent,2155,141,27
pdb3rg5.ent,1938,69,4
pdb3b4c.ent,1603,141,4
pdb3e2e.ent,7343,839,27
pdb8tdw.ent,11237,484,23
pdb3r1d.ent,770,10,2
pdb4khp.ent,36487,1511,24
pdb8te2.ent,165,15,4
pdb6db8.ent,3981,228,24
pdb7rzz.ent,3367,418,24
pdb5hkv.ent,51965,2697,24
pdb8css.ent,58680,1483,24
pdb7enr.ent,9586,1048,24
pdb6sty.ent,5961,202,23
pdb8dwj.ent,2907,341,26
pdb6dvk.ent,1066,95,4
pdb4pjo.ent,24400,139,24
pdb7py5.ent,29342,1373,27
pdb4by1.ent,32560,1446,28
pdb5guh.ent,5901,766,22
pdb8idf.ent,4127,465,24
pdb6y7c.ent,62288,1778,24
pdb4x0b.ent,3919,367,23
pdb5elh.ent,4698,147,22
pdb7z4e.ent,12707,1378,28
pdb8pj9.ent,9781,1074,28
pdb6n5q.ent,1449,127,4
pdb4a3l.ent,31587,1445,27
pdb6yl5.ent,4488,34,4
pdb9c6j.ent,4454,387,4
pdb8pds.ent,5916,365,21
pdb5kl1.ent,3325,410,23
pdb7xui.ent,28507,1374,27
pdb7s3h.ent,9240,1036,28
pdb3oin.ent,3576,230,24
pdb1k01.ent,32178,2774,24
pdb7ttw.ent,52853,2693,24
pdb6rid.ent,26385,1264,28
pdb7qiy.ent,38309,766,24
pdb4fts.ent,7526,347,23
pdb7aoe.ent,30403,1526,27
pdb8psz.ent,22425,513,24
pdb5gam.ent,17431,990,25
pdb7cxn.ent,20717,930,24
pdb8u5t.ent,1283,36,4
pdb8reb.ent,27763,1406,26
pdb8eex.ent,16718,1336,24
pdb7jrr.ent,575,50,4
pdb6ir9.ent,43802,1524,27
pdb8rec.ent,28019,1406,27
pdb8e3i.ent,13366,1230,23
pdb8ub7.ent,8890,341,24
pdb5ndi.ent,1688,19,4
pdb7qix.ent,71196,1121,24
pdb7xam.ent,64650,3063,24
pdb6rie.ent,36147,1286,28
pdb8ehi.ent,25504,1372,28
pdb6wu9.ent,53742,2742,24
pdb8p1n.ent,20825,1292,23
pdb8wax.ent,34652,1531,27
pdb4qln.ent,1398,117,4
pdb7z4d.ent,22606,1279,28
pdb6n7x.ent,24103,627,24
pdb5l2l.ent,5648,86,21
pdb3cpw.ent,61757,2887,24
pdb8wml.ent,12900,1481,24
pdb7qr3.ent,3026,91,22
pdb7lj3.ent,23467,285,24
pdb8f4o.ent,3069,78,4
pdb8q7n.ent,52463,2305,24
pdb8v1h.ent,799,71,4
pdb5t7b.ent,6557,812,24
pdb2zm6.ent,36246,1508,24
pdb4bwm.ent,4609,561,26
pdb6x2n.ent,35020,1373,27
pdb3eq4.ent,657,506,24
pdb6swc.ent,54089,1475,24
pdb6t2c.ent,10409,697,24
pdb5xlo.ent,15033,346,24
pdb6scf.ent,7557,114,19
pdb3b4b.ent,1624,143,4
pdb8tdv.ent,10825,458,23
pdb5xc6.ent,7334,457,23
pdb5oa3.ent,64452,1737,24
pdb4un4.ent,12069,1314,28
pdb5o60.ent,65330,3120,24
pdb6vpc.ent,14831,1492,28
pdb7n3o.ent,6075,584,24
pdb5h1s.ent,60645,2799,24
pdb8d8j.ent,39519,1327,24
pdb7y2b.ent,144,13,4
pdb6fuw.ent,13338,1223,23
pdb6ck4.ent,4658,113,4
pdb8s95.ent,1649,146,4
pdb8thq.ent,2163,134,23
pdb5o6u.ent,12278,336,28
pdb8cgd.ent,56440,2724,24
pdb8huj.ent,6149,690,24
pdb3nvi.ent,6380,370,24
pdb6ted.ent,56125,1536,28
pdb5xog.ent,33083,1473,28
pdb6du4.ent,2720,291,24
pdb6o0x.ent,9810,1114,28
pdb8q6n.ent,528,46,4
pdb2c4y.ent,3210,129,23
pdb4wc5.ent,3887,367,23
pdb5xtm.ent,2937,123,23
pdb8hnw.ent,7784,823,28
pdb8syi.ent,28662,1237,28
pdb6xjq.ent,8052,230,24
pdb6n5t.ent,1427,125,4
pdb8wnd.ent,16699,1067,24
pdb6ifn.ent,17727,757,24
pdb5udz.ent,2655,163,24
pdb3adc.ent,6059,243,21
pdb6u8d.ent,4122,248,24
pdb6rh3.ent,25725,1372,28
pdb6ri7.ent,27872,1373,28
pdb1grz.ent,5640,247,4
pdb5us2.ent,1198,138,27
pdb8kda.ent,22612,190,23
pdb7tuv.ent,5377,676,22
pdb6wzs.ent,1391,62,4
pdb8ube.ent,8943,339,24
pdb5gah.ent,63105,2883,25
pdb8rfj.ent,23461,732,28
pdb6u6y.ent,14256,443,22
pdb6een.ent,10181,319,21
pdb8ubd.ent,8878,341,24
pdb5ng6.ent,42796,1286,24
pdb3jcm.ent,55565,2402,24
pdb8b9i.ent,7886,995,22
pdb8wb0.ent,34652,1534,27
pdb7c79.ent,24012,856,24
pdb3a3a.ent,969,69,4
pdb8p09.ent,67765,1782,24
pdb6ymc.ent,590,26,4
pdb7mlw.ent,1444,125,4
pdb6gfw.ent,27066,1406,27
pdb5ns3.ent,2901,149,22
pdb5lj3.ent,58540,2092,25
pdb6n9v.ent,21034,729,27
pdb6kqd.ent,56224,1488,26
pdb6id1.ent,75790,2015,24
pdb8uw3.ent,11245,1270,28
pdb6i1l.ent,22230,1304,28
pdb5wsg.ent,72927,2081,25
pdb6uv2.ent,3527,439,24
pdb5axm.ent,4527,239,24
pdb5det.ent,1583,99,20
pdb8hnv.ent,7948,752,28
pdb6mpf.ent,36723,1512,25
pdb6q8v.ent,213,18,3
pdb8viv.ent,3311,412,24
pdb6h5s.ent,2921,364,23
pdb6du5.ent,2476,276,23
pdb4u6k.ent,326,9,4
pdb5x8r.ent,40612,1485,24
pdb8cgr.ent,22379,1081,24
pdb7ez2.ent,4600,400,4
pdb8c00.ent,48867,1565,24
pdb5zw4.ent,1959,216,23
pdb6d8n.ent,3632,159,4
pdb1qu3.ent,7967,881,24
pdb8tjx.ent,4162,365,4
pdb3la5.ent,793,71,4
pdb6ck5.ent,2345,109,4
pdb4pqv.ent,786,68,4
pdb6ar5.ent,302,14,8
pdb4un3.ent,12057,1309,28
pdb8dmb.ent,11512,339,28
pdb6dlt.ent,1205,105,4
pdb6vqw.ent,20081,416,24
pdb7wju.ent,6767,407,28
pdb4nxh.ent,631,26,4
pdb8as6.ent,12645,1566,23
pdb7yfy.ent,6347,759,24
pdb8s55.ent,37270,1475,27
pdb8opt.ent,14429,879,24
pdb8t2a.ent,4337,228,24
pdb6tpq.ent,61036,2928,24
pdb5m5x.ent,33761,1547,28
pdb2z75.ent,1627,144,5
pdb9enf.ent,6417,338,24
pdb4w92.ent,1718,117,21
pdb6tqb.ent,1628,172,24
pdb8csu.ent,59665,1520,24
pdb4yco.ent,9810,311,24
pdb8x0s.ent,264,11,2
pdb2c4z.ent,3190,129,23
pdb8qcf.ent,30380,1041,21
pdb4wc6.ent,3897,367,23
pdb8hnt.ent,9592,1003,24
pdb5c5w.ent,478,19,4
pdb4pdb.ent,1451,155,23
pdb2d3o.ent,34985,2802,23
pdb8dzk.ent,14428,353,22
pdb9b0l.ent,5537,583,28
pdb4csu.ent,64449,2903,24
pdb7ml4.ent,61886,1435,27
pdb5gxi.ent,5289,667,22
pdb7mlb.ent,28047,1488,27
pdb5u0a.ent,27569,522,28
pdb7s38.ent,12637,1355,28
pdb6ww6.ent,3782,192,23
pdb2wj8.ent,59783,385,21
pdb3mij.ent,140,12,3
pdb8ubf.ent,8271,328,24
pdb6lnb.ent,28624,622,28
pdb7a5p.ent,50133,2306,25
pdb8eg7.ent,25548,1373,28
pdb8ree.ent,27666,1407,28
pdb7f36.ent,8284,161,24
pdb8wzc.ent,1372,168,21
pdb7jrt.ent,3050,134,4
pdb8uo6.ent,3062,134,4
pdb2nqp.ent,9075,268,24
pdb6lvr.ent,4385,252,24
pdb9cbu.ent,4413,387,4
pdb5b2r.ent,11879,1322,27
pdb7c7l.ent,8616,513,28
pdb6w5c.ent,9188,1053,28
pdb5en1.ent,1572,191,24
pdb4jxz.ent,5092,609,24
pdb2bj6.ent,456,10,4
pdb8dzj.ent,7166,416,28
pdb8fcj.ent,25740,498,28
pdb8hmy.ent,10769,527,24
pdb7k98.ent,19719,836,24
pdb7k9y.ent,7446,426,28
pdb5hsw.ent,3432,444,24
pdb4g0a.ent,10260,313,22
pdb8h8e.ent,15069,350,24
pdb8cst.ent,57254,1525,24
pdb6swe.ent,17715,673,24
pdb6dtd.ent,17597,1088,24
pdb8hba.ent,1132,50,4
pdb7kab.ent,9565,835,24
pdb7uim.ent,9352,569,24
pdb6ogy.ent,74252,1062,23
pdb2vum.ent,31584,1445,27
pdb8d71.ent,13277,821,23
pdb5ztm.ent,3076,208,24
pdb1aq3.ent,3207,129,23
pdb5v9z.ent,356,24,4
pdb4u8t.ent,7873,165,23
pdb3kfu.ent,30402,540,25
pdb6cih.ent,7179,616,4
pdb6vqv.ent,24076,434,24
pdb7ndj.ent,2964,198,22
pdb8d9l.ent,5080,362,24
pdb5anc.ent,35191,2282,24
pdb3gtm.ent,30063,1445,28
pdb6jdv.ent,10362,1048,28
pdb7nav.ent,37590,1502,24
pdb7eqg.ent,25065,340,28
pdb8t6x.ent,12093,1278,28
pdb4r4v.ent,3919,185,4
pdb8cbm.ent,13684,434,24
pdb8ca7.ent,12376,699,24
pdb8axa.ent,6629,611,28
pdb5zq0.ent,3705,460,23
pdb8d2l.ent,10408,1111,28
pdb4plx.ent,2398,74,4
pdb6xas.ent,46211,1373,28
pdb7wvj.ent,11570,687,22
pdb5zet.ent,65184,3103,24
pdb7bog.ent,22676,1064,24
pdb3g96.ent,9651,142,22
pdb6jq6.ent,923,81,4
pdb7ubm.ent,30525,1376,27
pdb5tf6.ent,7356,370,24
pdb7rex.ent,2128,34,4
pdb6xmg.ent,6820,651,24
pdb5wt1.ent,6511,332,24
pdb9fvd.ent,9606,381,23
pdb9asn.ent,10722,1019,24
pdb7aqc.ent,64608,2822,24
pdb8ey7.ent,855,99,21
pdb9c0j.ent,5348,426,28
pdb8p4c.ent,40608,1460,28
pdb5kk5.ent,10489,1225,28
pdb8pvv.ent,5965,427,28
pdb5n61.ent,47819,1537,27
pdb7xd6.ent,5215,459,4
pdb6b3k.ent,4277,228,24
pdb5ux0.ent,11535,640,28
pdb5bz5.ent,3044,376,23
pdb7adb.ent,50461,1392,28
pdb7zq5.ent,58668,2900,24
pdb6ufm.ent,2004,98,4
pdb4zld.ent,1431,168,24
pdb8iuo.ent,14435,397,21
pdb7xht.ent,5662,414,28
pdb3deg.ent,9626,677,24
pdb6kop.ent,24057,1277,28
pdb6b14.ent,4280,228,24
pdb8u3b.ent,31990,1376,25
pdb7afk.ent,13909,679,24
pdb1u0b.ent,4354,461,24
pdb4ji4.ent,36347,1501,24
pdb4zlr.ent,9028,293,21
pdb7xd7.ent,4604,405,4
pdb8bh9.ent,4479,523,24
pdb5lyv.ent,1384,52,4
pdb8ui0.ent,88580,1471,28
pdb5ll6.ent,41933,1325,24
pdb8rza.ent,3814,468,21
pdb6exv.ent,31979,1477,28
pdb4tzp.ent,4988,102,19
pdb7mka.ent,32503,1486,28
pdb6gbz.ent,57322,2789,24
pdb8ey6.ent,761,93,21
pdb8p4b.ent,34623,1460,28
pdb7cgm.ent,2870,357,23
pdb8wid.ent,35978,1522,24
pdb6pmo.ent,1456,130,4
pdb6evj.ent,36060,759,24
pdb8etg.ent,76996,2138,24
pdb8pnf.ent,6555,289,22
pdb6uq3.ent,28610,1433,28
pdb2bny.ent,3198,129,23
pdb7d8c.ent,8810,1041,23
pdb6xmf.ent,6291,638,24
pdb8aby.ent,25292,1372,27
pdb3ktv.ent,4206,216,23
pdb2c0b.ent,3667,488,24
pdb6cyt.ent,5435,330,24
pdb7lma.ent,16985,1064,26
pdb6zxe.ent,64048,1721,24
pdb8tvs.ent,55956,1422,29
pdb7rim.ent,28624,1433,28
pdb5ckk.ent,686,50,8
pdb4p9r.ent,2167,189,4
pdb5vsu.ent,8496,415,24
pdb7wtt.ent,67886,1775,24
pdb8zyd.ent,6256,315,24
pdb5jvh.ent,55668,2681,24
pdb6car.ent,36564,1500,24
pdb5zq1.ent,3674,459,23
pdb4gzy.ent,24010,1482,28
pdb6d12.ent,1964,139,23
pdb6ow3.ent,28041,1486,25
pdb6zol.ent,20812,787,24
pdb8t6y.ent,10413,1148,28
pdb6fql.ent,3155,403,24
pdb1sj4.ent,1585,168,22
pdb8atv.ent,10603,1257,26
pdb7lyf.ent,1582,139,4
pdb8qpb.ent,41568,2049,24
pdb5vjb.ent,692,15,3
pdb5fmz.ent,34396,751,24
pdb7nau.ent,36890,1514,24
pdb6c6s.ent,27068,1373,28
pdb8d2o.ent,7270,755,28
pdb8axb.ent,6082,574,24
pdb3g9c.ent,9672,141,22
pdb7wtv.ent,68396,1774,24
pdb8cwo.ent,23713,1036,24
pdb7eiu.ent,2476,154,23
pdb8vm8.ent,4375,229,24
pdb7nt5.ent,39422,398,20
pdb1ffy.ent,8261,917,24
pdb2zh8.ent,4016,437,24
pdb3g4s.ent,62198,2760,24
pdb4kvb.ent,35615,1502,24
pdb7mdl.ent,16197,484,24
pdb8yfq.ent,41344,1466,28
pdb3q3z.ent,1680,74,4
pdb8eyu.ent,1093,49,4
pdb9c0i.ent,5709,426,27
pdb8uis.ent,79226,1471,28
pdb4frg.ent,1920,84,4
pdb8ptj.ent,17691,511,24
pdb7dul.ent,36574,1501,24
pdb7xd5.ent,4615,406,4
pdb6em4.ent,27610,1560,24
pdb7ae3.ent,42107,1390,27
pdb7afi.ent,23021,1061,24
pdb1b23.ent,3898,405,24
pdb6gx6.ent,1303,159,22
pdb8e74.ent,24826,1284,28
pdb6ys5.ent,12070,664,24
pdb3ccu.ent,62182,2760,24
pdb8e8m.ent,23700,1284,28
pdb6bjv.ent,5326,149,24
pdb6k4s.ent,11271,1309,27
pdb6em5.ent,47676,2502,24
pdb8kbf.ent,2120,129,21
pdb3v74.ent,3261,405,24
pdb7jnh.ent,1220,85,4
pdb8w35.ent,2271,117,23
pdb6wdr.ent,58003,1867,24
pdb8p4a.ent,35871,1460,28
pdb8gap.ent,18913,1093,26
pdb8eyt.ent,36539,1415,24
pdb6uq0.ent,28569,1433,28
pdb4ds6.ent,4499,393,4
pdb9dn4.ent,6963,241,24
pdb8p8b.ent,64627,2897,25
pdb5zkj.ent,10655,315,28
pdb9bct.ent,39041,1152,28
pdb7lmb.ent,16888,1064,26
pdb5cd1.ent,22473,412,24
pdb6zxf.ent,63537,1737,24
pdb4rum.ent,1051,92,4
pdb4pmi.ent,1311,71,22
pdb8vm9.ent,8544,228,24
pdb6spd.ent,60691,2852,24
pdb8qh3.ent,10685,1321,24
pdb8jh3.ent,40578,1538,27
pdb7uxa.ent,7340,515,24
pdb8d2n.ent,10169,1111,28
pdb7y80.ent,10217,1218,24
pdb8dfv.ent,16100,1775,24
pdb8j1z.ent,52179,2501,24
pdb7nat.ent,36440,1422,24
pdb9bw0.ent,30476,1444,28
pdb8c99.ent,18547,958,23
pdb7wl0.ent,8777,226,23
pdb8j3r.ent,8153,517,28
pdb4rmo.ent,14076,152,23
pdb6vuh.ent,733,33,4
pdb7lyt.ent,13428,740,28
pdb8c8x.ent,54537,2705,24
pdb7uu4.ent,3168,373,22
pdb6fpx.ent,4495,188,23
pdb5a2q.ent,61284,1741,25
pdb6zmt.ent,60498,1734,24
pdb7l48.ent,10044,522,24
pdb6cu1.ent,900,79,4
pdb4wfl.ent,1197,105,4
pdb1ffk.ent,35990,2718,24
pdb5osg.ent,2591,268,24
pdb4yhh.ent,36516,1508,24
pdb8xmd.ent,34752,1266,27
pdb8wic.ent,59182,3023,24
pdb4dr6.ent,36628,1503,24
pdb8ibw.ent,8682,994,28
pdb8yeo.ent,23068,340,28
pdb7slq.ent,4892,509,24
pdb8upt.ent,808,69,4
pdb7zhg.ent,45909,1446,24
pdb6g63.ent,31712,504,22
pdb8k4e.ent,34933,1426,24
pdb6gtg.ent,11671,1321,28
pdb6nqb.ent,29159,1345,24
pdb7add.ent,50604,1393,28
pdb7v2n.ent,37078,1399,24
pdb6rbe.ent,55221,1750,24
pdb6bgb.ent,498,15,4
pdb3ccq.ent,62183,2760,24
pdb6iv6.ent,9850,1206,24
pdb7syp.ent,61025,1756,24
pdb5w5y.ent,45618,1541,29
pdb7v2o.ent,38133,1491,24
pdb6gyv.ent,2177,190,4
pdb1e7k.ent,2317,125,23
pdb6yrb.ent,1562,105,21
pdb7duh.ent,36525,1501,24
pdb6gtf.ent,10248,1302,28
pdb8uiw.ent,9438,228,24
pdb8r8r.ent,13026,1246,22
pdb1e8s.ent,147,180,24
pdb8p4d.ent,39407,1460,28
pdb5ytx.ent,637,78,20
pdb3v71.ent,3004,371,24
pdb8g5m.ent,14237,995,28
pdb3tup.ent,4188,415,24
pdb8i54.ent,19027,1136,28
pdb1y27.ent,745,66,4
pdb6neq.ent,56256,955,25
pdb7chd.ent,12570,182,24
pdb7aqd.ent,63297,2920,24
pdb5cd4.ent,52056,496,24
pdb8cx2.ent,14855,385,22
pdb7kkv.ent,1432,148,22
pdb4wfm.ent,2304,101,4
pdb6vbw.ent,28068,610,28
pdb6v5c.ent,11591,973,24
pdb6alf.ent,25543,1373,28
pdb7l49.ent,10564,522,28
pdb1drz.ent,1583,163,21
pdb3g8t.ent,9730,142,22
pdb2ja8.ent,31611,1448,28
pdb7ynd.ent,17718,1616,24
pdb6c4h.ent,8605,788,24
pdb6s0k.ent,68579,2889,24
pdb8axf.ent,8674,306,21
pdb4ue5.ent,6959,433,24
pdb5xh7.ent,11320,1303,28
pdb7naf.ent,15012,795,24
pdb6je4.ent,45220,1063,28
pdb5ah5.ent,14247,790,24
pdb6m7k.ent,5406,321,22
pdb7nas.ent,22531,969,24
pdb8j1j.ent,8318,517,28
pdb7nad.ent,35562,1503,24
pdb5hc9.ent,8606,425,24
pdb8dk7.ent,7331,226,24
pdb8jh4.ent,41211,1557,27
pdb8z8n.ent,12336,702,24
pdb6ovr.ent,28079,1486,25
pdb6xus.ent,265,11,4
pdb8t78.ent,8428,863,28
pdb6c64.ent,1243,36,4
pdb6dpn.ent,2138,141,27
pdb6spc.ent,35380,1526,24
pdb8cvm.ent,61294,2886,24
pdb8a5i.ent,57981,2910,24
pdb8v6h.ent,37676,1387,28
pdb6ff7.ent,86011,2316,24
pdb4wf9.ent,52197,2716,24
pdb7rgu.ent,19277,125,24
pdb3g78.ent,4567,390,4
pdb7bai.ent,3320,133,24
pdb3p49.ent,2683,173,22
pdb7as8.ent,63834,2813,24
pdb7vpx.ent,40010,1306,24
pdb4am3.ent,13838,622,24
pdb5nxt.ent,394,18,4
pdb7asn.ent,52183,2741,24
pdb8eup.ent,62491,1454,24
pdb7z26.ent,2429,153,23
pdb3cw6.ent,823,71,4
pdb7mjv.ent,3646,444,24
pdb1il2.ent,10657,1299,24
pdb8wfx.ent,26676,807,24
pdb5eeu.ent,12333,115,19
pdb8p4f.ent,42717,1477,28
pdb3v7e.ent,3816,410,20
pdb6kwr.ent,3997,487,24
pdb7o0g.ent,5948,736,28
pdb7ofw.ent,4170,511,22
pdb7tre.ent,11178,1080,27
pdb5btm.ent,952,43,4
pdb7dvq.ent,97007,2347,24
pdb7xfz.ent,11020,346,28
pdb6r9q.ent,4632,614,22
pdb7v2m.ent,40367,1490,24
pdb6ufh.ent,2763,166,4
pdb3cce.ent,62187,2760,24
pdb6kl9.ent,11933,1180,24
pdb7afo.ent,24352,968,24
pdb6r47.ent,732,64,4
pdb7vft.ent,265,23,4
pdb5bz1.ent,3111,381,22
pdb6ys3.ent,59744,2888,24
pdb7mpn.ent,13396,208,22
pdb8r57.ent,19763,755,24
pdb3t5n.ent,2246,288,23
pdb8gxc.ent,5169,97,22
pdb6kc7.ent,9124,970,28
pdb8kal.ent,24607,1329,28
pdb8ptz.ent,16357,826,24
pdb3zc0.ent,19000,191,23
pdb8uhg.ent,88563,1471,28
pdb4c8z.ent,7655,238,22
pdb4zt0.ent,22028,1343,23
pdb8exa.ent,4187,431,28
pdb7mjw.ent,7418,441,24
pdb5lm7.ent,12274,429,24
pdb8g9z.ent,16332,469,23
pdb8ruk.ent,4399,388,4
pdb4al6.ent,2592,157,23
pdb6y0t.ent,1352,27,4
pdb6pmj.ent,56958,1376,26
pdb4x4n.ent,31247,437,24
pdb7as9.ent,63150,2813,24
pdb5wwx.ent,763,89,21
pdb4rzd.ent,2165,98,4
pdb8vaj.ent,6860,837,24
pdb8cx1.ent,15018,383,22
pdb8ffr.ent,75296,423,22
pdb4wfn.ent,55976,2704,24
pdb7kga.ent,2032,90,4
pdb5jbh.ent,54690,1495,25
pdb6c65.ent,1280,36,4
pdb8dg5.ent,15737,1754,24
pdb5msg.ent,17848,750,24
pdb5f5f.ent,5728,172,24
pdb3ivn.ent,1554,69,4
pdb5oik.ent,37079,1477,28
pdb5hl7.ent,52531,2708,24
pdb6d2z.ent,3037,190,22
pdb4rc0.ent,155,10,4
pdb8c8z.ent,44750,2205,24
pdb8qrm.ent,58853,1596,24
pdb2ake.ent,3836,445,24
pdb3wqy.ent,15280,981,24
pdb5o20.ent,1374,170,24
pdb5f9h.ent,32016,684,24
pdb8cah.ent,77988,1781,25
pdb8hrb.ent,95084,870,24
pdb6ddg.ent,52062,2649,24
pdb8sfp.ent,11187,1240,28
pdb6cc3.ent,2194,100,4
pdb2ja6.ent,31618,1448,28
pdb7uo5.ent,10243,373,23
pdb8cti.ent,4588,318,24
pdb8h2h.ent,12977,704,24
pdb5jb3.ent,54704,1495,25
pdb1fjg.ent,36664,1510,24
pdb8ane.ent,36080,316,24
pdb6h0r.ent,672,31,4
pdb6zxz.ent,870,25,4
pdb8hhl.ent,5919,621,28
pdb8pm4.ent,5709,636,28
pdb7s9u.ent,44260,2438,24
pdb4x4t.ent,31259,437,24
pdb6wjr.ent,1272,111,4
pdb4tuw.ent,1739,100,23
pdb1i95.ent,19805,1515,24
pdb4f3t.ent,6595,815,24
pdb6gc7.ent,35400,1901,24
pdb6bk8.ent,78335,2209,25
pdb6e8t.ent,1636,36,4
pdb430d.ent,322,28,4
pdb5wlh.ent,11180,1331,24
pdb4c9d.ent,8713,265,23
pdb8eoe.ent,24491,1282,28
pdb6e7l.ent,244,22,4
pdb8gzq.ent,9682,890,24
pdb7syh.ent,60170,1773,24
pdb4c7o.ent,9229,303,23
pdb6iv9.ent,7680,924,24
pdb7q4p.ent,12600,1096,24
pdb6iv8.ent,14832,897,23
pdb7ojn.ent,16574,2010,24
pdb8b0j.ent,27036,501,24
pdb7a0r.ent,56078,2730,24
pdb7oib.ent,76829,1214,24
pdb5g2y.ent,7196,630,4
pdb6wqn.ent,52696,2690,24
pdb6wru.ent,53902,2668,24
pdb5y58.ent,28114,595,24
pdb7ofz.ent,4222,516,22
pdb6e8u.ent,434,37,4
pdb7ode.ent,72585,1990,24
pdb6gc6.ent,40484,2092,24
pdb6g51.ent,34073,1830,24
pdb8pbl.ent,25603,1373,28
pdb8g6y.ent,59270,2729,24
pdb6wjs.ent,1252,109,4
pdb9asq.ent,11353,1048,24
pdb5wwt.ent,8727,461,24
pdb8iby.ent,8522,978,24
pdb7qtl.ent,17755,758,24
pdb8f0n.ent,1101,49,4
pdb1xmq.ent,36691,1516,24
pdb6mwn.ent,8746,318,24
pdb4wfb.ent,52183,2709,24
pdb8qfs.ent,12583,1286,24
pdb7edn.ent,250,22,4
pdb4y1n.ent,5830,262,4
pdb4wkr.ent,2612,166,22
pdb1ob2.ent,3754,393,24
pdb8cth.ent,4635,316,24
pdb8z85.ent,10288,636,24
pdb6owl.ent,127,10,4
pdb8cai.ent,24870,1137,24
pdb7pdv.ent,3352,113,23
pdb6tnn.ent,61157,2930,24
pdb6sj6.ent,51281,2587,24
pdb4e8r.ent,4492,393,4
pdb2xd0.ent,10236,166,24
pdb5x2h.ent,7388,762,28
pdb8c91.ent,38340,2077,24
pdb6je9.ent,19878,1064,24
pdb6d3p.ent,516,45,4
pdb6zn5.ent,62664,1836,24
pdb3npq.ent,1735,51,4
pdb5f5h.ent,2872,173,24
pdb8s1p.ent,58817,2723,25
pdb2vpl.ent,3247,137,22
pdb8x5d.ent,18007,375,24
pdb8jsg.ent,37521,1540,24
pdb1q2r.ent,12100,376,25
pdb7nun.ent,6359,289,23
pdb8olv.ent,4499,394,4
pdb6kyv.ent,33292,694,24
pdb6g90.ent,59911,1337,26
pdb4a93.ent,31651,1445,27
pdb4aob.ent,1084,94,4
pdb6gov.ent,33937,1394,28
pdb7asa.ent,6944,619,24
pdb6icz.ent,93585,2347,24
pdb7mjy.ent,3658,448,23
pdb3v6y.ent,3241,404,24
pdb8w2o.ent,24817,627,24
pdb2uub.ent,36761,1513,24
pdb4fsj.ent,7531,350,23
pdb8gwb.ent,21334,929,24
pdb4frn.ent,2324,102,4
pdb4c4w.ent,5664,117,23
pdb6ufg.ent,2715,165,4
pdb8gzr.ent,10907,885,24
pdb7oi6.ent,56676,1330,24
pdb8bf9.ent,36842,1947,25
pdb8bf8.ent,3576,409,24
pdb6uej.ent,1679,213,22
pdb7oi7.ent,78575,1176,24
pdb4z92.ent,5345,280,22
pdb4znp.ent,1604,73,4
pdb4xw1.ent,84,8,3
pdb6gv4.ent,13931,290,23
pdb6wpi.ent,5245,588,24
pdb7xg1.ent,15597,346,24
pdb6e9e.ent,7652,914,24
pdb7odf.ent,6095,710,28
pdb7oeb.ent,11618,1434,23
pdb7xs4.ent,2627,333,22
pdb5ki6.ent,6510,807,23
pdb5wzg.ent,4282,544,24
pdb5ytt.ent,681,81,22
pdb8exy.ent,24702,1282,28
pdb7d58.ent,40134,1388,27
pdb7opc.ent,63266,1481,29
pdb6g4w.ent,29594,1761,25
pdb1i9v.ent,832,74,4
pdb8gan.ent,26402,589,28
pdb7da7.ent,10925,688,24
pdb4x4v.ent,15840,443,24
pdb6bsj.ent,8184,553,28
pdb8ygj.ent,17150,1348,28
pdb4xbf.ent,12724,671,23
pdb3al0.ent,13096,590,24
pdb8ibz.ent,8472,985,24
pdb4ang.ent,3484,131,22
pdb5www.ent,825,100,22
pdb3amu.ent,4121,407,24
pdb7ki3.ent,13615,828,24
pdb6omv.ent,12539,1218,28
pdb1ond.ent,31875,2765,23
pdb6ol3.ent,2438,111,4
pdb4pmw.ent,22654,705,21
pdb4y1m.ent,2086,107,4
pdb1fka.ent,20180,1498,25
pdb5jbg.ent,5609,661,24
pdb8dp3.ent,4330,228,24
pdb3ndb.ent,5562,421,24
pdb6cc1.ent,2204,100,4
pdb8d2p.ent,10132,1110,28
pdb5a0t.ent,7062,456,23
pdb5ho4.ent,1551,189,24
pdb6az1.ent,59580,1773,24
pdb4rbz.ent,135,10,4
pdb7bv8.ent,61315,2897,24
pdb1jgo.ent,4642,1518,24
pdb6zce.ent,59110,1782,24
pdb8c90.ent,42536,2100,24
pdb7uvt.ent,8549,386,4
pdb8clm.ent,288,9,4
pdb6m6c.ent,24040,1486,28
pdb6jfu.ent,8008,890,28
pdb6fpq.ent,1592,181,23
pdb7lyj.ent,749,66,4
pdb8qp8.ent,32687,2011,24
pdb8jft.ent,10316,1041,24
pdb7y7s.ent,15001,959,28
pdb1dk1.ent,1379,139,21
pdb6xz7.ent,61889,2873,24
pdb5v3f.ent,606,31,4
pdb7wtz.ent,68872,1801,24
pdb8vmb.ent,4275,230,24
pdb7wwv.ent,18530,303,28
pdb7boh.ent,36590,1517,24
pdb8x5v.ent,8773,908,28
pdb8ffy.ent,6774,487,24
pdb6xll.ent,30127,1375,28
pdb5da6.ent,785,32,3
pdb7eem.ent,297,26,4
pdb6a6j.ent,1470,94,21
pdb8why.ent,58332,3018,24
pdb5k36.ent,29638,991,22
pdb6kug.ent,601,77,21
pdb8ey8.ent,784,92,21
pdb9c3i.ent,2728,231,24
pdb7mk9.ent,35242,1477,27
pdb6g4s.ent,32838,1790,25
pdb6rlp.ent,29832,153,20
pdb7sva.ent,6412,803,24
pdb4z7k.ent,3675,218,24
pdb6pvk.ent,38862,2171,24
pdb5btp.ent,1415,64,4
pdb3j3v.ent,56130,2884,24
pdb8kag.ent,12264,1347,24
pdb8eot.ent,24590,1282,28
pdb8its.ent,533,46,4
pdb3vyy.ent,1921,86,21
pdb5y88.ent,68898,2047,24
pdb7oi3.ent,3138,395,21
pdb6r7g.ent,21230,237,21
pdb2y95.ent,3130,14,4
pdb5uza.ent,1509,69,4
pdb4d25.ent,3441,433,23
pdb6ypu.ent,22823,1064,24
pdb5uz6.ent,1041,24,4
pdb7zpi.ent,12570,760,24
pdb7mrl.ent,3292,108,23
pdb6e82.ent,423,36,4
pdb3j3w.ent,49727,2685,24
pdb8bh6.ent,36078,1553,24
pdb7xg4.ent,23486,625,28
pdb8ptg.ent,19950,419,23
pdb6p4h.ent,60375,1971,24
pdb7c07.ent,17931,194,23
pdb7mkn.ent,33485,1376,28
pdb7s4u.ent,10552,1094,28
pdb6gc0.ent,55659,2729,24
pdb6exn.ent,75811,2106,25
pdb5wti.ent,9642,984,28
pdb4x4s.ent,16056,443,24
pdb6rt6.ent,2509,165,21
pdb5nz6.ent,877,39,4
pdb8qg0.ent,5758,427,28
pdb8a40.ent,33384,1477,28
pdb8hio.ent,6209,599,24
pdb5opt.ent,62004,2022,24
pdb4io9.ent,55706,2710,24
pdb8hk1.ent,28703,1302,24
pdb7uo2.ent,4023,271,23
pdb1h2c.ent,1008,128,22
pdb7kd1.ent,1034,89,4
pdb6az4.ent,462,32,4
pdb6oy7.ent,28089,1487,25
pdb8dh0.ent,25208,848,28
pdb7y7r.ent,15133,960,28
pdb8c97.ent,23243,1292,24
pdb6sjd.ent,6062,195,24
pdb6tmf.ent,50488,1485,24
pdb8vt5.ent,646,59,4
pdb6z9q.ent,51569,1404,27
pdb5zsb.ent,12611,779,22
pdb6c6k.ent,8408,466,24
pdb8dfo.ent,23411,572,24
pdb8vma.ent,8604,228,24
pdb6sqn.ent,2857,97,23
pdb4wj3.ent,53005,590,25
pdb4kzy.ent,60369,1840,24
pdb8spo.ent,29749,507,28
pdb6zxh.ent,59445,1676,24
pdb7wwu.ent,18374,303,24
pdb8him.ent,23363,1186,27
pdb3w3s.ent,5409,521,23
pdb6muu.ent,16464,780,24
pdb8ac1.ent,24888,1374,27
pdb6oon.ent,6445,794,22
pdb8acp.ent,25717,1374,28
pdb7ucr.ent,742,27,4
pdb4x4q.ent,16106,443,24
pdb8euy.ent,64058,1461,24
pdb6y3g.ent,771,67,4
pdb5wtk.ent,10207,1215,24
pdb8p6p.ent,39135,1530,24
pdb5yts.ent,641,78,20
pdb4f1n.ent,14228,914,22
pdb7ogm.ent,17193,695,24
pdb6l1w.ent,1786,220,22
pdb6e80.ent,412,35,4
pdb3t5q.ent,14240,317,23
pdb7oi0.ent,19251,969,24
pdb8it1.ent,32140,507,26
pdb5uz4.ent,37923,1532,24
pdb3ccl.ent,62185,2760,24
pdb7xjg.ent,11089,317,28
pdb7mqc.ent,12396,207,21
pdb7syl.ent,60157,1773,24
pdb4xw7.ent,739,64,4
pdb4ji8.ent,36335,1501,24
pdb8uku.ent,28527,1433,28
pdb7jyy.ent,6760,433,22
pdb6e81.ent,425,36,4
pdb9dtt.ent,7603,856,24
pdb6eml.ent,59136,1719,24
pdb4ato.ent,1763,172,23
pdb8p7b.ent,10455,473,24
pdb7ope.ent,63904,2815,24
pdb4qg3.ent,2685,308,23
pdb7d7w.ent,581,51,4
pdb7s4v.ent,10816,1124,28
pdb8g5p.ent,14141,989,27
pdb8urw.ent,29005,1237,27
pdb5wwf.ent,3135,188,23
pdb8g9s.ent,25338,582,24
pdb4x4p.ent,31373,437,24
pdb6whi.ent,21588,434,28
pdb8ewg.ent,9057,1063,24
pdb2jlt.ent,365,18,4
pdb8ac0.ent,26550,1373,28
pdb7rdq.ent,27539,1487,25
pdb8sqj.ent,25034,929,24
pdb7uo1.ent,12029,378,23
pdb5m0h.ent,475,42,4
pdb2cky.ent,1770,77,4
pdb6zym.ent,45851,1747,24
pdb4kzx.ent,59490,1797,24
pdb8ana.ent,57425,2714,24
pdb1a9n.ent,4710,176,23
pdb6o75.ent,7747,728,21
pdb4p8z.ent,2134,188,4
pdb5zsc.ent,12611,779,23
pdb5sze.ent,620,73,19
pdb7yoj.ent,9427,868,28
pdb7eqj.ent,1711,76,4
pdb7y7q.ent,15067,978,24
pdb3eoh.ent,4388,383,4
pdb8vu0.ent,3370,111,21
pdb8xzq.ent,584,52,4
pdb8c96.ent,29464,1475,24
pdb6m6r.ent,1451,173,22
pdb7yci.ent,4491,395,4
pdb5o1y.ent,1355,167,23
pdb8qu1.ent,47295,1410,24
pdb7yey.ent,1352,170,22
pdb5fk2.ent,1094,94,4
pdb7wib.ent,557,49,4
pdb8hzj.ent,800,35,4
pdb5vm9.ent,12857,807,22
pdb8fzr.ent,4941,503,24
pdb6t0w.ent,10306,716,24
pdb6mj0.ent,2266,101,4
pdb5tzs.ent,86171,1552,26
pdb8ost.ent,8263,501,24
pdb8dvs.ent,5770,708,24
pdb4yb1.ent,1794,92,22
pdb8vjt.ent,521,6,2
pdb6tqn.ent,38313,1395,28
pdb5xwy.ent,9983,1121,24
pdb7yp9.ent,23984,1380,28
pdb6h9i.ent,4454,254,24
pdb7r6n.ent,4036,354,4
pdb7m4u.ent,36057,1521,24
pdb5emf.ent,99,8,3
pdb7qr8.ent,12267,1342,28
pdb3foz.ent,6408,311,24
pdb4dv2.ent,36348,1501,24
pdb8pfq.ent,496,22,4
pdb7c7a.ent,24106,858,24
pdb2pxv.ent,1031,110,19
pdb7vyx.ent,21717,1206,27
pdb8wuv.ent,16845,1345,28
pdb6ny3.ent,8628,919,29
pdb7qh6.ent,71534,1618,24
pdb8ppk.ent,60572,1744,24
pdb8rkt.ent,10416,630,28
pdb8wx0.ent,13526,598,24
pdb5i9d.ent,2874,371,20
pdb8iss.ent,8008,518,24
pdb4ce4.ent,50741,1721,26
pdb7f3l.ent,615,78,21
pdb4z31.ent,5185,312,24
pdb7obq.ent,14919,637,25
pdb7qh7.ent,72210,1741,24
pdb8psq.ent,15796,515,24
pdb8g1i.ent,12238,1301,28
pdb8pfg.ent,26969,1375,28
pdb7mlx.ent,3996,226,24
pdb6lt7.ent,4686,148,22
pdb5ud5.ent,2992,86,23
pdb6n7r.ent,29541,666,26
pdb2bh2.ent,7126,447,24
pdb9aur.ent,3588,228,24
pdb5iy9.ent,60162,1485,28
pdb7vti.ent,6467,742,23
pdb7xya.ent,25405,1375,28
pdb6sy4.ent,3338,189,23
pdb2der.ent,7180,362,24
pdb6jvx.ent,756,95,21
pdb8sxt.ent,6182,740,28
pdb8okd.ent,6350,337,24
pdb3wc2.ent,9804,241,24
pdb5tc1.ent,12973,579,24
pdb6ahu.ent,25255,900,24
pdb4yb0.ent,1900,83,4
pdb7eoj.ent,542,48,4
pdb8h7q.ent,22110,299,28
pdb1h4q.ent,8225,466,24
pdb4b5r.ent,1093,94,4
pdb8hud.ent,7628,805,28
pdb8cgj.ent,25172,1163,24
pdb3r2c.ent,7724,138,22
pdb5fke.ent,1091,94,4
pdb8hzk.ent,826,36,4
pdb8sny.ent,13664,1443,23
pdb8j72.ent,4406,286,23
pdb5fk3.ent,1100,94,4
pdb7pli.ent,22013,457,24
pdb8fuk.ent,23009,616,24
pdb7yex.ent,1317,160,22
pdb7uri.ent,1005,71,4
pdb8tju.ent,4654,409,4
pdb8ci5.ent,10255,1269,24
pdb5dqk.ent,1517,48,5
pdb7n3p.ent,6495,591,28
pdb6m0v.ent,9438,1030,28
pdb5fkg.ent,1091,94,4
pdb5fjc.ent,1115,93,4
pdb6joo.ent,7669,823,27
pdb4rdx.ent,4079,421,24
pdb4u7u.ent,53337,491,24
pdb8sa5.ent,3981,210,4
pdb5zwo.ent,85289,2401,24
pdb9g7c.ent,12930,224,4
pdb8jl0.ent,8782,584,28
pdb5t83.ent,1025,90,4
pdb5xxu.ent,52765,1666,24
pdb8csz.ent,6637,494,28
pdb2c50.ent,3201,129,23
pdb5axw.ent,9668,1045,28
pdb6xkn.ent,2100,95,4
pdb4pei.ent,14471,353,22
pdb6fai.ent,67166,1793,24
pdb5de8.ent,990,35,8
pdb7bge.ent,12338,667,24
pdb1hnw.ent,36644,1510,24
pdb7m4v.ent,56722,2724,24
pdb7zag.ent,48362,1453,24
pdb4dv1.ent,36300,1501,24
pdb5k78.ent,14435,362,24
pdb6n5o.ent,1427,125,4
pdb5eme.ent,141,8,3
pdb6w6v.ent,21900,863,24
pdb5kl8.ent,3136,389,22
pdb7zol.ent,15048,1716,24
pdb6g18.ent,67238,1829,24
pdb7x74.ent,30974,1265,27
pdb9dr1.ent,25489,1373,27
pdb3s8u.ent,582,26,4
pdb8umf.ent,13120,1377,28
pdb7tzu.ent,868,79,4
pdb5w1h.ent,11236,1342,24
pdb5i9g.ent,2962,387,21
pdb8u60.ent,1296,36,4
pdb8u5j.ent,429,36,4
pdb5gae.ent,64798,2884,25
pdb5w1i.ent,22324,1341,24
pdb8u5k.ent,1259,36,4
pdb8r3z.ent,6328,761,23
pdb7aoz.ent,31125,1269,26
pdb6wvj.ent,22024,1186,26
pdb3j7y.ent,78740,1959,25
pdb5i4a.ent,10856,637,23
pdb4zdp.ent,15210,459,24
pdb8k3o.ent,34941,1426,24
pdb6n5n.ent,1414,124,4
pdb8uua.ent,60558,2895,24
pdb8ph9.ent,26157,1375,28
pdb7qqw.ent,12085,1327,28
pdb6ybw.ent,40025,1269,24
pdb7r6l.ent,4179,366,6
pdb5z9x.ent,2363,288,24
pdb3pdr.ent,3642,161,4
pdb8qbl.ent,31137,311,28
pdb7pyk.ent,28726,1375,26
pdb6xko.ent,2080,94,4
pdb7ecj.ent,369,11,4
pdb1q82.ent,61688,2887,24
pdb8qlp.ent,30207,507,28
pdb5f0q.ent,3395,199,26
pdb5zwn.ent,28536,637,24
pdb6tfe.ent,1158,52,4
pdb6t3n.ent,4504,394,4
pdb8t29.ent,4323,228,24
pdb6t0u.ent,13946,760,24
pdb5hjz.ent,1793,116,23
pdb8j8h.ent,6516,510,28
pdb8s8j.ent,67657,1788,24
pdb8que.ent,21305,698,27
pdb6m0w.ent,9461,1033,28
pdb5o69.ent,1659,39,4
pdb6vrb.ent,11062,1064,24
pdb5fj4.ent,5771,118,23
pdb8ap4.ent,58960,2728,24
pdb7ygd.ent,4421,387,4
pdb7yg6.ent,5922,735,24
pdb7uq6.ent,1837,85,4
pdb6asx.ent,25680,1373,28
pdb5fj0.ent,675,19,3
pdb6zdq.ent,6325,742,24
pdb1qzb.ent,0,75,4
pdb1mji.ent,3650,178,22
pdb5xon.ent,37379,1477,28
pdb8qz8.ent,22173,512,24
pdb2xo1.ent,722,65,4
pdb7nky.ent,49099,1521,28
pdb8fzt.ent,12488,1321,28
pdb4rgf.ent,1884,56,5
pdb9gus.ent,38707,1528,24
pdb4erj.ent,1869,161,4
pdb6ah3.ent,24210,855,24
pdb6hbx.ent,195,17,4
pdb5zc9.ent,3144,388,22
pdb7r9g.ent,3066,398,24
pdb8dvu.ent,5781,705,24
pdb7eni.ent,10381,1049,24
pdb5vw1.ent,12445,1362,24
pdb4lx6.ent,792,71,4
pdb6f4g.ent,5080,178,22
pdb4kre.ent,6600,808,22
pdb8jtr.ent,9907,1056,24
pdb7eaf.ent,1098,94,4
pdb2deu.ent,7374,368,24
pdb5mmi.ent,64624,2799,24
pdb7u0y.ent,7955,226,24
pdb5ddo.ent,2620,92,22
pdb7yse.ent,15892,688,24
pdb6aeb.ent,23806,1325,28
pdb4kr3.ent,4406,527,24
pdb8fb3.ent,1051,34,4
pdb8uta.ent,9476,228,24
pdb2izm.ent,3181,129,23
pdb5els.ent,5496,120,20
pdb7vtn.ent,6545,725,24
pdb2b2g.ent,3237,160,23
pdb7xwz.ent,2138,128,22
pdb5u3g.ent,1896,84,4
pdb5it9.ent,60369,1972,24
pdb6w7w.ent,18173,871,24
pdb6blo.ent,28016,1436,28
pdb4qu7.ent,2678,85,21
pdb3jcr.ent,9200,2314,24
pdb6ny5.ent,6241,399,23
pdb8k15.ent,5392,470,4
pdb6wub.ent,22739,1147,24
pdb3zjv.ent,7424,813,24
pdb7onu.ent,14245,583,24
pdb8rg0.ent,29826,1027,24
pdb6is0.ent,3821,468,21
pdb1eg0.ent,1466,220,26
pdb8r0s.ent,4018,470,28
pdb7f3j.ent,2942,94,21
pdb7a9x.ent,4313,523,23
pdb7aoh.ent,38788,1264,27
pdb8k0q.ent,12604,542,7
pdb7vnv.ent,1400,60,4
pdb7v9u.ent,7342,312,28
pdb8k28.ent,19610,311,28
pdb6prv.ent,2592,57,4
pdb6w77.ent,32750,1519,24
pdb5u30.ent,10332,1073,27
pdb7d2l.ent,9810,1083,28
pdb6y4b.ent,2121,267,24
pdb5elr.ent,1856,121,20
pdb7ox8.ent,12244,1340,28
pdb8yb6.ent,27147,521,24
pdb6i0v.ent,5749,351,24
pdb7ozq.ent,10500,123,23
pdb8pjb.ent,7722,971,22
pdb4kr2.ent,4304,518,24
pdb5d0a.ent,12182,379,24
pdb8f5g.ent,4466,172,22
pdb2det.ent,3649,368,24
pdb6hau.ent,9167,279,23
pdb6dt8.ent,5504,406,24
pdb3pip.ent,56151,2669,24
pdb7r9f.ent,2833,391,24
pdb7e8o.ent,6911,204,23
pdb5xyu.ent,31319,1411,24
pdb7nkx.ent,47118,1518,28
pdb9gch.ent,10492,384,24
pdb4r0d.ent,7171,617,4
pdb9ey2.ent,15814,774,24
pdb4lck.ent,5062,102,19
pdb6zdp.ent,6284,739,23
pdb6d95.ent,12377,792,28
pdb5ob3.ent,793,69,4
pdb7yg7.ent,37046,418,21
pdb5zx2.ent,24888,1276,28
pdb4nyg.ent,797,78,4
pdb5a8l.ent,8795,757,24
pdb8j62.ent,10068,180,24
pdb1vq6.ent,62224,2882,24
pdb5h3u.ent,10360,672,22
pdb5on2.ent,15562,862,24
pdb9ey0.ent,15980,784,24
pdb8scz.ent,5788,694,24
pdb1c0a.ent,5370,653,24
pdb5mmj.ent,40290,1484,25
pdb7r6k.ent,19023,866,24
pdb4w5n.ent,6645,824,24
pdb4jya.ent,36695,1521,24
pdb2iz8.ent,3216,129,23
pdb6nbj.ent,5930,382,21
pdb6wox.ent,28131,1487,27
pdb2izn.ent,3187,129,23
pdb4fb0.ent,4495,393,4
pdb8y80.ent,32909,585,28
pdb7d0f.ent,12099,743,24
pdb8wav.ent,34631,1529,27
pdb6ppk.ent,52719,2660,24
pdb6wtr.ent,1408,124,4
pdb8wt6.ent,12503,319,28
pdb6wua.ent,11174,606,24
pdb1un6.ent,3299,136,23
pdb8psu.ent,15878,515,24
pdb6rjg.ent,11035,827,28
pdb6yym.ent,2611,160,23
pdb8wus.ent,16504,1332,28
pdb6ny6.ent,37900,1514,24
pdb6las.ent,3333,95,21
pdb8k0s.ent,12452,543,4
pdb5wea.ent,6234,772,22
pdb3zju.ent,7415,820,24
pdb3j80.ent,59856,1779,24
pdb6wyb.ent,6130,739,28
pdb8b6z.ent,3501,450,24
pdb7v4g.ent,5134,217,22
pdb7aav.ent,23988,1731,24
pdb6uc8.ent,753,67,4
pdb8ub8.ent,8869,342,24
pdb3j8g.ent,64970,2874,24
pdb8ipm.ent,2420,287,24
pdb8wt7.ent,12562,319,28
pdb8kgf.ent,10580,1281,24
pdb7v9a.ent,15416,521,24
pdb2bq5.ent,3288,129,23
pdb1eiy.ent,9725,785,24
pdb8waw.ent,34641,1530,27
pdb7xug.ent,25474,1373,27
pdb5iwa.ent,36679,1508,24
pdb7d0g.ent,11827,719,24
pdb7mlj.ent,28101,1488,25
pdb4adv.ent,36649,1414,24
pdb8p03.ent,67777,1783,24
pdb8gkh.ent,6363,637,28
pdb3suh.ent,1153,100,4
pdb2ix1.ent,5260,643,21
pdb7to2.ent,5723,700,24
pdb4dv6.ent,36347,1501,24
pdb8rpz.ent,60449,2900,24
pdb5wqe.ent,8522,996,23
pdb6y53.ent,10328,743,24
pdb6uvn.ent,28886,630,26
pdb2c4r.ent,3669,491,24
pdb5d0b.ent,6095,376,24
pdb5ccx.ent,11115,414,24
pdb7nq4.ent,6180,414,24
pdb8xi2.ent,70651,2067,24
pdb9bkd.ent,57182,1716,24
pdb5awh.ent,12485,777,28
pdb4ycp.ent,3082,308,24
pdb8fn2.ent,61000,2765,24
pdb5dh8.ent,1516,48,5
pdb7pwf.ent,46411,1360,24
pdb6c27.ent,1052,46,4
pdb4u67.ent,55827,2691,24
pdb8tg4.ent,1496,182,21
pdb8joz.ent,2968,257,24
pdb9ey1.ent,16007,784,24
pdb8tdy.ent,165,15,4
pdb8fza.ent,614,30,4
pdb5amq.ent,13996,1666,24
pdb6vrd.ent,1514,169,24
pdb8qu5.ent,78696,1535,25
pdb6chr.ent,7212,621,4
