Rfam_ID,PDB,Chain,Resolution
RF00001,1qvg,9,2.9
RF00001,4u4q,3,3.0
RF00001,5fdv,2B,2.8
RF00001,7p7t,B,2.9
RF00001,4u27,BB,2.8
RF00001,4w2i,DB,2.7
RF00001,6skf,BB,2.95
RF00001,7oif,3,3.0
RF00001,8pv2,C4,2.63
RF00001,6xhx,2B,2.55
RF00001,6yss,B,2.6
RF00001,7ttw,2,2.9
RF00001,7unw,B,2.6
RF00001,7v08,3,2.36
RF00001,8e35,J,2.27
RF00001,8emm,b,2.1
RF00001,8vtw,1B,2.35
RF00001,4u25,DB,2.9
RF00001,6cfk,2B,2.7
RF00001,7m5d,3,2.8
RF00001,7oyd,K,2.3
RF00001,8cd1,B,3.0
RF00001,3ow2,9,2.7
RF00001,4u25,BB,2.9
RF00001,5hd1,1B,2.7
RF00001,4u52,3,3.0
RF00001,7oiz,b,2.9
RF00001,7rqc,1B,2.5
RF00001,7ryf,B,2.65
RF00001,8agw,h,2.6
RF00001,7rq8,2B,2.5
RF00001,8pv1,C4,2.56
RF00001,5hd1,2B,2.7
RF00001,7md7,2B,2.8
RF00001,8cdl,BB,2.72
RF00001,8e49,J,2.05
RF00001,5ib7,16,2.99
RF00001,7ow7,B,2.4
RF00001,8b7y,J,3.0
RF00001,5ndk,1J,2.95
RF00001,6xhv,1B,2.4
RF00001,4u3m,3,3.0
RF00001,8ceh,BB,2.05
RF00001,8g2c,2B,2.65
RF00001,8g2d,2B,2.7
RF00001,5fdu,2B,2.9
RF00001,6uo1,1B,2.95
RF00001,7zux,4,2.5
RF00001,8azw,C,2.14
RF00001,5j4b,1B,2.6
RF00001,7md7,1B,2.8
RF00001,7u2j,1B,2.55
RF00001,8agt,h,2.6
RF00001,8rd8,D8,2.62
RF00001,5dm7,Y,3.0
RF00001,6pc8,J,2.9
RF00001,7zw0,LC,2.4
RF00001,8g2u,A,3.0
RF00001,8why,B,2.7
RF00001,7unr,B,2.9
RF00001,4v88,A3,3.0
RF00001,6tb3,BR,2.8
RF00001,8fr8,B,2.76
RF00001,8ip8,TB,2.9
RF00001,5wis,1B,2.703
RF00001,8agx,h,2.4
RF00001,8ev7,1B,2.89
RF00001,8ud6,2B,2.7
RF00001,1vq9,9,2.4
RF00001,5wit,1B,2.6
RF00001,6cfj,2B,2.8
RF00001,6cfl,2B,2.6
RF00001,8agu,h,2.7
RF00001,8rpz,B,2.44
RF00001,3cc4,9,2.7
RF00001,7nhk,B,2.9
RF00001,9b00,2B,2.8
RF00001,6xqd,2B,2.8
RF00001,7n2u,5,2.53
RF00001,7qgg,E,2.86
RF00001,8evp,A3,2.38
RF00001,8rpy,B,2.64
RF00001,1vqo,9,2.2
RF00001,5vp2,2B,2.8
RF00001,7qwr,7,2.9
RF00001,8ev7,2B,2.89
RF00001,8hu1,b,2.69
RF00001,8rjb,u,2.69243
RF00001,4z3s,1B,2.65
RF00001,8e45,J,2.3
RF00001,8ekb,2B,2.7
RF00001,8g6x,b,2.31
RF00001,8vtv,2B,2.55
RF00001,4v67,DB,3.0
RF00001,4v88,A7,3.0
RF00001,4y4o,2B,2.3
RF00001,5j5b,CB,2.8
RF00001,6ysi,5,2.5
RF00001,7rqd,2B,2.5
RF00001,7s1j,J,2.47
RF00001,5ibb,16,2.96
RF00001,6pc5,J,2.7
RF00001,7zp8,a,2.2
RF00001,4y4p,1B,2.5
RF00001,5j8b,B,2.6
RF00001,4wqf,CB,2.8
RF00001,6zmi,L7,2.6
RF00001,7f5s,L7,2.72
RF00001,8bim,1,2.04
RF00001,4u24,DB,2.9
RF00001,6o97,1B,2.75
RF00001,7rqe,2B,2.4
RF00001,8p2h,B,2.49
RF00001,6spf,B,2.89
RF00001,3cc2,9,2.4
RF00001,4v67,BB,3.0
RF00001,8e42,J,2.29
RF00001,8ev6,1B,2.946
RF00001,8fl4,L4,2.89
RF00001,8y37,B,2.53
RF00001,1yit,9,2.8
RF00001,4v8b,DB,3.0
RF00001,4wqf,AB,2.8
RF00001,4wqy,AB,2.8
RF00001,5j5b,DB,2.8
RF00001,8ud7,2B,2.55
RF00001,7nhn,B,2.9
RF00001,8crx,b,2.78
RF00001,6xhy,1B,2.6
RF00001,7q0r,3,2.67
RF00001,8g6j,L7,2.8
RF00001,4w2f,BB,2.4
RF00001,5w4k,2B,2.7
RF00001,8p2g,B,2.02
RF00001,2otl,9,2.7
RF00001,4u26,BB,2.8
RF00001,4ybb,CB,2.1
RF00001,7qwq,7,2.83
RF00001,7zq5,a,2.7
RF00001,8eub,A3,2.52
RF00001,7qvp,L7,3.0
RF00001,4u20,BB,2.9
RF00001,5wdt,B,3.0
RF00001,1vq4,9,2.7
RF00001,4wqy,CB,2.8
RF00001,5hcr,2B,2.8
RF00001,5j4c,2B,2.8
RF00001,7nso,B,2.9
RF00001,8bhj,1,2.81
RF00001,5j4c,1B,2.8
RF00001,5tbw,AS,3.0
RF00001,6ore,3,2.9
RF00001,7old,3,3.0
RF00001,7zq6,a,2.75
RF00001,8j1z,b,2.6
RF00001,8ud8,1B,2.6
RF00001,3ccq,9,2.9
RF00001,6az3,8,2.5
RF00001,7rqd,1B,2.5
RF00001,8aye,b,1.96
RF00001,8whx,B,2.8
RF00001,6cae,2B,2.6
RF00001,6gsj,1J,2.96
RF00001,7rqe,1B,2.4
RF00001,8agz,h,2.6
RF00001,8ekc,B,2.7
RF00001,3cce,9,2.75
RF00001,6zu5,L70,2.9
RF00001,8agv,h,2.6
RF00001,8cvl,2B,2.3
RF00001,8ova,BD,2.47
RF00001,5w4k,1B,2.7
RF00001,6i7v,DB,2.9
RF00001,7yla,J,2.52
RF00001,8g5y,L7,2.29
RF00001,8vtx,2B,2.4
RF00001,9fbv,b,2.4
RF00001,2qex,9,2.9
RF00001,3ccv,9,2.9
RF00001,4wpo,CB,2.8
RF00001,6th6,BB,2.55
RF00001,7sfr,B,2.6
RF00001,8rq0,B,2.44
RF00001,8bf7,1,2.33
RF00001,8ccs,BB,1.97
RF00001,8fru,3,2.49
RF00001,8qoi,L7,1.9
RF00001,6v3a,B,2.82
RF00001,7o1a,BB,2.4
RF00001,8fc6,2B,2.35
RF00001,8g61,L7,2.94
RF00001,8y38,B,2.58
RF00001,6cfj,1B,2.8
RF00001,6cfl,1B,2.6
RF00001,8fld,L4,2.58
RF00001,1n8r,B,3.0
RF00001,4wpo,AB,2.8
RF00001,4v9d,DB,3.0
RF00001,6h4n,B,3.0
RF00001,8e30,J,1.91
RF00001,4v8g,DB,3.0
RF00001,5wis,2B,2.703
RF00001,7jil,3,2.8
RF00001,1vq5,9,2.6
RF00001,4v8d,BB,3.0
RF00001,8p8u,LE,2.23
RF00001,6qzp,L7,2.9
RF00001,4v7y,DB,3.0
RF00001,6v3d,B,2.95
RF00001,7s1g,J,2.48
RF00001,7st6,2,3.0
RF00001,8civ,BB,2.47
RF00001,8g6y,b,2.09
RF00001,8uua,B,2.7
RF00001,3cc7,9,2.7
RF00001,5ib7,1J,2.99
RF00001,6hrm,3,2.96
RF00001,7p7q,B,2.4
RF00001,8jdk,E,2.26
RF00001,5e81,16,2.95
RF00001,5t2a,D,2.9
RF00001,6zu1,BB,3.0
RF00001,7n31,5,2.69
RF00001,8cvm,b,2.66
RF00001,8idt,5,2.8
RF00001,8uu4,B,3.0
RF00001,6pcq,J,2.6
RF00001,7jql,1B,3.0
RF00001,7u2i,1B,2.55
RF00001,8bh4,1,2.62
RF00001,8fc5,2B,2.65
RF00001,8b5l,7,2.86
RF00001,8e41,J,2.13
RF00001,1vy7,DB,2.8
RF00001,4lnt,YB,2.94000009954
RF00001,4w2h,DB,2.7
RF00001,4woi,CB,3.0
RF00001,5ngm,AB,2.9
RF00001,8g5z,L7,2.64
RF00001,4u27,DB,2.8
RF00001,4u3u,7,2.9
RF00001,6tc3,05S1,2.7
RF00001,7p7s,B,3.0
RF00001,7u2j,2B,2.55
RF00001,8htz,b,2.4
RF00001,8inf,5,3.0
RF00001,1yj9,9,2.8
RF00001,1yjw,9,2.9
RF00001,4w2f,DB,2.4
RF00001,5afi,B,2.9
RF00001,8eiu,b,2.24
RF00001,3cma,9,2.8
RF00001,5wfs,B,3.0
RF00001,7m4v,B,2.54
RF00001,8e3m,J,2.25
RF00001,6xa1,L7,2.8
RF00001,7rq9,1B,2.6
RF00001,8fc3,2B,2.6
RF00001,8fl0,L4,2.91
RF00001,8p2k,B7,2.9
RF00001,8pv5,C4,2.86
RF00001,8t8c,1B,2.6
RF00001,1vqp,9,2.25
RF00001,8fc1,1B,2.5
RF00001,9b00,1B,2.8
RF00001,1vy6,DB,2.9
RF00001,6pct,J,2.8
RF00001,9c4g,b,2.53
RF00001,5hau,1B,3.0
RF00001,7uvw,B,2.37
RF00001,8jiv,Ab,2.84
RF00001,4u20,DB,2.9
RF00001,4v8g,BB,3.0
RF00001,5e81,1J,2.95
RF00001,8ceu,b,1.83
RF00001,7st2,2,2.9
RF00001,7y7d,b,2.58
RF00001,8bn3,3,2.4
RF00001,8buu,B,2.9
RF00001,8g6w,b,2.02
RF00001,4v9p,EB,2.9
RF00001,7cpu,L7,2.82
RF00001,7qiz,5,2.38
RF00001,8bil,1,2.04
RF00001,8g2b,2B,2.55
RF00001,8pv3,C4,2.8
RF00001,4v8i,DB,2.7
RF00001,4w2e,B,2.9
RF00001,8fc5,1B,2.65
RF00001,8p2f,B,2.44
RF00001,8q7z,B7,2.5
RF00001,4z8c,2B,2.9
RF00001,7b5k,B,2.9
RF00001,7o19,BB,2.9
RF00001,8flf,L4,2.65
RF00001,6xhw,2B,2.5
RF00001,8a57,B,2.3
RF00001,8ove,BD,2.6
RF00001,4v8d,DB,3.0
RF00001,6z6l,L7,3.0
RF00001,8fmw,AB,2.86
RF00001,7mt2,B,2.76
RF00001,8vtv,1B,2.55
RF00001,7n2v,5,2.54
RF00001,8rdv,D8,2.6
RF00001,3g71,9,2.85
RF00001,6zm7,L7,2.7
RF00001,8g2d,1B,2.7
RF00001,8y36,B,2.65
RF00001,1vqm,9,2.3
RF00001,3cpw,9,2.7
RF00001,6nd5,2B,2.6
RF00001,7oii,3,3.0
RF00001,7uvv,B,2.5
RF00001,8r6c,b,2.2
RF00001,4u1u,BB,2.95
RF00001,7uvx,B,2.35
RF00001,8evr,A3,2.87
RF00001,4v7x,DB,3.0
RF00001,8bgh,1,2.88
RF00001,4v7w,BB,3.0
RF00001,6wde,2,3.0
RF00001,7y7h,b,2.51
RF00001,1vy7,BB,2.8
RF00001,4z3s,2B,2.65
RF00001,5j7l,CB,3.0
RF00001,5j4b,2B,2.6
RF00001,7obr,7,2.8
RF00001,7osa,AB,3.0
RF00001,7ot5,3,2.9
RF00001,7unv,B,2.7
RF00001,4v9o,AB,2.9
RF00001,6snt,4,2.8
RF00001,8hku,A5S,2.72
RF00001,8s1p,B,1.96
RF00001,7asm,B,2.48
RF00001,7mpj,A3,2.7
RF00001,7uoo,3,2.34
RF00001,7y7f,b,2.43
RF00001,8cdr,BB,2.04
RF00001,8fl3,L4,2.53
RF00001,5doy,2B,2.6
RF00001,8bhn,1,2.85
RF00001,5iqr,3,3.0
RF00001,5j91,DB,2.96
RF00001,5vp2,1B,2.8
RF00001,6ylg,3,3.0
RF00001,8p17,3,2.78
RF00001,8pv7,C4,2.12
RF00001,3ccm,9,2.55
RF00001,3cxc,9,3.0
RF00001,4wqu,AB,2.8
RF00001,7osm,AB,3.0
RF00001,8fl7,L4,2.55
RF00001,4wsd,1J,2.95
RF00001,6xqe,2B,3.0
RF00001,7as8,B,2.9
RF00001,8flc,L4,2.76
RF00001,8pv6,C4,2.94
RF00001,1k8a,B,3.0
RF00001,3ccr,9,3.0
RF00001,3g6e,9,2.7
RF00001,4v9o,CB,2.9
RF00001,5wit,2B,2.6
RF00001,6pcr,J,2.5
RF00001,6tbv,05S1,2.7
RF00001,7lvk,J,2.2
RF00001,7rqa,1B,2.4
RF00001,8cvj,1B,2.4
RF00001,8cvl,1B,2.3
RF00001,8q87,B7,2.4
RF00001,7n30,5,2.66
RF00001,8bge,1,2.11
RF00001,8e3l,J,2.35
RF00001,7n2c,5,2.72
RF00001,7rq9,2B,2.6
RF00001,8g2c,1B,2.65
RF00001,8g7p,B,2.9
RF00001,5j7l,DB,3.0
RF00001,8e43,J,2.09
RF00001,8rdw,D8,2.74
RF00001,3cme,9,2.95
RF00001,6cae,1B,2.6
RF00001,8c3a,AT,3.0
RF00001,8fla,L4,2.63
RF00001,8pv8,C4,2.91
RF00001,4u4q,7,3.0
RF00001,4v7y,BB,3.0
RF00001,6nd5,1B,2.6
RF00001,7bl4,B,2.4
RF00001,8ewb,A3,2.87
RF00001,4v51,BB,2.8
RF00001,8cf5,BB,2.71
RF00001,2otj,9,2.9
RF00001,8p18,3,2.77
RF00001,4u52,7,3.0
RF00001,5fdv,1B,2.8
RF00001,6xqe,1B,3.0
RF00001,1q81,B,2.95
RF00001,2zjr,Y,2.91
RF00001,5dm6,Y,2.9
RF00001,8ana,b,2.1
RF00001,8e3o,J,1.99
RF00001,8evt,A3,2.2
RF00001,8w51,B,2.4
RF00001,8ewc,A3,2.45
RF00001,6eri,Ax,3.0
RF00001,6of1,2B,2.8
RF00001,6sgc,74,2.8
RF00001,7azy,F,2.877
RF00001,8bhp,1,2.37
RF00001,5hcq,1B,2.801
RF00001,6xz7,B,2.1
RF00001,4v51,DB,2.8
RF00001,7zta,05S1,2.7
RF00001,8bpo,B1,2.8
RF00001,8fc4,1B,2.45
RF00001,1vq7,9,2.5
RF00001,4u1v,BB,3.0
RF00001,4v7l,DB,3.0
RF00001,7pjs,B,2.35
RF00001,9bh5,A7,2.63
RF00001,6pch,J,2.9
RF00001,7olc,3,2.9
RF00001,8qfd,7,2.2
RF00001,8uvr,2B,2.6
RF00001,6v3b,B,2.91
RF00001,8vty,1B,2.6
RF00001,4v7x,BB,3.0
RF00001,5f8k,1B,2.8
RF00001,6pcs,J,2.8
RF00001,7uw1,B,2.21
RF00001,6xhy,2B,2.6
RF00001,8idy,5,3.0
RF00001,8p8m,LE,2.66
RF00001,4v9p,GB,2.9
RF00001,5hau,2B,3.0
RF00001,8b6c,7,2.79
RF00001,8bhl,1,2.21
RF00001,3cd6,9,2.75
RF00001,6qdw,a,2.83
RF00001,7oyb,71,2.4
RF00001,7zod,a,2.56
RF00001,8rjd,u,2.78574
RF00001,1vqk,9,2.3
RF00001,4v7w,DB,3.0
RF00001,6pc7,J,2.5
RF00001,6skg,BB,2.65
RF00001,7ryg,B,2.38
RF00001,7xny,L2,2.5
RF00001,8g7r,B,2.8
RF00001,8oj5,7,2.9
RF00001,4wsd,16,2.95
RF00001,7y7g,b,2.34
RF00001,8vtu,2B,2.4
RF00001,7tos,5S,2.9
RF00001,7y7e,b,2.41
RF00001,8fc2,1B,2.5
RF00001,8p8n,LE,2.15
RF00001,6wyv,J,2.75
RF00001,8hsp,b,2.32
RF00001,8pvl,C4,2.19
RF00001,1s72,9,2.4
RF00001,5f8k,2B,2.8
RF00001,6of1,1B,2.8
RF00001,7qiw,5,2.35
RF00001,7rqa,2B,2.4
RF00001,7u2i,2B,2.55
RF00001,7zjw,L7,2.8
RF00001,8a5i,B,2.3
RF00001,1m90,B,2.8
RF00001,4v9p,AB,2.9
RF00001,5fdu,1B,2.9
RF00001,6pc6,J,2.5
RF00001,6xhv,2B,2.4
RF00001,6xhx,1B,2.55
RF00001,4lnt,RB,2.94000009954
RF00001,4wqu,CB,2.8
RF00001,8flb,L4,2.55
RF00001,1nji,B,3.0
RF00001,7rqc,2B,2.5
RF00001,8k82,C4,3.0
RF00001,8p16,3,2.77
RF00001,8r8m,b,2.4
RF00001,8ud6,1B,2.7
RF00001,1yjn,9,3.0
RF00001,4u4u,7,3.0
RF00001,4w2i,BB,2.7
RF00001,6xqd,1B,2.8
RF00001,7o7y,B7,2.2
RF00001,8cgk,b,1.64
RF00001,8qoa,b,2.0
RF00001,4w2g,DB,2.55
RF00001,6ys3,a,2.58
RF00001,8fto,b,1.85
RF00001,1yi2,9,2.65
RF00001,4u26,DB,2.8
RF00001,8pvk,C4,2.55
RF00001,8rjc,u,2.90061
RF00001,1q82,B,2.98
RF00001,8am9,b,2.8
RF00001,8c3a,3,3.0
RF00001,1vq8,9,2.2
RF00001,1vy6,BB,2.9
RF00001,4v9r,DB,3.0
RF00001,6uo1,2B,2.95
RF00001,7rq8,1B,2.5
RF00001,8cam,b,1.86
RF00001,8pfr,LE,2.15
RF00001,6wqn,2,2.9
RF00001,7p7r,B,2.9
RF00001,8a3w,8,2.89
RF00001,8yop,L7,2.2
RF00001,1yij,9,2.6
RF00001,6w6p,B,2.9
RF00001,7qvp,L9,3.0
RF00001,8g2b,1B,2.55
RF00001,5mdv,3,2.97
RF00001,6y6x,L7,2.8
RF00001,7q08,3,2.56
RF00001,8cvk,1B,2.5
RF00001,8cvk,2B,2.5
RF00001,8pv4,C4,2.9
RF00001,8qbt,B,2.2
RF00001,8scb,7,2.5
RF00001,4w2h,BB,2.7
RF00001,8a98,8,2.46
RF00001,8eug,9,2.8
RF00001,5tbw,3,3.0
RF00001,7asn,B,2.73
RF00001,7qq3,J,2.1
RF00001,7rqb,2B,2.45
RF00001,7xnx,L2,2.7
RF00001,4v9f,9,2.404
RF00001,4v9o,GB,2.9
RF00001,8fc2,2B,2.5
RF00001,6r5q,7,3.0
RF00001,6xza,B2,2.66
RF00001,7k00,b,1.98
RF00001,7kgb,B,2.7
RF00001,7q4k,BB,3.0
RF00001,8syl,B,2.9
RF00001,8wi8,B,2.7
RF00001,8xsx,L7,2.4
RF00001,5hcr,1B,2.8
RF00001,8jdl,E,2.42
RF00001,8vty,2B,2.6
RF00001,5doy,1B,2.6
RF00001,5hcp,1B,2.894
RF00001,7qep,2,2.7
RF00001,4u4r,3,2.801
RF00001,6i7v,CB,2.9
RF00001,8glp,L7,1.67
RF00001,5ibb,1J,2.96
RF00001,7uqz,3,2.44
RF00001,8g2a,2B,2.45
RF00001,8uvs,2B,2.75
RF00001,1kd1,B,3.0
RF00001,6u48,CB,2.87
RF00001,7aqc,B,2.99
RF00001,7pwo,3,2.75
RF00001,7y7c,b,2.51
RF00001,8e48,J,2.27
RF00001,8k2c,L7,2.4
RF00001,4u3u,3,2.9
RF00001,6qul,B,3.0
RF00001,7o80,B7,2.9
RF00001,7too,A5S,2.7
RF00001,8rxh,L8,2.93
RF00001,1vq6,9,2.7
RF00001,7nwt,3,2.66
RF00001,7u2h,1B,2.55
RF00001,8fc4,2B,2.45
RF00001,8q5i,3,2.45
RF00001,8t8b,2B,2.65
RF00001,8rq2,B,2.44
RF00001,8rxx,L8,2.97
RF00001,8t8b,1B,2.65
RF00001,7m4x,B,2.66
RF00001,4woi,BB,3.0
RF00001,7m4z,B,2.92
RF00001,7rqb,1B,2.45
RF00001,7ug6,3,2.9
RF00001,8g29,1B,2.55
RF00001,8g60,L7,2.54
RF00001,8ifc,b,2.9
RF00001,8jdj,E,2.5
RF00001,1q86,B,3.0
RF00001,1vqn,9,2.4
RF00001,1vy5,BB,2.55
RF00001,6z6n,L7,2.9
RF00001,8e44,J,2.53
RF00001,8xsy,L7,3.0
RF00001,9bdl,A5S,2.8
RF00001,1vy4,DB,2.6
RF00001,3jcs,8,2.8
RF00001,7mt7,B,2.71
RF00001,7oyc,71,2.4
RF00001,7q0f,3,2.64
RF00001,7s1k,J,2.42
RF00001,4u24,BB,2.9
RF00001,6pj6,J,2.2
RF00001,6y2l,L7,3.0
RF00001,7uvy,B,2.39
RF00001,8hfr,2f,2.64
RF00001,8jdm,E,2.67
RF00001,8qcq,B,2.3
RF00001,4y4o,1B,2.3
RF00001,7n1p,5,2.33
RF00001,4u1u,DB,2.95
RF00001,4v9d,CB,3.0
RF00001,4z8c,1B,2.9
RF00001,8ap4,b,3.0
RF00001,8e46,J,2.32
RF00001,8evs,A3,2.62
RF00001,6cfk,1B,2.7
RF00001,6zme,L7,3.0
RF00001,8fc3,1B,2.6
RF00001,8t8c,2B,2.6
RF00001,3ccs,9,2.95
RF00001,4ybb,DB,2.1
RF00001,6y69,B,2.86
RF00001,8a3d,B,1.67
RF00001,5nwy,O,2.9
RF00001,6nd6,1B,2.85
RF00001,7ttu,2,3.0
RF00001,6yhs,5,2.7
RF00001,7o1c,BB,2.6
RF00001,8ev6,2B,2.946
RF00001,8vtw,2B,2.35
RF00001,4v8b,BB,3.0
RF00001,5j91,CB,2.96
RF00001,6xhw,1B,2.5
RF00001,7mt3,B,2.8
RF00001,8e32,J,2.35
RF00001,8ud7,1B,2.55
RF00001,8v9l,B,3.0
RF00001,8vtu,1B,2.4
RF00001,1vql,9,2.3
RF00001,6wu9,B,2.9
RF00001,6xu8,A7,3.0
RF00001,8ekb,1B,2.7
RF00001,8fl6,L4,2.62
RF00001,8fzj,B,3.0
RF00001,1vy5,DB,2.55
RF00001,6s0x,B,2.425
RF00001,6spb,B,2.82
RF00001,6wd0,2,3.0
RF00001,7m4w,B,2.55
RF00001,7tor,A5S,2.9
RF00001,7z20,a,2.29
RF00001,8cgv,b,1.66
RF00001,8e47,J,2.32
RF00001,8fle,L4,2.48
RF00001,4u3m,7,3.0
RF00001,6nd6,2B,2.85
RF00001,7qca,L70,2.79
RF00001,8akn,b,2.3
RF00001,8yoo,L7,2.0
RF00001,4v7l,BB,3.0
RF00001,4v8i,BB,2.7
RF00001,5hcp,2B,2.894
RF00001,7uck,7,2.8
RF00001,8ifb,b,2.43
RF00001,8ifd,1B,2.59
RF00001,8uvs,1B,2.75
RF00001,4u1v,DB,3.0
RF00001,4v9o,EB,2.9
RF00001,5t5h,D,2.54
RF00001,7o7z,B7,2.4
RF00001,7sa4,4,2.55
RF00001,6s0z,B,2.3
RF00001,7asp,3,2.86
RF00001,7jql,2B,3.0
RF00001,8evq,A3,2.72
RF00001,2qa4,9,3.0
RF00001,3ccu,9,2.8
RF00001,7pzy,3,2.32
RF00001,7r81,B1,2.7
RF00001,7s1i,J,2.48
RF00001,8cg8,BB,2.57
RF00001,8fze,B,3.0
RF00001,4v90,BB,2.95
RF00001,5hcq,2B,2.801
RF00001,7p48,B,2.9
RF00001,7uqb,3,2.43
RF00001,8ud8,2B,2.6
RF00001,1yhq,9,2.4
RF00001,4v9p,CB,2.9
RF00001,4v9r,BB,3.0
RF00001,7s1h,J,2.35
RF00001,7top,A5S,2.4
RF00001,7msm,B,2.79
RF00001,7ryh,B,2.43
RF00001,7unu,B,2.9
RF00001,8cvj,2B,2.4
RF00001,8e36,J,2.38
RF00001,8fc6,1B,2.35
RF00001,8uvr,1B,2.6
RF00001,4u4r,7,2.801
RF00001,7m4y,B,2.5
RF00001,7uvz,B,2.21
RF00001,8aaf,h,2.5
RF00001,8vtx,1B,2.4
RF00001,1ffk,9,2.4
RF00001,1k9m,B,3.0
RF00001,7msc,B,2.97
RF00001,8fl2,L4,2.67
RF00001,6xzb,B2,2.54
RF00001,7p3k,b,2.9
RF00001,7q0p,3,2.77
RF00001,8b2l,C3,2.2
RF00001,8g2a,1B,2.45
RF00001,4y4p,2B,2.5
RF00001,8b0x,b,1.55
RF00001,7u2h,2B,2.55
RF00001,8fc1,2B,2.5
RF00001,3ccl,9,2.9
RF00001,6o97,2B,2.75
RF00001,6zto,BB,3.0
RF00001,8cgn,BB,2.28
RF00001,8uu5,B,3.0
RF00001,1jj2,9,2.4
RF00001,5ndk,16,2.95
RF00001,6ztp,BB,3.0
RF00001,8fzh,B,2.9
RF00001,8g29,2B,2.55
RF00001,7pwg,3,2.75
RF00001,8ife,1B,2.57
RF00001,1vy4,BB,2.6
RF00001,4u4u,3,3.0
RF00001,6hma,B,2.65
RF00001,8fl9,L4,2.75
RF00001,8ovj,8,2.4
RF00001,3i56,9,2.9
RF00001,6t4q,C4,2.6
RF00001,8e33,J,2.23
RF00001,4v9h,BB,2.857
RF00001,4w2g,BB,2.55
RF00001,6gsj,16,2.96
RF00001,6woo,7,2.9
RF00001,7otc,B,2.9
RF00001,7ug7,5,2.58
RF00001,8cgd,b,1.98
RF00005,5hc9,D,2.9
RF00005,6y2l,B4,3.0
RF00005,3kfu,L,3.0
RF00005,7top,APTN,2.4
RF00005,7ka0,F,2.4
RF00005,4v8d,AC,3.0
RF00005,2dxi,C,2.2
RF00005,6zm5,x,2.89
RF00005,3l0u,A,3.0
RF00005,2zxu,C,2.75
RF00005,7vnv,A,1.9
RF00005,4y4p,2y,2.5
RF00005,2cv1,D,2.41
RF00005,1vy4,AX,2.6
RF00005,4v67,AZ,3.0
RF00005,2zm5,D,2.55
RF00005,5j4b,2x,2.6
RF00005,4wpo,DY,2.8
RF00005,1n77,C,2.4
RF00005,4w2h,AY,2.7
RF00005,1f7u,B,2.2
RF00005,1g59,D,2.4
RF00005,7rq8,2w,2.5
RF00005,2du3,D,2.6
RF00005,7unw,v,2.6
RF00005,5j4c,1y,2.8
RF00005,6o97,2x,2.75
RF00005,5w4k,2w,2.7
RF00005,4v7l,AW,3.0
RF00005,7rq9,2x,2.6
RF00005,7rq8,2y,2.5
RF00005,5w4k,1w,2.7
RF00005,4w2h,CY,2.7
RF00005,3akz,G,2.9
RF00005,4zdp,E,2.703
RF00005,7rq9,2w,2.6
RF00005,5j4b,1y,2.6
RF00005,7o1a,B8,2.4
RF00005,2dr2,B,3.0
RF00005,6xhy,2w,2.6
RF00005,6nd6,2w,2.85
RF00005,1asz,R,3.0
RF00005,6zp4,1,2.9
RF00005,6of1,2x,2.8
RF00005,1vy5,CY,2.55
RF00005,1c0a,B,2.4
RF00005,7odr,B,2.9
RF00005,7rq8,1y,2.5
RF00005,7pzy,10,2.32
RF00005,6t4q,6,2.6
RF00005,4z8c,1x,2.9
RF00005,5ah5,D,2.1
RF00005,5wdt,w,3.0
RF00005,6h4n,w,3.0
RF00005,5wit,2x,2.6
RF00005,7eqj,A,2.043
RF00005,5wis,2y,2.703
RF00005,7of0,B,2.2
RF00005,3zgz,E,2.4
RF00005,4gcw,B,3.0
RF00005,7u2i,2w,2.55
RF00005,6o97,1y,2.75
RF00005,5ndk,W1,2.95
RF00005,5hr7,D,2.4
RF00005,4ycp,B,2.55
RF00005,5ndk,V4,2.95
RF00005,4lnt,XV,2.94000009954
RF00005,4jxx,B,2.3
RF00005,5wit,2w,2.6
RF00005,6woo,3,2.9
RF00005,7u2h,2y,2.55
RF00005,1asy,S,2.9
RF00005,7p7q,D,2.4
RF00005,1vy4,AW,2.6
RF00005,4wc2,B,2.8
RF00005,6yss,w,2.6
RF00005,4w2f,AY,2.4
RF00005,5mdv,5,2.97
RF00005,7ka0,C,2.4
RF00005,6r5q,2,3.0
RF00005,5ib7,3K,2.99
RF00005,7k98,F,2.19
RF00005,4w2i,CW,2.7
RF00005,7u2h,2w,2.55
RF00005,5hcr,2x,2.8
RF00005,1efw,C,3.0
RF00005,1gax,D,2.9
RF00005,6zu1,AW,3.0
RF00005,6gsj,3K,2.96
RF00005,1ttt,F,2.7
RF00005,1euy,B,2.6
RF00005,4w2g,AW,2.55
RF00005,5e6m,C,2.927
RF00005,5vp2,1w,2.8
RF00005,4v51,CY,2.8
RF00005,6r5q,3,3.0
RF00005,7k00,Z,1.98
RF00005,7n2c,Pt,2.72
RF00005,2zm5,C,2.55
RF00005,7q0r,10,2.67
RF00005,5f8k,1x,2.8
RF00005,3tra,A,3.0
RF00005,1gsg,T,2.8
RF00005,6ytf,7,3.0
RF00005,7of2,B,2.7
RF00005,2cv0,C,2.4
RF00005,6xhy,1w,2.6
RF00005,7n2v,Pt,2.54
RF00005,6vmi,B,2.96
RF00005,6zm6,w,2.59
RF00005,4z8c,2x,2.9
RF00005,5wis,1w,2.703
RF00005,1qu2,T,2.2
RF00005,5iqr,4,3.0
RF00005,7mt3,y,2.8
RF00005,7uck,2,2.8
RF00005,5vp2,2w,2.8
RF00005,4qei,C,2.875
RF00005,7o19,B8,2.9
RF00005,7qi4,Ax,2.21
RF00005,4wqf,DY,2.8
RF00005,4v67,CZ,3.0
RF00005,5ud5,C,2.347
RF00005,6wd0,6,3.0
RF00005,4w2g,CW,2.55
RF00005,1vy5,AY,2.55
RF00005,6gsj,2K,2.96
RF00005,4w2e,x,2.9
RF00005,7vnw,B,2.61
RF00005,7u2i,2y,2.55
RF00005,6ufg,B,2.929
RF00005,4yco,E,2.1
RF00005,1vfg,D,2.8
RF00005,5vp2,2x,2.8
RF00005,7r81,t1,2.7
RF00005,6ufm,A,2.82
RF00005,5wit,1y,2.6
RF00005,1vy4,CW,2.6
RF00005,3rg5,B,2.0
RF00005,7osm,ASIT,3.0
RF00005,7uq6,B,2.951
RF00005,6ys3,v,2.58
RF00005,5axn,P,2.703
RF00005,5wis,1y,2.703
RF00005,4w2f,CY,2.4
RF00005,4wsd,3L,2.95
RF00005,1o0b,B,2.7
RF00005,4z3s,1x,2.65
RF00005,4v8d,AB,3.0
RF00005,5wdt,v,3.0
RF00005,7q0p,10,2.77
RF00005,5ccb,N,2.0
RF00005,2fmt,C,2.8
RF00005,6nd5,2x,2.6
RF00005,5ndk,W4,2.95
RF00005,2dxi,D,2.2
RF00005,5iqr,6,3.0
RF00005,4v51,CW,2.8
RF00005,1vy7,CY,2.8
RF00005,2fk6,R,2.9
RF00005,1u0b,A,2.3
RF00005,4wqf,BY,2.8
RF00005,6wde,6,3.0
RF00005,4yco,D,2.1
RF00005,6zvh,x,2.9
RF00005,7kab,C,2.5
RF00005,6of1,2y,2.8
RF00005,6xhv,2x,2.4
RF00005,4z3s,2w,2.65
RF00005,4wqy,DX,2.8
RF00005,1qru,B,3.0
RF00005,7k9m,C,2.5
RF00005,1il2,C,2.6
RF00005,1exd,B,2.7
RF00005,4v7l,CW,3.0
RF00005,6zvi,e,3.0
RF00005,7u2h,2x,2.55
RF00005,4wpo,BX,2.8
RF00005,5w4k,2y,2.7
RF00005,5hd1,1x,2.7
RF00005,4v7l,CX,3.0
RF00005,5ndk,X1,2.95
RF00005,7n2u,Dt,2.53
RF00005,2zzm,B,2.65
RF00005,6nd5,2y,2.6
RF00005,7p7t,C,2.9
RF00005,7st6,5,3.0
RF00005,1qrs,B,2.6
RF00005,7o80,AT,2.9
RF00005,5hau,1w,3.0
RF00005,5j4c,1w,2.8
RF00005,5ib7,3L,2.99
RF00005,4v90,AV,2.95
RF00005,7u2j,2w,2.55
RF00005,6sgc,33,2.8
RF00005,3zgz,B,2.4
RF00005,1zjw,B,2.5
RF00005,5iqr,5,3.0
RF00005,4v8b,CC,3.0
RF00005,6cae,1x,2.6
RF00005,6ore,5,2.9
RF00005,6xhv,1w,2.4
RF00005,4wsd,1L,2.95
RF00005,7b5k,x,2.9
RF00005,5wit,1x,2.6
RF00005,5afi,v,2.9
RF00005,7qi4,Ay,2.21
RF00005,6pmo,B,2.65703362888
RF00005,5hcr,1x,2.8
RF00005,5omw,B,2.6
RF00005,1o0c,B,2.7
RF00005,6qzp,S6,2.9
RF00005,4as1,B,2.02
RF00005,7oif,z,3.0
RF00005,1vy4,CY,2.6
RF00005,6tc3,PTR1,2.7
RF00005,2cv2,C,2.69
RF00005,5hcp,1x,2.894
RF00005,5l4o,A,2.799
RF00005,1gtr,B,2.5
RF00005,7p7s,D,3.0
RF00005,3hl2,E,2.81
RF00005,1ttt,E,2.7
RF00005,7rq8,1w,2.5
RF00005,4w2i,CX,2.7
RF00005,7nhk,D,2.9
RF00005,5ib7,2K,2.99
RF00005,5hcq,2x,2.801
RF00005,4wsd,2L,2.95
RF00005,2re8,B,2.6
RF00005,7st2,5,2.9
RF00005,6cae,1w,2.6
RF00005,6xz7,g,2.1
RF00005,7lj3,C,2.9
RF00005,5vp2,1y,2.8
RF00005,6xhw,1x,2.5
RF00005,6zto,AX,3.0
RF00005,4wpo,DX,2.8
RF00005,6y69,w,2.86
RF00005,7n2c,Dt,2.72
RF00005,6z6l,CC,3.0
RF00005,6lvr,D,2.85
RF00005,4wpo,DW,2.8
RF00005,5ib7,1K,2.99
RF00005,2csx,C,2.7
RF00005,7aqc,P,2.99
RF00005,1f7v,B,2.9
RF00005,1ehz,A,1.93
RF00005,7jql,1x,3.0
RF00005,3zjt,B,2.2
RF00005,1tra,A,3.0
RF00005,4v67,AY,3.0
RF00005,4wqy,BX,2.8
RF00005,4cqn,E,2.5
RF00005,4v7l,AX,3.0
RF00005,3zju,B,2.4
RF00005,7unr,v,2.9
RF00005,4v8b,CD,3.0
RF00005,2zue,B,2.0
RF00005,6of1,1x,2.8
RF00005,3kfu,N,3.0
RF00005,4v51,CV,2.8
RF00005,7st6,6,3.0
RF00005,7mt2,y,2.76
RF00005,5hcq,1x,2.801
RF00005,4w2g,CX,2.55
RF00005,7u2j,1w,2.55
RF00005,5w4k,1x,2.7
RF00005,6xhw,1y,2.5
RF00005,4w2g,CY,2.55
RF00005,6xhw,2w,2.5
RF00005,6xhy,1y,2.6
RF00005,5ndk,V1,2.95
RF00005,5ib7,2L,2.99
RF00005,5doy,2y,2.6
RF00005,1ivs,C,2.9
RF00005,7rq9,1w,2.6
RF00005,4w2e,w,2.9
RF00005,2bte,E,2.9
RF00005,3eph,F,2.95
RF00005,1vy7,AX,2.8
RF00005,1qu3,T,2.9
RF00005,5hr6,D,2.88
RF00005,6vlz,B,2.97
RF00005,4rdx,C,2.55
RF00005,2rd2,B,2.6
RF00005,5ndk,X4,2.95
RF00005,4v7l,CY,3.0
RF00005,1ttt,D,2.7
RF00005,4y4p,1x,2.5
RF00005,7old,5,3.0
RF00005,4ari,B,2.08
RF00005,7u2j,1y,2.55
RF00005,4z3s,2x,2.65
RF00005,1g59,B,2.4
RF00005,5yyn,D,3.0
RF00005,7oii,z,3.0
RF00005,4v51,AV,2.8
RF00005,3foz,D,2.5
RF00005,7n1p,Dt,2.33
RF00005,1vy4,CX,2.6
RF00005,7pjs,w,2.35
RF00005,5ud5,D,2.347
RF00005,5j4b,2y,2.6
RF00005,4w2f,CW,2.4
RF00005,2csx,D,2.7
RF00005,6ysi,8,2.5
RF00005,7ot5,z,2.9
RF00005,5v6x,D,2.76
RF00005,4v8b,AD,3.0
RF00005,6nd6,1y,2.85
RF00005,7of5,B,2.9
RF00005,7of4,B,2.7
RF00005,6gsj,2L,2.96
RF00005,4jyz,B,2.5
RF00005,7s1g,A,2.48
RF00005,1vy5,CX,2.55
RF00005,1asz,S,3.0
RF00005,4wpo,BY,2.8
RF00005,1qtq,B,2.25
RF00005,3foz,C,2.5
RF00005,1vy6,AX,2.9
RF00005,7u2i,2x,2.55
RF00005,7u2j,2x,2.55
RF00005,7oiz,V,2.9
RF00005,1gax,C,2.9
RF00005,4v9d,BV,3.0
RF00005,4jxz,B,2.4
RF00005,2cv0,D,2.4
RF00005,1asy,R,2.9
RF00005,6o97,1w,2.75
RF00005,5e6m,E,2.927
RF00005,6uo1,2w,2.95
RF00005,6zm6,B,2.59
RF00005,5e81,3K,2.95
RF00005,6ys5,7,3.0
RF00005,5yyn,B,3.0
RF00005,7u2i,1x,2.55
RF00005,6xhy,2y,2.6
RF00005,5e81,2L,2.95
RF00005,6xqd,1x,2.8
RF00005,7u2i,1y,2.55
RF00005,6z6n,CC,2.9
RF00005,5ibb,1K,2.96
RF00005,6zm5,B,2.89
RF00005,4z3s,1y,2.65
RF00005,6cae,2y,2.6
RF00005,6lvr,B,2.85
RF00005,1qrt,B,2.7
RF00005,2zzn,D,2.95
RF00005,1yfg,A,3.0
RF00005,7rq9,1x,2.6
RF00005,6yal,1,3.0
RF00005,7mt7,y,2.71
RF00005,1vy5,AX,2.55
RF00005,4w2i,AW,2.7
RF00005,7of7,B,2.5
RF00005,7nhn,D,2.9
RF00005,4zdo,E,2.65
RF00005,6uo1,2y,2.95
RF00005,7u2i,1w,2.55
RF00005,5doy,1y,2.6
RF00005,4yco,F,2.1
RF00005,7osm,PSIT,3.0
RF00005,6cfj,1x,2.8
RF00005,7p7r,D,2.9
RF00005,6az1,4,2.7
RF00005,6az1,3,2.7
RF00005,5axm,P,2.21
RF00005,5x6b,P,2.596
RF00005,1gts,B,2.8
RF00005,7onu,T,3.0
RF00005,6xqe,1x,3.0
RF00005,6cae,2w,2.6
RF00005,7b5k,z,2.9
RF00005,3kfu,M,3.0
RF00005,6cfj,1w,2.8
RF00005,7e8o,X,2.804
RF00005,7b5k,9,2.9
RF00005,4wqf,DW,2.8
RF00005,4v8d,CD,3.0
RF00005,7o7z,AT,2.4
RF00005,2azx,C,2.8
RF00005,5hr7,C,2.4
RF00005,4arc,B,2.0
RF00005,6cfj,2y,2.8
RF00005,7n1p,Pt,2.33
RF00005,4w2h,CX,2.7
RF00005,5j4b,1x,2.6
RF00005,4w2i,CY,2.7
RF00005,7vnw,A,2.61
RF00005,6xhv,2w,2.4
RF00005,1vy5,AW,2.55
RF00005,1vy4,AY,2.6
RF00005,7u2h,1w,2.55
RF00005,6ydp,BB,3.0
RF00005,6tbv,PTR1,2.7
RF00005,6o97,1x,2.75
RF00005,6zm7,CC,2.7
RF00005,6xhw,1w,2.5
RF00005,2zuf,B,2.3
RF00005,5hcp,2x,2.894
RF00005,5b63,B,3.0
RF00005,4yye,D,2.301
RF00005,5ibb,3K,2.96
RF00005,7unu,v,2.9
RF00005,4v8d,CC,3.0
RF00005,7s1k,A,2.42
RF00005,4v8b,CB,3.0
RF00005,7zai,4,2.6
RF00005,6nd5,1w,2.6
RF00005,7rq9,2y,2.6
RF00005,5wfs,y,3.0
RF00005,4aq7,B,2.5
RF00005,4woi,DW,3.0
RF00005,6xa1,Bv,2.8
RF00005,2ct8,D,2.7
RF00005,4y4p,1y,2.5
RF00005,7p3k,V,2.9
RF00005,1h4s,T,2.85
RF00005,6cfj,2w,2.8
RF00005,6zme,CC,3.0
RF00005,4v8d,AD,3.0
RF00005,4wpo,BW,2.8
RF00005,5ib7,1L,2.99
RF00005,6zto,AW,3.0
RF00005,4lnt,QV,2.94000009954
RF00005,6sgc,23,2.8
RF00005,6xz7,f,2.1
RF00005,4tna,A,2.5
RF00005,2azx,D,2.8
RF00005,7st2,6,2.9
RF00005,4y4p,2x,2.5
RF00005,4v9r,CX,3.0
RF00005,6v3a,v,2.82
RF00005,2du4,C,2.8
RF00005,7u2h,1x,2.55
RF00005,6uo1,1x,2.95
RF00005,6of1,1w,2.8
RF00005,6xhv,1y,2.4
RF00005,5hc9,C,2.9
RF00005,6ysi,6,2.5
RF00005,5vp2,2y,2.8
RF00005,5j8b,x,2.6
RF00005,4wqu,BY,2.8
RF00005,6xhv,2y,2.4
RF00005,6zvi,d,3.0
RF00005,3amt,B,2.9
RF00005,3akz,F,2.9
RF00005,1ffy,T,2.2
RF00005,7unv,v,2.7
RF00005,6qdw,v,2.83
RF00005,5wis,2w,2.703
RF00005,3kfu,K,3.0
RF00005,1j1u,B,1.95
RF00005,7tor,PTRN,2.9
RF00005,7as8,2,2.9
RF00005,5omw,E,2.6
RF00005,5wit,1w,2.6
RF00005,7rq8,2x,2.5
RF00005,5b63,D,3.0
RF00005,7ug7,Pt,2.58
RF00005,2zxu,D,2.75
RF00005,6ztp,AW,3.0
RF00005,7n2u,Pt,2.53
RF00005,5doy,1w,2.6
RF00005,7o9m,B,2.6
RF00005,6cae,2x,2.6
RF00005,5wis,1x,2.703
RF00005,4v8b,AC,3.0
RF00005,5ibb,2L,2.96
RF00005,4w2f,AX,2.4
RF00005,5j4c,1x,2.8
RF00005,5e81,2K,2.95
RF00005,4woi,AX,3.0
RF00005,6ztp,AX,3.0
RF00005,3akz,E,2.9
RF00005,6yhs,6,2.7
RF00005,7qi4,B,2.21
RF00005,7of6,B,2.6
RF00005,4w2i,AX,2.7
RF00005,4z3s,1w,2.65
RF00005,5v6x,C,2.76
RF00005,6ugg,B,1.95
RF00005,6o97,2w,2.75
RF00005,7cpu,S6,2.82
RF00005,3akz,H,2.9
RF00005,7r81,u1,2.7
RF00005,7ryf,v,2.65
RF00005,7vnv,B,1.9
RF00005,1vy7,CX,2.8
RF00005,7u2j,1x,2.55
RF00005,5nwy,M,2.9
RF00005,7p48,5,2.9
RF00005,7m4x,v,2.66
RF00005,1vfg,C,2.8
RF00005,5f8k,2x,2.8
RF00005,6t4q,7,2.6
RF00005,5hau,2w,3.0
RF00005,6xqd,2x,2.8
RF00005,6wde,7,3.0
RF00005,7k98,C,2.19
RF00005,1n77,D,2.4
RF00005,5j4c,2y,2.8
RF00005,1h3e,B,2.9
RF00005,6xhw,2x,2.5
RF00005,6gsj,3L,2.96
RF00005,7aqc,T,2.99
RF00005,7lj3,B,2.9
RF00005,6cfj,2x,2.8
RF00005,7jql,2x,3.0
RF00005,5doy,2w,2.6
RF00005,2tra,A,3.0
RF00005,5wfs,v,3.0
RF00005,1il2,D,2.6
RF00005,3eph,E,2.95
RF00005,4wqu,DW,2.8
RF00005,6xza,f2,2.66
RF00005,7u2h,1y,2.55
RF00005,7n31,Pt,2.69
RF00005,7s1i,A,2.48
RF00005,7zhg,4,2.25
RF00005,6cae,1y,2.6
RF00005,7k00,Y,1.98
RF00005,6nd5,1y,2.6
RF00005,6of1,2w,2.8
RF00005,4tra,A,3.0
RF00005,2bte,B,2.9
RF00005,7rq9,1y,2.6
RF00005,5w4k,1y,2.7
RF00005,6uo1,2x,2.95
RF00005,4v7l,AY,3.0
RF00005,1evv,A,2.0
RF00005,7pwg,w,2.75
RF00005,6nd6,1x,2.85
RF00005,5vp2,1x,2.8
RF00005,7too,APTN,2.7
RF00005,6gsj,1L,2.96
RF00005,6gsj,1K,2.96
RF00005,6uo1,1y,2.95
RF00005,4aq7,E,2.5
RF00005,5j4b,2w,2.6
RF00005,6nd6,1w,2.85
RF00005,5ah5,C,2.1
RF00005,6xqe,2x,3.0
RF00005,7osa,PSIT,3.0
RF00005,6o97,2y,2.75
RF00005,6xhy,1x,2.6
RF00005,6ugg,A,1.95
RF00005,6snt,6,2.8
RF00005,7nwt,5,2.66
RF00005,4v51,AY,2.8
RF00005,2dlc,Y,2.4
RF00005,1vtq,A,3.0
RF00005,4wsd,2K,2.95
RF00005,7rq8,1x,2.5
RF00005,7mt7,x,2.71
RF00005,2ct8,C,2.7
RF00005,4wqf,BW,2.8
RF00005,1i9v,A,2.6
RF00005,1ivs,D,2.9
RF00005,1qf6,B,2.9
RF00005,7m4y,v,2.5
RF00005,7o1c,B8,2.6
RF00005,4yye,C,2.301
RF00005,1vy7,AY,2.8
RF00005,2cv2,D,2.69
RF00005,5hd1,2x,2.7
RF00005,7o7y,AT,2.2
RF00005,6tna,A,2.7
RF00005,6xhy,2x,2.6
RF00005,5j4c,2w,2.8
RF00005,6az1,2,2.7
RF00005,6rfl,U,2.76
RF00005,5j4c,2x,2.8
RF00005,5wt1,F,2.598
RF00005,2fmt,D,2.8
RF00005,4w2h,AX,2.7
RF00005,5doy,2x,2.6
RF00005,4z3s,2y,2.65
RF00005,1tn2,A,3.0
RF00005,4v67,CY,3.0
RF00005,7ryg,v,2.38
RF00005,6xzb,g2,2.54
RF00005,5j8b,y,2.6
RF00005,6zmi,CC,2.6
RF00005,4wsd,1K,2.95
RF00005,6yhs,8,2.7
RF00005,7n2v,Dt,2.54
RF00005,6tb3,n,2.8
RF00005,4y4p,2w,2.5
RF00005,5e81,3L,2.95
RF00005,5ccx,N,2.1
RF00005,5e81,1K,2.95
RF00005,5j4b,1w,2.6
RF00005,7kgb,y,2.7
RF00005,5hr6,C,2.88
RF00005,7tor,ETRN,2.9
RF00005,7u2j,2y,2.55
RF00005,7lj3,A,2.9
RF00005,4yvj,C,2.9
RF00005,5w4k,2x,2.7
RF00005,1ser,T,2.9
RF00005,6zm5,w,2.89
RF00005,6nd5,1x,2.6
RF00005,7po4,B,2.56
RF00005,5e81,1L,2.95
RF00005,5afi,w,2.9
RF00005,3rg5,A,2.0
RF00005,5ibb,1L,2.96
RF00005,5afi,y,2.9
RF00005,1h4q,T,3.0
RF00005,4v8d,CB,3.0
RF00005,2cv1,C,2.41
RF00005,7p7t,D,2.9
RF00005,7of3,B,2.7
RF00005,6nd6,2x,2.85
RF00005,4wqu,DY,2.8
RF00005,4w2g,AY,2.55
RF00005,5j8b,w,2.6
RF00005,4v9r,AX,3.0
RF00005,6of1,1y,2.8
RF00005,6ydp,BA,3.0
RF00005,6ydp,BA,3.0
RF00005,6ydp,BA,3.0
RF00005,6ydp,BA,3.0
RF00005,6ydp,BA,3.0
RF00005,6ydp,BA,3.0
RF00005,6ydp,BA,3.0
RF00005,6ydp,BA,3.0
RF00005,6ydp,BA,3.0
RF00005,6ydp,BA,3.0
RF00005,6ydp,BA,3.0
RF00005,6ydp,BA,3.0
RF00005,6ydp,BA,3.0
RF00005,6ydp,BA,3.0
RF00005,6ydp,BA,3.0
RF00005,6ydp,BA,3.0
RF00005,6ydp,BA,3.0
RF00005,6ydp,BA,3.0
RF00005,6ydp,BA,3.0
RF00005,4v9d,AV,3.0
RF00005,1tn1,A,3.0
RF00005,6xhv,1x,2.4
RF00005,2zzn,C,2.95
RF00005,7pjs,v,2.35
RF00005,4v9h,AV,2.857
RF00005,5wdt,y,3.0
RF00005,6nd6,2y,2.85
RF00005,4w2f,AW,2.4
RF00005,4w2f,CX,2.4
RF00005,5ibb,3L,2.96
RF00005,7st6,7,3.0
RF00005,1vy5,CW,2.55
RF00005,1b23,R,2.6
RF00005,6zu1,AX,3.0
RF00005,6ywe,bb,2.99
RF00005,6ydp,AA,3.0
RF00005,6ydp,AA,3.0
RF00005,6ydp,AA,3.0
RF00005,6ydp,AA,3.0
RF00005,6ydp,AA,3.0
RF00005,6ydp,AA,3.0
RF00005,6ydp,AA,3.0
RF00005,6ydp,AA,3.0
RF00005,6ydp,AA,3.0
RF00005,6ydp,AA,3.0
RF00005,6ydp,AA,3.0
RF00005,6ydp,AA,3.0
RF00005,6ydp,AA,3.0
RF00005,6ydp,AA,3.0
RF00005,6ydp,AA,3.0
RF00005,6ydp,AA,3.0
RF00005,6ydp,AA,3.0
RF00005,6ydp,AA,3.0
RF00005,6ydp,AA,3.0
RF00005,6zm6,x,2.59
RF00005,6nd5,2w,2.6
RF00005,4cqn,B,2.5
RF00005,7n30,Pt,2.66
RF00005,6xhw,2y,2.5
RF00005,5wfs,w,3.0
RF00005,5doy,1x,2.6
RF00005,1efw,D,3.0
RF00005,1n78,D,2.1
RF00005,7n30,Dt,2.66
RF00005,4w2i,AY,2.7
RF00005,5wis,2x,2.703
RF00005,7ug7,Dt,2.58
RF00005,5ibb,2K,2.96
RF00005,5wt1,C,2.598
RF00005,6xzb,f2,2.54
RF00005,1vy6,CX,2.9
RF00005,6cfj,1y,2.8
RF00005,7msm,y,2.79
RF00005,4wqu,BW,2.8
RF00005,7eqj,B,2.043
RF00005,4w2g,AX,2.55
RF00005,4v51,AW,2.8
RF00005,6wd0,5,3.0
RF00005,4y4p,1w,2.5
RF00005,7nso,8,2.9
RF00005,5wit,2y,2.6
RF00005,4wsd,3K,2.95
RF00005,6uo1,1w,2.95
RF00005,7msc,y,2.97
RF00005,1n78,C,2.1
RF00005,6wde,5,3.0
RF00005,7n31,Dt,2.69
RF00005,3zjv,B,2.31
RF00005,4v8b,AB,3.0
RF00010,1u9s,A,2.9
RF00028,7yga,N,2.35
RF00028,8i7n,N,2.98
RF00028,7ygc,N,2.65
RF00028,7r6l,A,2.85
RF00028,7yg9,N,2.68
RF00028,7ygb,N,2.62
RF00028,7xd5,N,2.84
RF00028,7xd6,N,2.84
RF00028,7yg8,N,2.97
RF00028,7yci,N,2.98
RF00029,8t2s,B,3.0
RF00029,8k0p,C,2.99
RF00029,7uin,B,2.8
RF00029,8t2t,B,3.0
RF00029,1kxk,A,3.0
RF00029,8k0p,A,2.99
RF00029,8k15,C,2.58
RF00029,8k0r,C,2.65
RF00029,8k0r,A,2.65
RF00050,6wjr,X,2.7
RF00050,3f2t,X,3.0
RF00050,3f2q,X,2.95
RF00059,2cky,A,2.9
RF00059,3d2v,A,2.0
RF00059,7tdc,A,2.46
RF00059,3d2x,A,2.5
RF00059,7tzr,X,2.7
RF00059,4nya,B,2.65
RF00059,3d2g,A,2.25
RF00059,3d2g,B,2.25
RF00059,2hol,A,2.9
RF00059,7tzt,A,2.96
RF00059,4nya,A,2.65
RF00059,2gdi,X,2.05
RF00059,3d2x,B,2.5
RF00059,7tda,A,2.25
RF00059,2gdi,Y,2.05
RF00059,2cky,B,2.9
RF00059,4nyd,A,2.9
RF00059,7td7,A,2.95
RF00059,7tzr,Y,2.7
RF00059,2hom,A,2.89
RF00059,2hoj,A,2.5
RF00059,7tzs,X,2.21
RF00059,3d2v,B,2.0
RF00059,7tdb,A,2.56
RF00059,7tzu,A,2.87
RF00059,7tzs,Y,2.21
RF00059,2hoo,A,3.0
RF00080,6cc3,B,2.698
RF00080,6cc3,A,2.698
RF00080,6cc1,A,2.54
RF00080,6cc1,B,2.54
RF00100,5lys,B,2.32
RF00100,5lyu,A,2.2
RF00100,5lys,A,2.32
RF00100,5lyu,B,2.2
RF00100,5lyv,B,2.35
RF00100,5lyv,A,2.35
RF00102,6ol3,C,2.74
RF00162,5fk6,A,2.5
RF00162,3gx2,A,2.9
RF00162,5fk3,A,2.5
RF00162,5fkf,A,2.8
RF00162,3gx6,A,2.8
RF00162,5fk4,A,2.43
RF00162,4aob,A,2.95
RF00162,3iqn,A,2.7
RF00162,5fke,A,2.8
RF00162,5fkh,A,2.65
RF00162,3iqr,A,2.55
RF00162,2ydh,A,2.9
RF00162,3gx3,A,2.7
RF00162,3v7e,D,2.8
RF00162,3gx5,A,2.402
RF00162,2ygh,A,2.6
RF00162,3v7e,C,2.8
RF00162,5fjc,A,1.71
RF00162,2gis,A,2.9
RF00162,5fk1,A,2.5
RF00162,3iqp,A,2.9
RF00162,4b5r,A,2.95
RF00162,5fkd,A,3.0
RF00162,3gx7,A,2.95
RF00162,5fk2,A,2.6
RF00162,7eaf,A,2.85
RF00162,5fkg,A,2.95
RF00164,1xjr,A,2.7
RF00167,4xnr,X,2.21
RF00167,5e54,B,2.3
RF00167,3got,A,1.95
RF00167,3la5,A,1.7
RF00167,1y27,X,2.4
RF00167,5swe,X,3.0
RF00167,2eev,A,1.95
RF00167,4fep,B,1.65
RF00167,6uc9,B,1.941
RF00167,3ds7,B,1.85
RF00167,5swd,B,2.5
RF00167,6uc8,B,1.898
RF00167,5uza,X,2.22
RF00167,2eet,A,1.95
RF00167,3rkf,B,2.5
RF00167,3rkf,C,2.5
RF00167,2xo1,A,1.6
RF00167,1y26,X,2.1
RF00167,4feo,B,1.6
RF00167,4fej,B,1.5
RF00167,2xnw,A,1.5
RF00167,4fel,B,1.6
RF00167,3gao,A,1.9
RF00167,2b57,A,2.15
RF00167,6vwv,B,3.0
RF00167,3rkf,A,2.5
RF00167,2ees,A,1.75
RF00167,4lx5,A,2.13
RF00167,4tzx,X,2.01
RF00167,3ds7,A,1.85
RF00167,6p2h,A,2.803
RF00167,2eew,A,2.25
RF00167,3fo4,A,1.9
RF00167,3g4m,A,2.4
RF00167,5swd,A,2.5
RF00167,2xo0,A,1.7
RF00167,5e54,A,2.3
RF00167,3ger,A,1.7
RF00167,6vwv,A,3.0
RF00167,3ivn,B,2.8
RF00167,3rkf,D,2.5
RF00167,6ubu,B,1.6
RF00167,2g9c,A,1.7
RF00167,4lx6,A,2.15
RF00167,2eeu,A,1.95
RF00167,4tzy,X,2.57
RF00167,4fen,B,1.35
RF00167,3ivn,A,2.8
RF00167,6uc7,B,1.798
RF00167,3fo6,A,1.9
RF00167,4fe5,B,1.32
RF00167,3ges,A,2.15
RF00167,2xnz,A,1.59
RF00167,3gog,A,2.1
RF00168,3d0x,A,2.95
RF00168,3dir,A,2.9
RF00168,3dim,A,2.9
RF00168,3diy,A,2.71
RF00168,3dig,X,2.8
RF00168,3dj2,A,2.5
RF00168,4erj,A,3.0
RF00168,3d0u,A,2.8
RF00168,3dio,X,2.4
RF00168,3dj0,A,2.5
RF00168,3dix,A,2.9
RF00168,3dil,A,1.9
RF00168,3diq,A,2.7
RF00168,3diz,A,2.85
RF00168,4erl,A,3.0
RF00169,2v3c,M,2.5
RF00169,1z43,A,2.6
RF00169,4xco,E,2.9
RF00169,2v3c,N,2.5
RF00169,1lng,B,2.3
RF00169,4xco,M,2.9
RF00233,4p5j,A,1.9912
RF00234,2ho6,B,2.8
RF00234,2nz4,R,2.498
RF00234,2h0z,B,2.7
RF00234,3g8t,Q,3.0
RF00234,2z75,B,1.7
RF00234,2ho7,B,2.9
RF00234,2h0w,B,2.4
RF00234,2nz4,Q,2.498
RF00234,2gcv,B,2.1
RF00234,2h0s,B,2.35
RF00234,3g8t,R,3.0
RF00234,3l3c,S,2.85
RF00234,3l3c,P,2.85
RF00234,3l3c,R,2.85
RF00234,3g8t,P,3.0
RF00234,3b4a,B,2.7
RF00234,3b4b,B,2.7
RF00234,2nz4,S,2.498
RF00234,3g9c,Q,2.9
RF00234,3b4c,B,3.0
RF00234,3g9c,S,2.9
RF00234,3g9c,P,2.9
RF00234,2nz4,P,2.498
RF00234,3g9c,R,2.9
RF00234,3l3c,Q,2.85
RF00234,2gcs,B,2.1
RF00234,3g8t,S,3.0
RF00234,2h0x,B,2.3
RF00234,2z74,B,2.2
RF00379,6n5p,A,2.991
RF00379,6n5n,A,2.951
RF00379,6n5s,A,2.802
RF00379,6n5o,A,2.708
RF00379,6wtl,A,2.85
RF00379,4qlm,A,2.721
RF00379,4qln,A,2.65
RF00379,6n5t,A,2.787
RF00379,6n5q,A,2.946
RF00380,2qbz,X,2.6
RF00380,3pdr,A,1.853
RF00380,3pdr,X,1.853
RF00442,6dls,A,2.885
RF00442,6dlr,A,2.656
RF00442,5t83,A,2.71
RF00442,6dnr,A,2.896
RF00442,5u3g,B,2.3
RF00442,6dlq,A,2.8
RF00442,6ck5,B,2.49
RF00442,6dlt,A,2.9
RF00442,7mlw,F,2.7
RF00442,6ck5,A,2.49
RF00504,3oxd,A,2.999
RF00504,3oxb,A,2.947
RF00504,3oxm,B,2.95
RF00504,3owi,B,2.845
RF00504,3oww,B,2.802
RF00504,3oww,A,2.802
RF00504,3owz,B,2.949
RF00504,3oxd,B,2.999
RF00504,3owi,A,2.845
RF00504,3oxe,A,2.899
RF00504,3oxm,A,2.95
RF00504,3oxe,B,2.899
RF00504,3oxb,B,2.947
RF00504,3owz,A,2.949
RF00525,7kga,B,2.1
RF00525,7kga,A,2.1
RF01051,4yb0,R,2.121
RF01051,3irw,R,2.7
RF01051,3mur,R,3.0
RF01051,3ud4,R,2.7
RF01051,4yb1,R,2.081
RF01051,3mut,R,3.0
RF01051,3mxh,R,2.3
RF01051,4yb0,A,2.121
RF01051,3ucu,R,2.8
RF01051,4yaz,A,2.0
RF01051,4yaz,R,2.0
RF01051,3mum,R,2.9
RF01051,3ucz,R,2.8
RF01415,4pqv,A,2.463
RF01510,3skz,A,2.605
RF01510,3slq,B,2.5
RF01510,3skw,A,2.95
RF01510,3skl,B,2.9
RF01510,3skl,A,2.9
RF01510,3slm,A,2.7
RF01510,3skw,B,2.95
RF01510,3ski,A,2.3
RF01510,3slm,B,2.7
RF01510,3ski,B,2.3
RF01510,3slq,A,2.5
RF01510,3skz,B,2.605
RF01689,4frg,X,2.95
RF01689,4frg,B,2.95
RF01704,6qn3,B,2.3
RF01704,6qn3,A,2.3
RF01725,4l81,A,2.95
RF01734,4en5,A,2.957
RF01734,3vrs,A,2.603
RF01734,4enb,A,2.302
RF01734,4enc,A,2.272
RF01734,4ena,A,2.85
RF01750,4znp,A,2.94
RF01750,4znp,B,2.94
RF01750,4xw7,A,2.5
RF01750,5btp,A,2.816
RF01750,5btp,B,2.816
RF01750,4xwf,A,1.8
RF01763,5o69,A,2.319
RF01763,5nzd,B,2.007
RF01763,5nz3,A,2.059
RF01763,5o62,B,2.119
RF01763,5nz6,A,2.94
RF01763,5o62,A,2.119
RF01763,5o69,B,2.319
RF01763,5nzd,A,2.007
RF01763,5ny8,B,2.04
RF01763,5nwq,A,1.91
RF01763,5ny8,A,2.04
RF01763,5nwq,B,1.91
RF01763,5nz3,B,2.059
RF01786,3q3z,A,2.51
RF01786,3q3z,V,2.51
RF01826,6fz0,A,2.499
RF01831,7kd1,A,1.9
RF01831,4lvw,A,1.768
RF01831,4lvy,A,2.0
RF01831,6q57,A,2.72
RF01831,4lvz,A,1.77
RF01831,4lvx,A,1.9
RF01831,3sux,X,2.9
RF01831,4lw0,A,1.889
RF01831,4lvv,A,2.1
RF01831,3sd3,A,1.95
RF01831,3suh,X,2.65
RF01852,3adc,C,2.9
RF01852,3add,C,2.4
RF01852,4zdp,E,2.703
RF01852,3adb,C,2.8
RF01852,3rg5,B,2.0
RF01852,3hl2,E,2.81
RF01852,3adc,D,2.9
RF01852,3add,D,2.4
RF01852,4zdo,E,2.65
RF01852,3adb,D,2.8
RF01852,3rg5,A,2.0
RF01854,4wfl,A,2.49
RF02001,4y1n,B,3.0
RF02001,4e8q,A,2.84
RF02001,4far,A,2.86
RF02001,4faw,A,2.7
RF02001,4y1n,A,3.0
RF02001,3g78,A,2.8
RF02001,4fau,A,2.87
RF02001,4e8n,A,2.96
RF02001,4y1o,B,2.95
RF02001,4y1o,A,2.95
RF02540,7st6,1,3.0
RF02540,6yhs,1,2.7
RF02540,6zu5,L50,2.9
RF02540,6nd6,2A,2.85
RF02540,4wqu,AA,2.8
RF02540,6snt,1,2.8
RF02540,7mt7,A,2.71
RF02540,3ow2,,2.7
RF02540,1k9m,A,3.0
RF02540,7as8,A,2.9
RF02540,4v9h,BA,2.857
RF02540,6xhx,1A,2.55
RF02540,5w4k,2A,2.7
RF02540,7top,A25S,2.4
RF02540,7p7s,A,3.0
RF02540,5doy,1A,2.6
RF02540,7rqe,2A,2.4
RF02540,6of1,1A,2.8
RF02540,5hd1,2A,2.7
RF02540,4v9o,EA,2.9
RF02540,4u4r,5,2.801
RF02540,7p7q,A,2.4
RF02540,7s1g,I,2.48
RF02540,4wqy,AA,2.8
RF02540,7n31,23,2.69
RF02540,1ffk,,2.4
RF02540,6pc7,I,2.5
RF02540,6z6l,L5,3.0
RF02540,4v7x,BA,3.0
RF02540,1q86,A,3.0
RF02540,6xqd,1A,2.8
RF02540,6zu1,BA,3.0
RF02540,4wsd,1H,2.95
RF02540,4z3s,1A,2.65
RF02540,7mt3,A,2.8
RF02540,5ib7,1H,2.99
RF02540,4v7l,BA,3.0
RF02540,6cfl,1A,2.6
RF02540,5w4k,1A,2.7
RF02540,7of5,A,2.9
RF02540,6y2l,L5,3.0
RF02540,7msm,A,2.79
RF02540,1yij,,2.6
RF02540,7m4x,A,2.66
RF02540,4u25,BA,2.9
RF02540,6xzb,A2,2.54
RF02540,7rq8,2A,2.5
RF02540,1yjn,,3.0
RF02540,4u1v,BA,3.0
RF02540,7too,A25S,2.7
RF02540,7md7,1A,2.8
RF02540,7jql,1A,3.0
RF02540,4u27,DA,2.8
RF02540,4v9o,GA,2.9
RF02540,5ndk,1H,2.95
RF02540,7u2h,2A,2.55
RF02540,7rqc,2A,2.5
RF02540,6xhw,2A,2.5
RF02540,6xz7,A,2.1
RF02540,6s0x,A,2.425
RF02540,1qa6,D,2.8
RF02540,3jcs,1,2.8
RF02540,4v7w,BA,3.0
RF02540,5t2a,G,2.9
RF02540,4w2g,DA,2.55
RF02540,6woo,5,2.9
RF02540,7o7y,B5,2.2
RF02540,7b5k,A,2.9
RF02540,5j7l,CA,3.0
RF02540,7p48,A,2.9
RF02540,7o19,BA,2.9
RF02540,1yi2,,2.65
RF02540,6az3,2,2.5
RF02540,7p7r,A,2.9
RF02540,5j5b,DA,2.8
RF02540,5mdv,1,2.97
RF02540,5hcq,2A,2.801
RF02540,7n1p,23,2.33
RF02540,5f8k,1A,2.8
RF02540,5t5h,A,2.54
RF02540,7p3k,a,2.9
RF02540,1vqk,,2.3
RF02540,3cma,,2.8
RF02540,7sae,A,3.0
RF02540,5e81,1H,2.95
RF02540,7pzy,1,2.32
RF02540,6uo1,2A,2.95
RF02540,1hc8,D,2.8
RF02540,1vq6,,2.7
RF02540,6spf,A,2.89
RF02540,2qa4,,3.0
RF02540,1vq5,,2.6
RF02540,5ibb,14,2.96
RF02540,1q82,A,2.98
RF02540,7u2h,1A,2.55
RF02540,4woi,BA,3.0
RF02540,6u48,CA,2.87
RF02540,6ys3,b,2.58
RF02540,7rq9,1A,2.6
RF02540,7ode,I,2.84
RF02540,6spb,A,2.82
RF02540,3cc2,,2.4
RF02540,7nhn,A,2.9
RF02540,1vq9,,2.4
RF02540,7of7,A,2.5
RF02540,7cpu,L5,2.82
RF02540,6cfk,1A,2.7
RF02540,4v8g,DA,3.0
RF02540,4v7w,DA,3.0
RF02540,7qiw,2,2.35
RF02540,7obr,5,2.8
RF02540,6pcq,I,2.6
RF02540,7s1j,I,2.47
RF02540,4u26,BA,2.8
RF02540,7ttu,1,3.0
RF02540,7p7t,A,2.9
RF02540,7m4z,A,2.92
RF02540,6o97,1A,2.75
RF02540,7n2u,23,2.53
RF02540,4z8c,2A,2.9
RF02540,6yss,A,2.6
RF02540,6xhw,1A,2.5
RF02540,3jcs,2,2.8
RF02540,7unv,A,2.7
RF02540,7po4,A,2.56
RF02540,4v7y,BA,3.0
RF02540,6xza,A2,2.66
RF02540,6pcs,I,2.8
RF02540,1vq4,,2.7
RF02540,5wis,2A,2.703
RF02540,7msc,A,2.97
RF02540,6zmi,L5,2.6
RF02540,5j91,CA,2.96
RF02540,7jil,1,2.8
RF02540,5ibb,1H,2.96
RF02540,6o97,2A,2.75
RF02540,2zjr,X,2.91
RF02540,7rqa,1A,2.4
RF02540,7m4y,A,2.5
RF02540,1jj2,,2.4
RF02540,5e81,14,2.95
RF02540,4u25,DA,2.9
RF02540,5fdu,2A,2.9
RF02540,6eri,AA,3.0
RF02540,6pc6,I,2.5
RF02540,6xa1,L5,2.8
RF02540,5vp2,1A,2.8
RF02540,4u26,DA,2.8
RF02540,5dm7,X,3.0
RF02540,6skf,BA,2.95
RF02540,7pkt,3,3.0
RF02540,5fdv,2A,2.8
RF02540,4v67,BA,3.0
RF02540,7r81,A1,2.7
RF02540,4v7x,DA,3.0
RF02540,7olc,1,2.9
RF02540,6v3b,AN1,2.91
RF02540,1vqn,,2.4
RF02540,6xhv,2A,2.4
RF02540,7rqb,2A,2.45
RF02540,1yjw,,2.9
RF02540,6zm6,A,2.59
RF02540,6i7v,DA,2.9
RF02540,5hd1,1A,2.7
RF02540,6gsj,1H,2.96
RF02540,5j4b,2A,2.6
RF02540,4u1u,BA,2.95
RF02540,3cc4,,2.7
RF02540,5ndk,14,2.95
RF02540,7oyb,51,2.4
RF02540,7oyb,51,2.4
RF02540,7m4w,A,2.55
RF02540,1vy7,DA,2.8
RF02540,7o1c,BA,2.6
RF02540,3g6e,,2.7
RF02540,4v9p,AA,2.9
RF02540,7u2i,2A,2.55
RF02540,7of0,A,2.2
RF02540,1vy6,BA,2.9
RF02540,6pj6,I,2.2
RF02540,2otj,,2.9
RF02540,4u3u,1,2.9
RF02540,6z6n,L5,2.9
RF02540,5iqr,1,3.0
RF02540,3cme,,2.95
RF02540,4u3m,1,3.0
RF02540,5hcq,1A,2.801
RF02540,3ccm,,2.55
RF02540,4wpo,CA,2.8
RF02540,1qvg,,2.9
RF02540,6vmi,A,2.96
RF02540,3g71,,2.85
RF02540,6wqn,1,2.9
RF02540,4u4q,1,3.0
RF02540,6cfl,2A,2.6
RF02540,2otl,,2.7
RF02540,6nd5,1A,2.6
RF02540,7uck,5,2.8
RF02540,4ybb,DA,2.1
RF02540,4w2f,BA,2.4
RF02540,6xhv,1A,2.4
RF02540,6cfj,2A,2.8
RF02540,7n2v,23,2.54
RF02540,7q0f,1,2.64
RF02540,6ylg,1,3.0
RF02540,5j4c,2A,2.8
RF02540,5wfs,A,3.0
RF02540,7k00,a,1.98
RF02540,6pcr,I,2.5
RF02540,6xqe,2A,3.0
RF02540,5j7l,DA,3.0
RF02540,1k8a,A,3.0
RF02540,7pwg,1,2.75
RF02540,6tbv,23S1,2.7
RF02540,4v9r,BA,3.0
RF02540,1fg0,A,3.0
RF02540,7u2j,2A,2.55
RF02540,1mms,C,2.57
RF02540,7osa,25S,3.0
RF02540,5d8h,A,2.8
RF02540,6xu8,A5,3.0
RF02540,4u4u,5,3.0
RF02540,1vy6,DA,2.9
RF02540,4w2i,BA,2.7
RF02540,7u2j,1A,2.55
RF02540,4y4o,2A,2.3
RF02540,4v90,BA,2.95
RF02540,7q0r,1,2.67
RF02540,1vq8,,2.2
RF02540,6y69,A,2.86
RF02540,4v9o,AA,2.9
RF02540,7pkt,7,3.0
RF02540,4wpo,AA,2.8
RF02540,7rqb,1A,2.45
RF02540,7rqd,2A,2.5
RF02540,7o7z,B5,2.4
RF02540,6qdw,b,2.83
RF02540,5j8b,A,2.6
RF02540,5j5b,CA,2.8
RF02540,5hau,1A,3.0
RF02540,4u20,BA,2.9
RF02540,6th6,BA,2.55
RF02540,6tb3,BQ,2.8
RF02540,3cxc,,3.0
RF02540,5t5h,B,2.54
RF02540,4wqf,CA,2.8
RF02540,1vql,,2.3
RF02540,7rq9,2A,2.6
RF02540,6sgc,54,2.8
RF02540,7s1k,I,2.42
RF02540,4v88,A1,3.0
RF02540,3cce,,2.75
RF02540,7rq8,1A,2.5
RF02540,1q81,A,2.95
RF02540,4v8d,BA,3.0
RF02540,7ryh,A,2.43
RF02540,7qep,1,2.7
RF02540,5doy,2A,2.6
RF02540,5afi,A,2.9
RF02540,7mt2,A,2.76
RF02540,6pc8,I,2.9
RF02540,6wd0,1,3.0
RF02540,6zm7,L5,2.7
RF02540,6i7v,CA,2.9
RF02540,6yws,A,2.74
RF02540,5wit,1A,2.6
RF02540,7rqe,1A,2.4
RF02540,4v9r,DA,3.0
RF02540,7oif,1,3.0
RF02540,4v9p,EA,2.9
RF02540,7ttw,1,2.9
RF02540,6az3,1,2.5
RF02540,7n30,23,2.66
RF02540,6wyv,I,2.75
RF02540,7tos,23S,2.9
RF02540,4u24,DA,2.9
RF02540,4u52,5,3.0
RF02540,3ccv,,2.9
RF02540,7nwt,1,2.66
RF02540,4wqf,AA,2.8
RF02540,6cfj,1A,2.8
RF02540,5hcp,1A,2.894
RF02540,4z8c,1A,2.9
RF02540,6uo1,1A,2.95
RF02540,1vy7,BA,2.8
RF02540,4u4u,1,3.0
RF02540,4v8i,DA,2.7
RF02540,6ore,1,2.9
RF02540,1m90,A,2.8
RF02540,4y4p,2A,2.5
RF02540,3i56,,2.9
RF02540,1vy5,BA,2.55
RF02540,4v9f,,2.404
RF02540,4v9d,DA,3.0
RF02540,6nd6,1A,2.85
RF02540,4v7l,DA,3.0
RF02540,7n2c,23,2.72
RF02540,5hau,2A,3.0
RF02540,7f5s,L5,2.72
RF02540,4v8b,DA,3.0
RF02540,6zm5,A,2.89
RF02540,6gsj,14,2.96
RF02540,6xhx,2A,2.55
RF02540,7qi4,A,2.21
RF02540,4u24,BA,2.9
RF02540,6s0z,A,2.3
RF02540,5j91,DA,2.96
RF02540,5dm6,X,2.9
RF02540,4w2g,BA,2.55
RF02540,5hcr,1A,2.8
RF02540,6wde,1,3.0
RF02540,4u52,1,3.0
RF02540,6skg,BA,2.65
RF02540,7qwq,5,2.83
RF02540,6hma,A,2.65
RF02540,6cae,1A,2.6
RF02540,7ot5,1,2.9
RF02540,7asp,Y,2.86
RF02540,7odr,A,2.9
RF02540,7oii,1,3.0
RF02540,1n8r,A,3.0
RF02540,2qex,,2.9
RF02540,1nji,A,3.0
RF02540,6cfk,2A,2.7
RF02540,6xhy,2A,2.6
RF02540,4u1u,DA,2.95
RF02540,5wit,2A,2.6
RF02540,3jcs,4,2.8
RF02540,3ccl,,2.9
RF02540,5f8k,2A,2.8
RF02540,5ib7,14,2.99
RF02540,3ccs,,2.95
RF02540,7q08,1,2.56
RF02540,7lvk,I,2.2
RF02540,4w2h,BA,2.7
RF02540,7unr,A,2.9
RF02540,3cc7,,2.7
RF02540,7o9m,A,2.6
RF02540,4ybb,CA,2.1
RF02540,1kd1,A,3.0
RF02540,7rqc,1A,2.5
RF02540,6nd5,2A,2.6
RF02540,4v9p,CA,2.9
RF02540,7rqa,2A,2.4
RF02540,4u1v,DA,3.0
RF02540,4v7y,DA,3.0
RF02540,6zme,L5,3.0
RF02540,7otc,A,2.9
RF02540,4v51,DA,2.8
RF02540,4v9d,CA,3.0
RF02540,7ryf,A,2.65
RF02540,7of6,A,2.6
RF02540,7oiz,a,2.9
RF02540,4wqy,CA,2.8
RF02540,4v8i,BA,2.7
RF02540,5j4c,1A,2.8
RF02540,6ztp,BA,3.0
RF02540,4v88,A5,3.0
RF02540,7azy,E,2.877
RF02540,6r5q,5,3.0
RF02540,4lnt,RA,2.94000009954
RF02540,5hcp,2A,2.894
RF02540,6v3a,AN1,2.82
RF02540,5tbw,1,3.0
RF02540,7of3,A,2.7
RF02540,7aqc,A,2.99
RF02540,7qwr,5,2.9
RF02540,1vqp,,2.25
RF02540,5nwy,N,2.9
RF02540,6ysi,1,2.5
RF02540,7bl4,A,2.4
RF02540,1yhq,,2.4
RF02540,5fdv,1A,2.8
RF02540,3cd6,,2.75
RF02540,4v8d,DA,3.0
RF02540,3ccu,,2.8
RF02540,5dar,A,2.9
RF02540,4u27,BA,2.8
RF02540,7tor,A28S,2.9
RF02540,5vp2,2A,2.8
RF02540,5fdu,1A,2.9
RF02540,4y4o,1A,2.3
RF02540,7pkt,8,3.0
RF02540,7osm,25S,3.0
RF02540,6pct,I,2.8
RF02540,5hcr,2A,2.8
RF02540,1mms,D,2.57
RF02540,7kgb,A,2.7
RF02540,4wqu,CA,2.8
RF02540,4u4r,1,2.801
RF02540,7nhk,A,2.9
RF02540,3ccq,,2.9
RF02540,4v67,DA,3.0
RF02540,5t2a,B,2.9
RF02540,6wu9,A,2.9
RF02540,7asn,A,2.73
RF02540,4y4p,1A,2.5
RF02540,4w2e,A,2.9
RF02540,6pc5,I,2.7
RF02540,4u20,DA,2.9
RF02540,6xqe,1A,3.0
RF02540,6hrm,1,2.96
RF02540,6of1,2A,2.8
RF02540,7s1h,I,2.35
RF02540,7ug7,23,2.58
RF02540,5j4b,1A,2.6
RF02540,4u4q,5,3.0
RF02540,7st2,1,2.9
RF02540,4lnt,YA,2.94000009954
RF02540,6vlz,A,2.97
RF02540,6xhy,1A,2.6
RF02540,4z3s,2A,2.65
RF02540,7m4v,A,2.54
RF02540,1vqm,,2.3
RF02540,4v9o,CA,2.9
RF02540,4v51,BA,2.8
RF02540,6tc3,23S1,2.7
RF02540,4u3u,5,2.9
RF02540,6qul,A,3.0
RF02540,5dar,D,2.9
RF02540,1yit,,2.8
RF02540,1s72,,2.4
RF02540,5ngm,AA,2.9
RF02540,1hc8,C,2.8
RF02540,7of2,A,2.7
RF02540,7asm,A,2.48
RF02540,1yj9,,2.8
RF02540,4w2f,DA,2.4
RF02540,1vy4,DA,2.6
RF02540,1vqo,,2.2
RF02540,1vq7,,2.5
RF02540,1vy5,DA,2.55
RF02540,5wis,1A,2.703
RF02540,7o80,B5,2.9
RF02540,7rqd,1A,2.5
RF02540,6ywe,A,2.99
RF02540,4v8g,BA,3.0
RF02540,4w2i,DA,2.7
RF02540,7unu,A,2.9
RF02540,7o1a,BA,2.4
RF02540,6t4q,C1,2.6
RF02540,6pch,I,2.9
RF02540,4w2h,DA,2.7
RF02540,7old,1,3.0
RF02540,4wsd,14,2.95
RF02540,6w6p,A,2.9
RF02540,6qzp,L5,2.9
RF02540,7md7,2A,2.8
RF02540,6h4n,A,3.0
RF02540,4woi,CA,3.0
RF02540,7u2i,1A,2.55
RF02540,3moj,A,2.902
RF02540,6ydp,BA,3.0
RF02540,7mpj,A1,2.7
RF02540,7pwo,1,2.75
RF02540,7nso,A,2.9
RF02540,6cae,2A,2.6
RF02540,1vy4,BA,2.6
RF02540,4v8b,BA,3.0
RF02540,6xqd,2A,2.8
RF02540,6az3,4,2.5
RF02540,1qa6,C,2.8
RF02540,6ydp,AA,3.0
RF02540,5tbw,AR,3.0
RF02540,7of4,A,2.7
RF02540,5wdt,A,3.0
RF02540,7ryg,A,2.38
RF02540,7q0p,1,2.77
RF02540,7pjs,A,2.35
RF02540,6y6x,L5,2.8
RF02540,4u3m,5,3.0
RF02540,4v9p,GA,2.9
RF02540,7s1i,I,2.48
RF02540,3cpw,,2.7
RF02540,7unw,A,2.6
RF02540,6zto,BA,3.0
RF02540,3ccr,,3.0
RF02540,7jql,2A,3.0
RF02540,6v3d,AN1,2.95
RF02540,5t2a,A,2.9
RF02541,4u1v,DA,3.0
RF02541,4v7y,DA,3.0
RF02541,6v3d,AN1,2.95
RF02541,7jql,2A,3.0
RF02541,6nd6,2A,2.85
RF02541,6yhs,1,2.7
RF02541,7st6,1,3.0
RF02541,8ap4,a,3.0
RF02541,7jql,1A,3.0
RF02541,7md7,1A,2.8
RF02541,5ib7,14,2.99
RF02541,4v9p,CA,2.9
RF02541,6prv,A,2.71
RF02541,7rqa,2A,2.4
RF02541,8uua,A,2.7
RF02541,4u27,BA,2.8
RF02541,8aye,a,1.96
RF02541,5e81,1H,2.95
RF02541,7sae,A,3.0
RF02541,7zq6,b,2.75
RF02541,4v9r,BA,3.0
RF02541,7zp8,b,2.2
RF02541,8p16,1,2.77
RF02541,8syl,A,2.9
RF02541,5afi,A,2.9
RF02541,5doy,2A,2.6
RF02541,6qul,A,3.0
RF02541,8r6c,a,2.2
RF02541,4u24,DA,2.9
RF02541,6prv,D,2.71
RF02541,6wyv,I,2.75
RF02541,7n30,23,2.66
RF02541,7tos,23S,2.9
RF02541,8ud7,1A,2.55
RF02541,4wqf,AA,2.8
RF02541,6cfj,1A,2.8
RF02541,7uvw,A,2.37
RF02541,4v8b,DA,3.0
RF02541,6gsj,14,2.96
RF02541,6zm5,A,2.89
RF02541,7m5d,1,2.8
RF02541,8s1p,A,1.96
RF02541,7uw1,A,2.21
RF02541,5hcr,2A,2.8
RF02541,6pct,I,2.8
RF02541,8cvk,2A,2.5
RF02541,8g6y,a,2.09
RF02541,7as8,A,2.9
RF02541,7mt7,A,2.71
RF02541,7rqe,2A,2.4
RF02541,8cgk,a,1.64
RF02541,8p18,1,2.77
RF02541,4ybb,DA,2.1
RF02541,6pcs,I,2.8
RF02541,7sa4,1,2.55
RF02541,8g29,2A,2.55
RF02541,8rpz,A,2.44
RF02541,5nwy,N,2.9
RF02541,7aqc,A,2.99
RF02541,8crx,a,2.78
RF02541,8g2c,2A,2.65
RF02541,4v8g,BA,3.0
RF02541,4w2i,DA,2.7
RF02541,6ywe,A,2.99
RF02541,5hcq,2A,2.801
RF02541,5j5b,DA,2.8
RF02541,5mdv,1,2.97
RF02541,5npm,B,2.7
RF02541,7n1p,23,2.33
RF02541,7p7r,A,2.9
RF02541,4v67,BA,3.0
RF02541,5fdv,2A,2.8
RF02541,7pkt,3,3.0
RF02541,1y39,D,2.8
RF02541,5j7l,CA,3.0
RF02541,5fdu,1A,2.9
RF02541,5vp2,2A,2.8
RF02541,7zta,23S1,2.7
RF02541,8e3o,I,1.99
RF02541,3moj,A,2.902
RF02541,4woi,CA,3.0
RF02541,6ydp,BA,3.0
RF02541,7u2i,1A,2.55
RF02541,8bhp,,2.37
RF02541,8ekb,1A,2.7
RF02541,1hc8,D,2.8
RF02541,6uo1,2A,2.95
RF02541,8a5i,A,2.3
RF02541,8uvr,2A,2.6
RF02541,1vy7,DA,2.8
RF02541,4qvi,B,1.9
RF02541,7o1c,BA,2.6
RF02541,5j8b,A,2.6
RF02541,6qdw,b,2.83
RF02541,8cep,a,2.04
RF02541,8e33,I,2.23
RF02541,8e43,I,2.09
RF02541,8ifc,a,2.9
RF02541,5j5b,CA,2.8
RF02541,8cgu,a,1.89
RF02541,8g7r,A,2.8
RF02541,4lnt,YA,2.94000009954
RF02541,6vlz,A,2.97
RF02541,7st2,1,2.9
RF02541,8vtx,2A,2.4
RF02541,8cvk,1A,2.5
RF02541,8fc3,1A,2.6
RF02541,6zto,BA,3.0
RF02541,2zjr,X,2.91
RF02541,5ibb,1H,2.96
RF02541,5j91,CA,2.96
RF02541,6o97,2A,2.75
RF02541,7jil,1,2.8
RF02541,7m4y,A,2.5
RF02541,7rqa,1A,2.4
RF02541,5e81,14,2.95
RF02541,8a22,A7,2.91
RF02541,8cvm,a,2.66
RF02541,8fc3,2A,2.6
RF02541,8g2b,1A,2.55
RF02541,5f8k,2A,2.8
RF02541,8e32,I,2.35
RF02541,8uvs,2A,2.75
RF02541,4v51,DA,2.8
RF02541,4v9d,CA,3.0
RF02541,7of6,A,2.6
RF02541,7oiz,a,2.9
RF02541,7ryf,A,2.65
RF02541,8p2h,A,2.49
RF02541,8vtw,1A,2.35
RF02541,4v8i,BA,2.7
RF02541,4wqy,CA,2.8
RF02541,5j4c,1A,2.8
RF02541,7yla,I,2.52
RF02541,8ifb,a,2.43
RF02541,5fdv,1A,2.8
RF02541,7uvy,A,2.39
RF02541,8cvj,1A,2.4
RF02541,1vy4,DA,2.6
RF02541,4w2f,DA,2.4
RF02541,7asm,A,2.48
RF02541,1vy5,DA,2.55
RF02541,5wis,1A,2.703
RF02541,7rqd,1A,2.5
RF02541,7q4k,BA,3.0
RF02541,8ana,a,2.1
RF02541,6pc8,I,2.9
RF02541,6wd0,1,3.0
RF02541,7mt2,A,2.76
RF02541,8ev7,1A,2.89
RF02541,8j1z,a,2.6
RF02541,6cae,1A,2.6
RF02541,6hma,A,2.65
RF02541,7asp,Y,2.86
RF02541,7odr,A,2.9
RF02541,7oii,1,3.0
RF02541,7ot5,1,2.9
RF02541,8e44,I,2.53
RF02541,1qa6,C,2.8
RF02541,1vy4,BA,2.6
RF02541,4v8b,BA,3.0
RF02541,6xqd,2A,2.8
RF02541,6ydp,AA,3.0
RF02541,7of4,A,2.7
RF02541,8rpy,A,2.64
RF02541,7o19,BA,2.9
RF02541,4u25,DA,2.9
RF02541,5fdu,2A,2.9
RF02541,6eri,AA,3.0
RF02541,6pc6,I,2.5
RF02541,8fc1,1A,2.5
RF02541,4u26,DA,2.8
RF02541,5dm7,X,3.0
RF02541,5vp2,1A,2.8
RF02541,7qh7,A,2.89
RF02541,3u4m,B,2.0
RF02541,4v9r,DA,3.0
RF02541,5wit,1A,2.6
RF02541,6i7v,CA,2.9
RF02541,6yws,A,2.74
RF02541,7rqe,1A,2.4
RF02541,8bhl,,2.21
RF02541,8k2a,L1,2.9
RF02541,4u24,BA,2.9
RF02541,5dm6,X,2.9
RF02541,5j91,DA,2.96
RF02541,6s0z,A,2.3
RF02541,6xhx,2A,2.55
RF02541,7qi4,A,2.21
RF02541,8g29,1A,2.55
RF02541,4y4o,1A,2.3
RF02541,7y7h,a,2.51
RF02541,4u20,DA,2.9
RF02541,6xqe,1A,3.0
RF02541,4v51,BA,2.8
RF02541,4v9o,CA,2.9
RF02541,6tc3,23S1,2.7
RF02541,8g2d,2A,2.7
RF02541,7unw,A,2.6
RF02541,8whx,A,2.8
RF02541,4v90,BA,2.95
RF02541,6y69,A,2.86
RF02541,6xhv,2A,2.4
RF02541,7rqb,2A,2.45
RF02541,8ud7,2A,2.55
RF02541,8vtw,2A,2.35
RF02541,6spb,A,2.82
RF02541,7nhn,A,2.9
RF02541,7ode,I,2.84
RF02541,7rq9,1A,2.6
RF02541,8ev7,2A,2.89
RF02541,7rq9,2A,2.6
RF02541,7s1k,I,2.42
RF02541,4v7l,DA,3.0
RF02541,4v9d,DA,3.0
RF02541,6nd6,1A,2.85
RF02541,7n2c,23,2.72
RF02541,8eiu,a,2.24
RF02541,4lnt,RA,2.94000009954
RF02541,5hcp,2A,2.894
RF02541,6v3a,AN1,2.82
RF02541,7of3,A,2.7
RF02541,8fc4,2A,2.45
RF02541,8rd8,Z2,2.62
RF02541,8why,A,2.7
RF02541,4w2e,A,2.9
RF02541,4y4p,1A,2.5
RF02541,6pc5,I,2.7
RF02541,6xhy,1A,2.6
RF02541,8g2u,B,3.0
RF02541,7o1a,BA,2.4
RF02541,8p2f,A,2.44
RF02541,7p3k,a,2.9
RF02541,5ibb,14,2.96
RF02541,8y38,A,2.58
RF02541,6prv,B,2.71
RF02541,7rq8,1A,2.5
RF02541,4v8d,DA,3.0
RF02541,7y7f,a,2.43
RF02541,8cgr,a,2.12
RF02541,8e30,I,1.91
RF02541,8g6w,a,2.02
RF02541,8qcq,A,2.3
RF02541,3u56,B,2.1
RF02541,8cgv,a,1.66
RF02541,8g2b,2A,2.55
RF02541,4wpo,CA,2.8
RF02541,5hcq,1A,2.801
RF02541,6vmi,A,2.96
RF02541,1vy6,DA,2.9
RF02541,4w2i,BA,2.7
RF02541,4y4o,2A,2.3
RF02541,7u2j,1A,2.55
RF02541,7zod,b,2.56
RF02541,4wpo,AA,2.8
RF02541,7rqb,1A,2.45
RF02541,7rqd,2A,2.5
RF02541,8b0x,a,1.55
RF02541,8fc4,1A,2.45
RF02541,8fr8,A,2.76
RF02541,8qsj,A,3.0
RF02541,4u1v,BA,3.0
RF02541,7y7c,a,2.51
RF02541,8cvl,2A,2.3
RF02541,4v9p,EA,2.9
RF02541,7oif,1,3.0
RF02541,7ttw,1,2.9
RF02541,8ev6,2A,2.946
RF02541,8fc5,1A,2.65
RF02541,8vtv,1A,2.55
RF02541,4qg3,B,2.0
RF02541,8fc6,1A,2.35
RF02541,4v67,DA,3.0
RF02541,7nhk,A,2.9
RF02541,8g2c,1A,2.65
RF02541,1qa6,D,2.8
RF02541,4v7w,BA,3.0
RF02541,6s0x,A,2.425
RF02541,6xhw,2A,2.5
RF02541,6xz7,A,2.1
RF02541,8b7y,I,3.0
RF02541,6o97,1A,2.75
RF02541,7m4z,A,2.92
RF02541,7p7t,A,2.9
RF02541,8uvs,1A,2.75
RF02541,8v9l,A,3.0
RF02541,4w2h,DA,2.7
RF02541,4wsd,14,2.95
RF02541,6pch,I,2.9
RF02541,8g2a,2A,2.45
RF02541,6cae,2A,2.6
RF02541,7nso,A,2.9
RF02541,8r8m,a,2.4
RF02541,1vy7,BA,2.8
RF02541,4v8i,DA,2.7
RF02541,6uo1,1A,2.95
RF02541,7y7g,a,2.34
RF02541,8e48,I,2.27
RF02541,8hu1,a,2.69
RF02541,8ud8,1A,2.6
RF02541,5j4c,2A,2.8
RF02541,5wfs,A,3.0
RF02541,6prv,C,2.71
RF02541,7n2v,23,2.54
RF02541,8e47,I,2.32
RF02541,4w2h,BA,2.7
RF02541,7lvk,I,2.2
RF02541,7o9m,A,2.6
RF02541,7unr,A,2.9
RF02541,7n31,23,2.69
RF02541,8rdw,Z2,2.74
RF02541,7nwt,1,2.66
RF02541,8fze,A,3.0
RF02541,8rdv,Z2,2.6
RF02541,6xzb,A2,2.54
RF02541,7rq8,2A,2.5
RF02541,8fc6,2A,2.35
RF02541,8cd1,A,3.0
RF02541,8e49,I,2.05
RF02541,1hc8,C,2.8
RF02541,5ngm,AA,2.9
RF02541,7of2,A,2.7
RF02541,8any,A,2.85
RF02541,5j4b,1A,2.6
RF02541,4v8g,DA,3.0
RF02541,6cfk,1A,2.7
RF02541,7qi5,A,2.63
RF02541,4v7x,DA,3.0
RF02541,6v3b,AN1,2.91
RF02541,4v9h,BA,2.857
RF02541,5w4k,2A,2.7
RF02541,6xhx,1A,2.55
RF02541,6of1,1A,2.8
RF02541,8bhn,,2.85
RF02541,8e3m,I,2.25
RF02541,4v9o,EA,2.9
RF02541,5hd1,2A,2.7
RF02541,6zu1,BA,3.0
RF02541,8t8b,2A,2.65
RF02541,6pc7,I,2.5
RF02541,4v7l,BA,3.0
RF02541,4wsd,1H,2.95
RF02541,4z3s,1A,2.65
RF02541,5ib7,1H,2.99
RF02541,7mt3,A,2.8
RF02541,7y7e,a,2.41
RF02541,7zq5,b,2.7
RF02541,8t8b,1A,2.65
RF02541,9c4g,a,2.53
RF02541,5f8k,1A,2.8
RF02541,8g7p,A,2.9
RF02541,8ud6,2A,2.7
RF02541,8vty,2A,2.6
RF02541,7of7,A,2.5
RF02541,7sfr,A,2.6
RF02541,6hrm,1,2.96
RF02541,6of1,2A,2.8
RF02541,7s1h,I,2.35
RF02541,7ug7,23,2.58
RF02541,8ud6,1A,2.7
RF02541,9b00,1A,2.8
RF02541,5ndk,1H,2.95
RF02541,7u2h,2A,2.55
RF02541,4w2g,DA,2.55
RF02541,4v7w,DA,3.0
RF02541,7pkt,5,3.0
RF02541,8qoa,a,2.0
RF02541,6xhw,1A,2.5
RF02541,6yss,A,2.6
RF02541,8fzh,A,2.9
RF02541,4v7y,BA,3.0
RF02541,6xza,A2,2.66
RF02541,7po4,A,2.56
RF02541,7unv,A,2.7
RF02541,8emm,a,2.1
RF02541,7p48,A,2.9
RF02541,7uvv,A,2.5
RF02541,6cfl,2A,2.6
RF02541,6wqn,1,2.9
RF02541,4y4p,2A,2.5
RF02541,6ore,1,2.9
RF02541,7z20,b,2.29
RF02541,8rq2,A,2.44
RF02541,8buu,A,2.9
RF02541,9b00,2A,2.8
RF02541,7otc,A,2.9
RF02541,7qq3,I,2.1
RF02541,8fc2,1A,2.5
RF02541,8ceu,a,1.83
RF02541,8cgj,a,1.79
RF02541,7unu,A,2.9
RF02541,8bge,,2.11
RF02541,8hsp,a,2.32
RF02541,4wqy,AA,2.8
RF02541,7p7q,A,2.4
RF02541,7s1g,I,2.48
RF02541,4z8c,2A,2.9
RF02541,7n2u,23,2.53
RF02541,8bh4,,2.62
RF02541,8uu5,A,3.0
RF02541,8y37,A,2.53
RF02541,5w4k,1A,2.7
RF02541,6cfl,1A,2.6
RF02541,7msm,A,2.79
RF02541,7of5,A,2.9
RF02541,5hd1,1A,2.7
RF02541,6i7v,DA,2.9
RF02541,6zm6,A,2.59
RF02541,8g2d,1A,2.7
RF02541,7rqc,2A,2.5
RF02541,8a22,A3,2.91
RF02541,8fmw,AA,2.86
RF02541,4u1u,BA,2.95
RF02541,5j4b,2A,2.6
RF02541,8g2a,1A,2.45
RF02541,6h4n,A,3.0
RF02541,7md7,2A,2.8
RF02541,8p2g,A,2.02
RF02541,6spf,A,2.89
RF02541,8a57,A,2.3
RF02541,8ekb,2A,2.7
RF02541,8kie,a,2.5
RF02541,4u20,BA,2.9
RF02541,5hau,1A,3.0
RF02541,5hau,2A,3.0
RF02541,8akn,a,2.3
RF02541,8ekc,A,2.7
RF02541,8oit,B8,2.9
RF02541,4z3s,2A,2.65
RF02541,7m4v,A,2.54
RF02541,8e41,I,2.13
RF02541,8vtu,2A,2.4
RF02541,4v9o,AA,2.9
RF02541,7pkt,7,3.0
RF02541,8bgh,,2.88
RF02541,4u1u,DA,2.95
RF02541,5wit,2A,2.6
RF02541,9fbv,a,2.4
RF02541,7pkt,8,3.0
RF02541,8e35,I,2.27
RF02541,4v9p,GA,2.9
RF02541,7s1i,I,2.48
RF02541,4v7x,BA,3.0
RF02541,8uu4,A,3.0
RF02541,7m4x,A,2.66
RF02541,7uvz,A,2.21
RF02541,4u25,BA,2.9
RF02541,8cam,a,1.86
RF02541,7b5k,A,2.9
RF02541,5ndk,14,2.95
RF02541,7m4w,A,2.55
RF02541,8qbt,A,2.2
RF02541,4v9p,AA,2.9
RF02541,7u2i,2A,2.55
RF02541,8bil,,2.04
RF02541,6pcr,I,2.5
RF02541,6xqe,2A,3.0
RF02541,7k00,a,1.98
RF02541,7qi6,A,2.98
RF02541,8fto,a,1.85
RF02541,8t8c,1A,2.6
RF02541,8y36,A,2.65
RF02541,6cfk,2A,2.7
RF02541,6xhy,2A,2.6
RF02541,8e36,I,2.38
RF02541,4u26,BA,2.8
RF02541,7s1j,I,2.47
RF02541,7ttu,1,3.0
RF02541,8cvj,2A,2.4
RF02541,1mms,C,2.57
RF02541,7u2j,2A,2.55
RF02541,8e46,I,2.32
RF02541,4z8c,1A,2.9
RF02541,5hcp,1A,2.894
RF02541,8ud8,2A,2.6
RF02541,5hcr,1A,2.8
RF02541,6wde,1,3.0
RF02541,8ev6,1A,2.946
RF02541,8vty,1A,2.6
RF02541,8vtx,1A,2.4
RF02541,6wu9,A,2.9
RF02541,7asn,A,2.73
RF02541,8qu1,A,2.74
RF02541,8w51,A,2.4
RF02541,5wdt,A,3.0
RF02541,7pjs,A,2.35
RF02541,7ryg,A,2.38
RF02541,5doy,1A,2.6
RF02541,7p7s,A,3.0
RF02541,8a22,A8,2.91
RF02541,6nd5,2A,2.6
RF02541,7rqc,1A,2.5
RF02541,8g6x,a,2.31
RF02541,8htz,a,2.4
RF02541,5wis,2A,2.703
RF02541,7msc,A,2.97
RF02541,7of0,A,2.2
RF02541,8uvr,1A,2.6
RF02541,1y39,C,2.8
RF02541,4u27,DA,2.8
RF02541,4v9o,GA,2.9
RF02541,8bf7,,2.33
RF02541,8cgd,a,1.98
RF02541,6gsj,1H,2.96
RF02541,7y7d,a,2.58
RF02541,8fc5,2A,2.65
RF02541,4w2f,BA,2.4
RF02541,6cfj,2A,2.8
RF02541,6nd5,1A,2.6
RF02541,6xhv,1A,2.4
RF02541,8e45,I,2.3
RF02541,3umy,B,1.9
RF02541,6ztp,BA,3.0
RF02541,8cvl,1A,2.3
RF02541,6ysi,1,2.5
RF02541,7bl4,A,2.4
RF02541,6w6p,A,2.9
RF02541,4woi,BA,3.0
RF02541,6u48,CA,2.87
RF02541,6ys3,b,2.58
RF02541,7u2h,1A,2.55
RF02541,5j7l,DA,3.0
RF02541,6tbv,23S1,2.7
RF02541,8bim,,2.04
RF02541,8fc1,2A,2.5
RF02541,1vy6,BA,2.9
RF02541,5iqr,1,3.0
RF02541,6pj6,I,2.2
RF02541,4wqf,CA,2.8
RF02541,4ybb,CA,2.1
RF02541,4v8d,BA,3.0
RF02541,7ryh,A,2.43
RF02541,8e42,I,2.29
RF02541,1vy5,BA,2.55
RF02541,8p17,1,2.78
RF02541,8t8c,2A,2.6
RF02541,4w2g,BA,2.55
RF02541,8wi8,A,2.7
RF02541,1mms,D,2.57
RF02541,4wqu,CA,2.8
RF02541,7kgb,A,2.7
RF02541,7uvx,A,2.35
RF02541,8e3l,I,2.35
RF02541,4wqu,AA,2.8
RF02541,8am9,a,2.8
RF02541,8bhj,,2.81
RF02541,8fc2,2A,2.5
RF02541,8rq0,A,2.44
RF02541,6xqd,1A,2.8
RF02541,8fzj,A,3.0
RF02541,8qu5,A,2.42
RF02541,8vtu,1A,2.4
RF02541,6pcq,I,2.6
RF02541,8vtv,2A,2.55
RF02543,6zme,L5,3.0
RF02543,8ifd,1A,2.59
RF02543,8b6z,B,2.9
RF02543,8civ,AA,2.47
RF02543,8pvk,C1,2.55
RF02543,6zu5,L50,2.9
RF02543,8agt,f,2.6
RF02543,8bpo,A1,2.8
RF02543,8hfr,1e,2.64
RF02543,8fkq,L3,2.76
RF02543,7tor,A28S,2.9
RF02543,8azw,A,2.14
RF02543,8fle,L3,2.48
RF02543,7qep,1,2.7
RF02543,7qgg,t,2.86
RF02543,8i9x,C1,2.8
RF02543,4u3u,5,2.9
RF02543,8oj5,5,2.9
RF02543,7qvp,L5,3.0
RF02543,7f5s,L5,2.72
RF02543,8cdl,AA,2.72
RF02543,4u52,1,3.0
RF02543,7qwq,5,2.83
RF02543,8evr,A1,2.87
RF02543,8rjd,K,2.78574
RF02543,8rjc,K,2.90061
RF02543,8agw,f,2.6
RF02543,8evp,A1,2.38
RF02543,7qwr,5,2.9
RF02543,8pv2,C1,2.63
RF02543,8scb,5,2.5
RF02543,8pfr,A,2.15
RF02543,8onz,1,2.94
RF02543,7pzy,1,2.32
RF02543,7xny,L1,2.5
RF02543,8a3w,1,2.89
RF02543,8g5z,L5,2.64
RF02543,4u4q,5,3.0
RF02543,7oyd,5,2.3
RF02543,8ev3,1,3.0
RF02543,8jdj,D,2.5
RF02543,8c3a,1,3.0
RF02543,8pv1,C1,2.56
RF02543,8idy,2,3.0
RF02543,8a3w,4,2.89
RF02543,8agx,f,2.4
RF02543,7q08,1,2.56
RF02543,8rxx,L4,2.97
RF02543,8i9p,C1,3.0
RF02543,8q5i,1,2.45
RF02543,8flc,L3,2.76
RF02543,7o80,B5,2.9
RF02543,8ife,1A,2.57
RF02543,8fl2,L3,2.67
RF02543,8g5y,L5,2.29
RF02543,6zm7,L5,2.7
RF02543,6y6x,L5,2.8
RF02543,8aaf,f,2.5
RF02543,5tbw,AR,3.0
RF02543,6az3,4,2.5
RF02543,8ova,BG,2.47
RF02543,6az3,2,2.5
RF02543,8pv3,C1,2.8
RF02543,6xa1,L5,2.8
RF02543,8ovj,2,2.4
RF02543,8qoi,L5,1.9
RF02543,8v83,1,2.53
RF02543,8ip8,RB,2.9
RF02543,8xsy,L5,3.0
RF02543,8bf9,5,2.69
RF02543,8yop,L5,2.2
RF02543,8cg8,AA,2.57
RF02543,8p8n,A,2.15
RF02543,7uqb,1,2.43
RF02543,7q0r,1,2.67
RF02543,7v08,1,2.36
RF02543,8fkw,L3,2.5
RF02543,8ccs,AA,1.97
RF02543,8evt,A1,2.2
RF02543,8fl7,L3,2.55
RF02543,8ovj,1,2.4
RF02543,8fl0,L3,2.91
RF02543,6sgc,54,2.8
RF02543,7zux,5,2.5
RF02543,5tbw,1,3.0
RF02543,8fks,L3,2.88
RF02543,8fld,L3,2.58
RF02543,8fl6,L3,2.62
RF02543,8i9z,C1,2.7
RF02543,8xsx,L5,2.4
RF02543,6t4q,C1,2.6
RF02543,8q87,B5,2.4
RF02543,8cdr,AA,2.04
RF02543,8cgn,AA,2.28
RF02543,4v88,A1,3.0
RF02543,7xnx,L1,2.7
RF02543,8ia0,C1,2.7
RF02543,7oyc,51,2.4
RF02543,8a98,1,2.46
RF02543,8fku,L3,2.82
RF02543,7mpj,A1,2.7
RF02543,7pwo,1,2.75
RF02543,8esq,1,2.8
RF02543,8evs,A1,2.62
RF02543,8pv8,C1,2.91
RF02543,9bdl,A28S,2.8
RF02543,7o7z,B5,2.4
RF02543,7uqz,1,2.44
RF02543,7too,A25S,2.7
RF02543,6az3,1,2.5
RF02543,7qvp,L6,3.0
RF02543,7osm,25S,3.0
RF02543,7ow7,A,2.4
RF02543,8fkv,L3,2.47
RF02543,3jcs,1,2.8
RF02543,8a3w,2,2.89
RF02543,8g60,L5,2.54
RF02543,8glp,L5,1.67
RF02543,7qca,L50,2.79
RF02543,7old,1,3.0
RF02543,8g61,L5,2.94
RF02543,8agu,f,2.7
RF02543,4u4u,1,3.0
RF02543,8euy,1,3.0
RF02543,6ylg,1,3.0
RF02543,7q0f,1,2.64
RF02543,8q7z,B5,2.5
RF02543,8eug,1,2.8
RF02543,4u52,5,3.0
RF02543,7ug6,1,2.9
RF02543,8ovj,4,2.4
RF02543,8rxh,L4,2.93
RF02543,4u3m,1,3.0
RF02543,7zw0,LA,2.4
RF02543,8ewb,A1,2.87
RF02543,7obr,5,2.8
RF02543,7qiw,2,2.35
RF02543,7olc,1,2.9
RF02543,7r81,A1,2.7
RF02543,8fru,1,2.49
RF02543,8p8m,A,2.66
RF02543,4u4r,5,2.801
RF02543,8a3d,A,1.67
RF02543,8fla,L3,2.63
RF02543,6z6l,L5,3.0
RF02543,5t5h,A,2.54
RF02543,7cpu,L5,2.82
RF02543,9bh5,A5,2.63
RF02543,5t2a,G,2.9
RF02543,7uoo,1,2.34
RF02543,8ony,5,2.92
RF02543,3jcs,2,2.8
RF02543,8b5l,5,2.86
RF02543,8ova,BA,2.47
RF02543,8qfd,5,2.2
RF02543,4u4q,1,3.0
RF02543,8flb,L3,2.55
RF02543,8agz,f,2.6
RF02543,8rxx,L1,2.97
RF02543,8ewc,A1,2.45
RF02543,6y2l,L5,3.0
RF02543,8a98,2,2.46
RF02543,8jdm,D,2.67
RF02543,8pvl,C1,2.19
RF02543,8flf,L3,2.65
RF02543,8a98,4,2.46
RF02543,8fkp,L3,2.85
RF02543,3jcs,4,2.8
RF02543,8fl4,L3,2.89
RF02543,8p8u,A,2.23
RF02543,5t2a,A,2.9
RF02543,8k82,C1,3.0
RF02543,6woo,5,2.9
RF02543,7o7y,B5,2.2
RF02543,8pv5,C1,2.86
RF02543,7oyb,51,2.4
RF02543,8ove,BG,2.6
RF02543,8jdk,D,2.26
RF02543,8pv4,C1,2.9
RF02543,8rxh,L2,2.93
RF02543,8c3a,AS,3.0
RF02543,7osa,25S,3.0
RF02543,7zjw,L5,2.8
RF02543,8eub,A1,2.52
RF02543,5t2a,B,2.9
RF02543,8k2c,L5,2.4
RF02543,4u3m,5,3.0
RF02543,7q0p,1,2.77
RF02543,8v84,1,2.7
RF02543,7top,A25S,2.4
RF02543,8idt,2,2.8
RF02543,8rxh,L1,2.93
RF02543,8evq,A1,2.72
RF02543,6r5q,5,3.0
RF02543,7azy,E,2.877
RF02543,8fkt,L3,2.81
RF02543,6zmi,L5,2.6
RF02543,8jdl,D,2.42
RF02543,8pv7,C1,2.12
RF02543,8fl9,L3,2.75
RF02543,8ova,BB,2.47
RF02543,8fkr,L3,2.89
RF02543,8inf,2,3.0
RF02543,7r6q,1,2.98
RF02543,7uck,5,2.8
RF02543,8bn3,1,2.4
RF02543,4v88,A5,3.0
RF02543,8rxx,L2,2.97
RF02543,8agv,f,2.6
RF02543,8g6j,L5,2.8
RF02543,8ove,BA,2.6
RF02543,6qzp,L5,2.9
RF02543,8fky,L3,2.67
RF02543,8ove,BB,2.6
RF02543,7pwg,1,2.75
RF02543,8p2k,B5,2.9
RF02543,4u4u,5,3.0
RF02543,6xu8,A5,3.0
RF02543,8pv6,C1,2.94
RF02543,6tb3,BQ,2.8
RF02543,8yoo,L5,2.0
RF02543,4u3u,1,2.9
RF02543,6z6n,L5,2.9
RF02543,5t5h,B,2.54
RF02543,7qiz,2,2.38
RF02543,8fl3,L3,2.53
RF02543,8v87,1,2.66
RF02543,8cf5,AA,2.71
RF02543,8rjb,K,2.69243
RF02543,4u4r,1,2.801
RF02543,8b6c,5,2.79
RF02543,8ceh,AA,2.05
RF02543,8fkx,L3,2.59
RF02543,6snt,1,2.8
RF02543,7u0h,1,2.76
RF02543,8jiv,Aa,2.84
RF02543,8b2l,A3,2.2
RF02678,6jq5,B,2.059
RF02678,6jq5,A,2.059
RF02678,6jq6,U,2.626
RF02679,6ufj,A,2.645
RF02679,6ufj,C,2.645
RF02679,6uey,C,2.8
RF02679,6uey,A,2.8
RF02680,4rzd,A,2.75
RF02680,6xko,A,2.75
RF02680,6xkn,A,2.73
RF02683,4rum,A,2.6426
RF03013,6tfh,A,2.95
RF03013,6tf2,A,2.55
RF03013,6tff,A,2.52
RF03013,7d7x,A,2.631
RF03013,7d82,A,2.489
RF03013,6tfg,A,2.45
RF03013,7d7w,A,2.391
RF03013,6tf1,A,2.4
RF03013,7d81,A,2.1
RF03013,6tfe,A,2.3
RF03013,6tb7,A,2.53
RF03013,7d7z,A,2.6
RF03013,6tf0,A,2.1
RF03013,6tf3,A,2.66
RF03013,7d7v,A,2.8
RF03013,7d7y,A,2.8
RF03054,7elq,B,2.6
RF03054,7elr,B,2.66
RF03054,7els,A,3.0
RF03054,7elr,A,2.66
RF03054,7elq,A,2.6
RF03054,7elp,A,2.79
RF03054,7elp,B,2.79
RF03054,7els,B,3.0
RF04222,7jju,A,2.604
RF04222,7jju,B,2.604
