file_name,n_residues,n_atoms,n_coords,shape
5ZEB_1_B.npy,117,7,3,"(117, 7, 3)"
8ABY_1_R.npy,10,7,3,"(10, 7, 3)"
6SWC_1_2.npy,1454,7,3,"(1454, 7, 3)"
8XT2_1_L2.npy,56,7,3,"(56, 7, 3)"
8RXX_1_L3.npy,182,7,3,"(182, 7, 3)"
4U20_1_AA.npy,1538,7,3,"(1538, 7, 3)"
4FTS_1_R.npy,15,7,3,"(15, 7, 3)"
7OZQ_1_H.npy,32,7,3,"(32, 7, 3)"
8XSZ_1_CE.npy,11,7,3,"(11, 7, 3)"
6UTV_1_333.npy,5,7,3,"(5, 7, 3)"
5T8Y_1_X.npy,5,7,3,"(5, 7, 3)"
5WWT_1_C.npy,72,7,3,"(72, 7, 3)"
7QI6_1_Ax.npy,71,7,3,"(71, 7, 3)"
8C97_1_A.npy,1292,7,3,"(1292, 7, 3)"
7P7T_1_C.npy,67,7,3,"(67, 7, 3)"
8S8W_1_C.npy,3,7,3,"(3, 7, 3)"
5F5H_1_D.npy,21,7,3,"(21, 7, 3)"
5OT7_1_4.npy,2901,7,3,"(2901, 7, 3)"
7ODT_1_A.npy,1451,7,3,"(1451, 7, 3)"
8P8V_1_8.npy,76,7,3,"(76, 7, 3)"
8TDW_1_J.npy,6,7,3,"(6, 7, 3)"
8VIV_1_B.npy,11,7,3,"(11, 7, 3)"
7Z3O_1_3.npy,119,7,3,"(119, 7, 3)"
4V6L_1_BB.npy,2880,7,3,"(2880, 7, 3)"
7Y7S_1_D.npy,7,7,3,"(7, 7, 3)"
7N2U_1_23.npy,2880,7,3,"(2880, 7, 3)"
8UBC_1_I.npy,86,7,3,"(86, 7, 3)"
4V9Q_1_BA.npy,1504,7,3,"(1504, 7, 3)"
7ODE_1_I.npy,1986,7,3,"(1986, 7, 3)"
6ZSC_1_AA.npy,924,7,3,"(924, 7, 3)"
4K0K_1_A.npy,1511,7,3,"(1511, 7, 3)"
4W2F_1_BA.npy,2871,7,3,"(2871, 7, 3)"
7UVY_1_v.npy,73,7,3,"(73, 7, 3)"
7REX_1_B.npy,33,7,3,"(33, 7, 3)"
4V9P_1_BA.npy,1533,7,3,"(1533, 7, 3)"
5T2A_1_G.npy,183,7,3,"(183, 7, 3)"
3EQ4_1_D.npy,28,7,3,"(28, 7, 3)"
6ZCE_1_A.npy,1719,7,3,"(1719, 7, 3)"
7Z4D_1_F.npy,77,7,3,"(77, 7, 3)"
7AZO_1_23SB.npy,2862,7,3,"(2862, 7, 3)"
8KI7_1_F.npy,13,7,3,"(13, 7, 3)"
7PY5_1_R.npy,11,7,3,"(11, 7, 3)"
5V7C_1_C.npy,8,7,3,"(8, 7, 3)"
2C4Z_1_S.npy,11,7,3,"(11, 7, 3)"
7ZTA_1_ATR1.npy,62,7,3,"(62, 7, 3)"
8CSZ_1_C.npy,184,7,3,"(184, 7, 3)"
8WAV_1_Z.npy,10,7,3,"(10, 7, 3)"
5ANC_1_N.npy,1162,7,3,"(1162, 7, 3)"
4V7D_1_AA.npy,2897,7,3,"(2897, 7, 3)"
8S8J_1_3.npy,26,7,3,"(26, 7, 3)"
8QPB_1_4.npy,80,7,3,"(80, 7, 3)"
6HIV_1_AA.npy,591,7,3,"(591, 7, 3)"
8RDW_1_iN.npy,1503,7,3,"(1503, 7, 3)"
8A98_1_2.npy,986,7,3,"(986, 7, 3)"
6YS5_1_3.npy,453,7,3,"(453, 7, 3)"
5ND8_1_B.npy,114,7,3,"(114, 7, 3)"
7L49_1_E.npy,135,7,3,"(135, 7, 3)"
8QXD_1_5.npy,104,7,3,"(104, 7, 3)"
7VA6_1_C.npy,2,7,3,"(2, 7, 3)"
7YP9_1_H.npy,11,7,3,"(11, 7, 3)"
4PDB_1_I.npy,38,7,3,"(38, 7, 3)"
8IPB_1_cl.npy,64,7,3,"(64, 7, 3)"
4V95_1_AA.npy,1466,7,3,"(1466, 7, 3)"
5MC6_1_2.npy,1767,7,3,"(1767, 7, 3)"
8RPZ_1_A.npy,2900,7,3,"(2900, 7, 3)"
7MPI_1_B5.npy,1757,7,3,"(1757, 7, 3)"
8CEH_1_c.npy,1584,7,3,"(1584, 7, 3)"
8ATV_1_C.npy,4,7,3,"(4, 7, 3)"
7Z43_1_MaM.npy,5,7,3,"(5, 7, 3)"
7M4W_1_A.npy,2715,7,3,"(2715, 7, 3)"
5UD5_1_C.npy,70,7,3,"(70, 7, 3)"
4C4W_1_D.npy,35,7,3,"(35, 7, 3)"
8V87_1_6.npy,87,7,3,"(87, 7, 3)"
1XMQ_1_A.npy,1507,7,3,"(1507, 7, 3)"
5DFE_1_XA.npy,1492,7,3,"(1492, 7, 3)"
8UKU_1_R.npy,10,7,3,"(10, 7, 3)"
8Y0U_1_C1.npy,3221,7,3,"(3221, 7, 3)"
4V7L_1_DA.npy,2800,7,3,"(2800, 7, 3)"
5GXI_1_B.npy,5,7,3,"(5, 7, 3)"
2C0B_1_R.npy,11,7,3,"(11, 7, 3)"
7AZS_1_ASIA.npy,69,7,3,"(69, 7, 3)"
8UIS_1_P.npy,14,7,3,"(14, 7, 3)"
9AXT_1_B2.npy,3212,7,3,"(3212, 7, 3)"
5MSG_1_M.npy,4,7,3,"(4, 7, 3)"
4FB0_1_A.npy,393,7,3,"(393, 7, 3)"
4RUM_1_A.npy,92,7,3,"(92, 7, 3)"
7ABZ_1_2.npy,1529,7,3,"(1529, 7, 3)"
4V6G_1_BA.npy,2885,7,3,"(2885, 7, 3)"
2IZ8_1_R.npy,16,7,3,"(16, 7, 3)"
5ZLU_1_DD.npy,72,7,3,"(72, 7, 3)"
8BN3_1_2.npy,1737,7,3,"(1737, 7, 3)"
5AFI_1_a.npy,1528,7,3,"(1528, 7, 3)"
4WZJ_1_VV.npy,68,7,3,"(68, 7, 3)"
5D0B_1_F.npy,16,7,3,"(16, 7, 3)"
4V6F_1_BA.npy,1516,7,3,"(1516, 7, 3)"
7D7W_1_A.npy,51,7,3,"(51, 7, 3)"
6BZ8_1_QA.npy,1500,7,3,"(1500, 7, 3)"
9G7C_1_A.npy,224,7,3,"(224, 7, 3)"
7A5I_1_A6.npy,928,7,3,"(928, 7, 3)"
7AM2_1_1.npy,797,7,3,"(797, 7, 3)"
7Y7G_1_A.npy,1509,7,3,"(1509, 7, 3)"
8WML_1_R.npy,38,7,3,"(38, 7, 3)"
8FZI_1_z.npy,8,7,3,"(8, 7, 3)"
8D2P_1_B.npy,101,7,3,"(101, 7, 3)"
6GSJ_1_13.npy,1500,7,3,"(1500, 7, 3)"
7PNV_1_A.npy,947,7,3,"(947, 7, 3)"
8XXL_1_S2.npy,1723,7,3,"(1723, 7, 3)"
7VBA_1_R.npy,8,7,3,"(8, 7, 3)"
8BH9_1_B.npy,12,7,3,"(12, 7, 3)"
3BWP_1_A.npy,356,7,3,"(356, 7, 3)"
6RJG_1_D.npy,78,7,3,"(78, 7, 3)"
6ZXH_1_2.npy,1577,7,3,"(1577, 7, 3)"
5U0A_1_K.npy,59,7,3,"(59, 7, 3)"
6XMF_1_C.npy,109,7,3,"(109, 7, 3)"
6SGB_1_CA.npy,608,7,3,"(608, 7, 3)"
6CU1_1_A.npy,79,7,3,"(79, 7, 3)"
7MQA_1_L1.npy,1570,7,3,"(1570, 7, 3)"
4UN3_1_A.npy,81,7,3,"(81, 7, 3)"
7KGA_1_B.npy,90,7,3,"(90, 7, 3)"
6HIY_1_CA.npy,478,7,3,"(478, 7, 3)"
7YEY_1_B.npy,8,7,3,"(8, 7, 3)"
7MPN_1_B.npy,2,7,3,"(2, 7, 3)"
6WJS_1_X.npy,109,7,3,"(109, 7, 3)"
7EIU_1_D.npy,6,7,3,"(6, 7, 3)"
8Y0W_1_S2.npy,1735,7,3,"(1735, 7, 3)"
7LVK_1_I.npy,2876,7,3,"(2876, 7, 3)"
5EMF_1_A.npy,8,7,3,"(8, 7, 3)"
8CSS_1_A.npy,844,7,3,"(844, 7, 3)"
2UUB_1_A.npy,1512,7,3,"(1512, 7, 3)"
6ZU5_1_S60.npy,1336,7,3,"(1336, 7, 3)"
5US2_1_B.npy,6,7,3,"(6, 7, 3)"
6P5I_1_1.npy,205,7,3,"(205, 7, 3)"
7OYB_1_71.npy,120,7,3,"(120, 7, 3)"
8DH0_1_G.npy,8,7,3,"(8, 7, 3)"
4V8C_1_BA.npy,2909,7,3,"(2909, 7, 3)"
2B2G_1_R.npy,16,7,3,"(16, 7, 3)"
8V9K_1_y.npy,68,7,3,"(68, 7, 3)"
8EOT_1_R.npy,13,7,3,"(13, 7, 3)"
8AM9_1_a.npy,2731,7,3,"(2731, 7, 3)"
4V69_1_AY.npy,76,7,3,"(76, 7, 3)"
5UZA_1_X.npy,69,7,3,"(69, 7, 3)"
8G7P_1_a.npy,1518,7,3,"(1518, 7, 3)"
6GC0_1_A.npy,2729,7,3,"(2729, 7, 3)"
5E7K_1_14.npy,2861,7,3,"(2861, 7, 3)"
8I0V_1_B.npy,98,7,3,"(98, 7, 3)"
8C00_1_2.npy,1425,7,3,"(1425, 7, 3)"
7LH5_1_BA.npy,2824,7,3,"(2824, 7, 3)"
6OJ2_1_QY.npy,75,7,3,"(75, 7, 3)"
8Z85_1_D.npy,13,7,3,"(13, 7, 3)"
9AXT_1_B3.npy,119,7,3,"(119, 7, 3)"
5EEU_1_W.npy,44,7,3,"(44, 7, 3)"
8EG7_1_R.npy,10,7,3,"(10, 7, 3)"
6XHX_1_1A.npy,2861,7,3,"(2861, 7, 3)"
3JAN_1_4.npy,206,7,3,"(206, 7, 3)"
7ABG_1_5.npy,114,7,3,"(114, 7, 3)"
8FCJ_1_M.npy,63,7,3,"(63, 7, 3)"
7EQG_1_M.npy,58,7,3,"(58, 7, 3)"
8AUV_1_B.npy,12,7,3,"(12, 7, 3)"
5IT7_1_2.npy,1780,7,3,"(1780, 7, 3)"
8C6J_1_5.npy,113,7,3,"(113, 7, 3)"
7VYX_1_D.npy,91,7,3,"(91, 7, 3)"
8CQW_1_CM.npy,1765,7,3,"(1765, 7, 3)"
4WQR_1_1K.npy,73,7,3,"(73, 7, 3)"
7SYP_1_z.npy,249,7,3,"(249, 7, 3)"
8UTA_1_R.npy,128,7,3,"(128, 7, 3)"
7OI3_1_B.npy,6,7,3,"(6, 7, 3)"
6BJV_1_C.npy,21,7,3,"(21, 7, 3)"
8T2A_1_R.npy,90,7,3,"(90, 7, 3)"
7AFK_1_1.npy,453,7,3,"(453, 7, 3)"
8PSN_1_V.npy,13,7,3,"(13, 7, 3)"
6N9V_1_P.npy,5,7,3,"(5, 7, 3)"
5O60_1_B.npy,118,7,3,"(118, 7, 3)"
4V4H_1_DB.npy,2841,7,3,"(2841, 7, 3)"
4V6W_1_A7.npy,120,7,3,"(120, 7, 3)"
7S1J_1_I.npy,2874,7,3,"(2874, 7, 3)"
8DVU_1_B.npy,36,7,3,"(36, 7, 3)"
8YEO_1_C.npy,60,7,3,"(60, 7, 3)"
7NAS_1_A.npy,969,7,3,"(969, 7, 3)"
8QXD_1_4.npy,124,7,3,"(124, 7, 3)"
8I0W_1_G.npy,18,7,3,"(18, 7, 3)"
8P2F_1_a.npy,1519,7,3,"(1519, 7, 3)"
5XH7_1_B.npy,40,7,3,"(40, 7, 3)"
8EUY_1_6.npy,56,7,3,"(56, 7, 3)"
2DEU_1_D.npy,74,7,3,"(74, 7, 3)"
8HL3_1_A5S.npy,122,7,3,"(122, 7, 3)"
3JBN_1_AB.npy,118,7,3,"(118, 7, 3)"
8P7B_1_T.npy,68,7,3,"(68, 7, 3)"
8PSZ_1_D.npy,14,7,3,"(14, 7, 3)"
8CDR_1_Bb.npy,75,7,3,"(75, 7, 3)"
8A98_1_3.npy,160,7,3,"(160, 7, 3)"
4DV6_1_A.npy,1498,7,3,"(1498, 7, 3)"
5FJ4_1_H.npy,35,7,3,"(35, 7, 3)"
8PSZ_1_S.npy,13,7,3,"(13, 7, 3)"
2C4Z_1_R.npy,15,7,3,"(15, 7, 3)"
8UU9_1_B.npy,114,7,3,"(114, 7, 3)"
7K98_1_C.npy,77,7,3,"(77, 7, 3)"
6TFE_1_A.npy,52,7,3,"(52, 7, 3)"
6RT6_1_E.npy,1,7,3,"(1, 7, 3)"
8Y39_1_a.npy,1479,7,3,"(1479, 7, 3)"
5IMQ_1_D.npy,2889,7,3,"(2889, 7, 3)"
9FMD_1_5.npy,92,7,3,"(92, 7, 3)"
5T2A_1_F.npy,71,7,3,"(71, 7, 3)"
6FF7_1_6.npy,95,7,3,"(95, 7, 3)"
7VTN_1_B.npy,56,7,3,"(56, 7, 3)"
8UIW_1_N.npy,121,7,3,"(121, 7, 3)"
7V2M_1_A.npy,1486,7,3,"(1486, 7, 3)"
8D9L_1_C.npy,65,7,3,"(65, 7, 3)"
7REX_1_C.npy,30,7,3,"(30, 7, 3)"
5E54_1_B.npy,68,7,3,"(68, 7, 3)"
8PFG_1_R.npy,12,7,3,"(12, 7, 3)"
6WQN_1_1.npy,2687,7,3,"(2687, 7, 3)"
5Y88_1_D.npy,101,7,3,"(101, 7, 3)"
2ZM6_1_A.npy,1506,7,3,"(1506, 7, 3)"
5XC6_1_D.npy,6,7,3,"(6, 7, 3)"
7Z3O_1_2.npy,1765,7,3,"(1765, 7, 3)"
6W6P_1_B.npy,116,7,3,"(116, 7, 3)"
6ZU5_1_L70.npy,119,7,3,"(119, 7, 3)"
5LZB_1_y.npy,91,7,3,"(91, 7, 3)"
3G4S_1_0.npy,2749,7,3,"(2749, 7, 3)"
7XG4_1_I.npy,60,7,3,"(60, 7, 3)"
8TDW_1_K.npy,6,7,3,"(6, 7, 3)"
5O69_1_A.npy,39,7,3,"(39, 7, 3)"
3X1L_1_I.npy,32,7,3,"(32, 7, 3)"
7P7T_1_B.npy,114,7,3,"(114, 7, 3)"
7PLI_1_L.npy,22,7,3,"(22, 7, 3)"
5H5U_1_h.npy,1534,7,3,"(1534, 7, 3)"
6W6L_1_v.npy,76,7,3,"(76, 7, 3)"
7CPJ_1_a.npy,1527,7,3,"(1527, 7, 3)"
8XT3_1_L1.npy,1500,7,3,"(1500, 7, 3)"
6WUB_1_a.npy,1121,7,3,"(1121, 7, 3)"
7QGN_1_0.npy,1532,7,3,"(1532, 7, 3)"
8CD1_1_B.npy,120,7,3,"(120, 7, 3)"
5O6U_1_A.npy,43,7,3,"(43, 7, 3)"
1VQ6_1_0.npy,2749,7,3,"(2749, 7, 3)"
8WT6_1_E.npy,59,7,3,"(59, 7, 3)"
5ZEB_1_v.npy,77,7,3,"(77, 7, 3)"
5CD4_1_L.npy,60,7,3,"(60, 7, 3)"
7N1P_1_Dt.npy,68,7,3,"(68, 7, 3)"
5UZ4_1_A.npy,1527,7,3,"(1527, 7, 3)"
7Q4P_1_2.npy,31,7,3,"(31, 7, 3)"
6O75_1_C.npy,1,7,3,"(1, 7, 3)"
5AH5_1_D.npy,81,7,3,"(81, 7, 3)"
6M7K_1_B.npy,3,7,3,"(3, 7, 3)"
8K2C_1_S2.npy,1740,7,3,"(1740, 7, 3)"
7SYH_1_2.npy,1697,7,3,"(1697, 7, 3)"
1U0B_1_A.npy,74,7,3,"(74, 7, 3)"
8Y80_1_C.npy,21,7,3,"(21, 7, 3)"
6QNQ_1_14.npy,2868,7,3,"(2868, 7, 3)"
4AL6_1_B.npy,16,7,3,"(16, 7, 3)"
2DET_1_C.npy,70,7,3,"(70, 7, 3)"
4V87_1_BB.npy,87,7,3,"(87, 7, 3)"
8D8L_1_a.npy,1506,7,3,"(1506, 7, 3)"
6STY_1_F.npy,2,7,3,"(2, 7, 3)"
3P49_1_A.npy,169,7,3,"(169, 7, 3)"
7AZO_1_23SA.npy,2878,7,3,"(2878, 7, 3)"
3G78_1_A.npy,389,7,3,"(389, 7, 3)"
8ZNR_1_L.npy,56,7,3,"(56, 7, 3)"
2BH2_1_C.npy,29,7,3,"(29, 7, 3)"
4QG3_1_B.npy,80,7,3,"(80, 7, 3)"
8OVJ_1_S4.npy,20,7,3,"(20, 7, 3)"
4WQY_1_DA.npy,1501,7,3,"(1501, 7, 3)"
8A22_1_A8.npy,350,7,3,"(350, 7, 3)"
4ZDP_1_E.npy,74,7,3,"(74, 7, 3)"
5JVH_1_Y.npy,120,7,3,"(120, 7, 3)"
5T2A_1_D.npy,119,7,3,"(119, 7, 3)"
8XSX_1_S2.npy,1740,7,3,"(1740, 7, 3)"
7C79_1_A.npy,331,7,3,"(331, 7, 3)"
6HA1_1_A.npy,2887,7,3,"(2887, 7, 3)"
4ZT0_1_D.npy,72,7,3,"(72, 7, 3)"
7KKV_1_B.npy,59,7,3,"(59, 7, 3)"
5XY3_1_3.npy,117,7,3,"(117, 7, 3)"
7K9Y_1_H.npy,4,7,3,"(4, 7, 3)"
7PH9_1_3.npy,2878,7,3,"(2878, 7, 3)"
8KI7_1_E.npy,10,7,3,"(10, 7, 3)"
8A22_1_B4.npy,332,7,3,"(332, 7, 3)"
8P2K_1_AI.npy,3,7,3,"(3, 7, 3)"
7UG7_1_23.npy,2879,7,3,"(2879, 7, 3)"
9G8O_1_S2.npy,1739,7,3,"(1739, 7, 3)"
4WC6_1_B.npy,75,7,3,"(75, 7, 3)"
8QBT_1_5.npy,77,7,3,"(77, 7, 3)"
5ON2_1_B.npy,85,7,3,"(85, 7, 3)"
6EVJ_1_M.npy,3,7,3,"(3, 7, 3)"
4IO9_1_X.npy,2686,7,3,"(2686, 7, 3)"
7ZJX_1_S.npy,46,7,3,"(46, 7, 3)"
1EIY_1_C.npy,76,7,3,"(76, 7, 3)"
5MMJ_1_a.npy,1484,7,3,"(1484, 7, 3)"
6YYM_1_B.npy,12,7,3,"(12, 7, 3)"
7CHD_1_I.npy,70,7,3,"(70, 7, 3)"
5ND8_1_a.npy,1542,7,3,"(1542, 7, 3)"
8K0Q_1_C.npy,542,7,3,"(542, 7, 3)"
4V8X_1_AA.npy,1504,7,3,"(1504, 7, 3)"
8ACP_1_R.npy,81,7,3,"(81, 7, 3)"
6SJD_1_D.npy,17,7,3,"(17, 7, 3)"
6DDG_1_1.npy,2646,7,3,"(2646, 7, 3)"
8CGR_1_A.npy,1052,7,3,"(1052, 7, 3)"
9ENF_1_C.npy,91,7,3,"(91, 7, 3)"
6W5C_1_B.npy,50,7,3,"(50, 7, 3)"
5FMZ_1_H.npy,12,7,3,"(12, 7, 3)"
5F0Q_1_C.npy,5,7,3,"(5, 7, 3)"
8D71_1_B.npy,11,7,3,"(11, 7, 3)"
6GTG_1_B.npy,41,7,3,"(41, 7, 3)"
7OF7_1_A.npy,1373,7,3,"(1373, 7, 3)"
8R8M_1_Z.npy,71,7,3,"(71, 7, 3)"
6KOP_1_I.npy,9,7,3,"(9, 7, 3)"
4CSU_1_A.npy,115,7,3,"(115, 7, 3)"
5FQ5_1_A.npy,83,7,3,"(83, 7, 3)"
6Q98_1_2.npy,1523,7,3,"(1523, 7, 3)"
8GAN_1_K.npy,43,7,3,"(43, 7, 3)"
6P7N_1_B.npy,26,7,3,"(26, 7, 3)"
8X5D_1_O.npy,47,7,3,"(47, 7, 3)"
6AEB_1_E.npy,95,7,3,"(95, 7, 3)"
4LCK_1_B.npy,75,7,3,"(75, 7, 3)"
8ITS_1_A.npy,46,7,3,"(46, 7, 3)"
6GZ4_1_Bw.npy,76,7,3,"(76, 7, 3)"
6ERI_1_Ax.npy,118,7,3,"(118, 7, 3)"
8RCL_1_W.npy,67,7,3,"(67, 7, 3)"
2D3O_1_0.npy,2802,7,3,"(2802, 7, 3)"
6GSM_1_2.npy,1798,7,3,"(1798, 7, 3)"
7AZS_1_ASIB.npy,72,7,3,"(72, 7, 3)"
6WOO_1_2.npy,1780,7,3,"(1780, 7, 3)"
4V7L_1_DB.npy,118,7,3,"(118, 7, 3)"
7PMQ_1_E.npy,42,7,3,"(42, 7, 3)"
7OIC_1_A.npy,1383,7,3,"(1383, 7, 3)"
9F9S_1_CM.npy,41,7,3,"(41, 7, 3)"
7S4V_1_B.npy,98,7,3,"(98, 7, 3)"
8H6L_1_4A.npy,128,7,3,"(128, 7, 3)"
6ZMO_1_S2.npy,1740,7,3,"(1740, 7, 3)"
5EL7_1_1H.npy,2833,7,3,"(2833, 7, 3)"
6OGI_1_1.npy,2903,7,3,"(2903, 7, 3)"
4V5V_1_AK.npy,70,7,3,"(70, 7, 3)"
8D2L_1_B.npy,96,7,3,"(96, 7, 3)"
6EXV_1_P.npy,14,7,3,"(14, 7, 3)"
1IL2_1_C.npy,67,7,3,"(67, 7, 3)"
6NY3_1_B.npy,110,7,3,"(110, 7, 3)"
7QTL_1_V.npy,13,7,3,"(13, 7, 3)"
7MSH_1_B.npy,115,7,3,"(115, 7, 3)"
5MLC_1_B.npy,120,7,3,"(120, 7, 3)"
7ZPI_1_B.npy,55,7,3,"(55, 7, 3)"
7A5I_1_99.npy,73,7,3,"(73, 7, 3)"
7MJV_1_E.npy,14,7,3,"(14, 7, 3)"
7NWT_1_5.npy,70,7,3,"(70, 7, 3)"
8DZJ_1_E.npy,153,7,3,"(153, 7, 3)"
5J8A_1_DA.npy,2873,7,3,"(2873, 7, 3)"
4V4Z_1_BB.npy,123,7,3,"(123, 7, 3)"
8HL2_1_A16S.npy,1492,7,3,"(1492, 7, 3)"
5L3P_1_y.npy,66,7,3,"(66, 7, 3)"
5WIT_1_1w.npy,66,7,3,"(66, 7, 3)"
8U5T_1_A.npy,36,7,3,"(36, 7, 3)"
7C07_1_O.npy,5,7,3,"(5, 7, 3)"
7MQA_1_L2.npy,177,7,3,"(177, 7, 3)"
4CQN_1_E.npy,79,7,3,"(79, 7, 3)"
7BOH_1_A.npy,1517,7,3,"(1517, 7, 3)"
6VUH_1_A.npy,33,7,3,"(33, 7, 3)"
8YUS_1_X.npy,66,7,3,"(66, 7, 3)"
430D_1_A.npy,28,7,3,"(28, 7, 3)"
6ZQC_1_D3.npy,1327,7,3,"(1327, 7, 3)"
8JFT_1_B.npy,86,7,3,"(86, 7, 3)"
7M57_1_x.npy,2,7,3,"(2, 7, 3)"
8QRM_1_A.npy,950,7,3,"(950, 7, 3)"
4Y4O_1_2B.npy,120,7,3,"(120, 7, 3)"
6GSJ_1_1G.npy,1490,7,3,"(1490, 7, 3)"
8EUP_1_6.npy,55,7,3,"(55, 7, 3)"
6WD6_1_2.npy,120,7,3,"(120, 7, 3)"
5FJ0_1_C.npy,19,7,3,"(19, 7, 3)"
6D90_1_4.npy,194,7,3,"(194, 7, 3)"
6T7T_1_7.npy,76,7,3,"(76, 7, 3)"
4X4S_1_D.npy,30,7,3,"(30, 7, 3)"
5SZE_1_C.npy,3,7,3,"(3, 7, 3)"
8KDA_1_N.npy,73,7,3,"(73, 7, 3)"
4V5C_1_BA.npy,2807,7,3,"(2807, 7, 3)"
4U4O_1_2.npy,1750,7,3,"(1750, 7, 3)"
9D0J_1_1x.npy,71,7,3,"(71, 7, 3)"
8V1H_1_A.npy,71,7,3,"(71, 7, 3)"
5L3P_1_x.npy,73,7,3,"(73, 7, 3)"
1HNW_1_X.npy,6,7,3,"(6, 7, 3)"
5WIT_1_1A.npy,2860,7,3,"(2860, 7, 3)"
7MQC_1_J.npy,2,7,3,"(2, 7, 3)"
8U3B_1_3.npy,2,7,3,"(2, 7, 3)"
4V5B_1_BA.npy,1530,7,3,"(1530, 7, 3)"
8UT0_1_B.npy,121,7,3,"(121, 7, 3)"
6M6C_1_R.npy,10,7,3,"(10, 7, 3)"
7LVK_1_J.npy,118,7,3,"(118, 7, 3)"
6GSK_1_2K.npy,75,7,3,"(75, 7, 3)"
6SCF_1_L.npy,4,7,3,"(4, 7, 3)"
6NEQ_1_A.npy,952,7,3,"(952, 7, 3)"
5DH8_1_A.npy,48,7,3,"(48, 7, 3)"
7K53_1_6.npy,77,7,3,"(77, 7, 3)"
5KI6_1_B.npy,9,7,3,"(9, 7, 3)"
6C4I_1_B.npy,120,7,3,"(120, 7, 3)"
8KBF_1_C.npy,3,7,3,"(3, 7, 3)"
6ORD_1_XY.npy,76,7,3,"(76, 7, 3)"
3MIJ_1_A.npy,12,7,3,"(12, 7, 3)"
7NUN_1_C.npy,8,7,3,"(8, 7, 3)"
6P5I_1_2.npy,1697,7,3,"(1697, 7, 3)"
7Q08_1_3.npy,121,7,3,"(121, 7, 3)"
8FZI_1_x.npy,67,7,3,"(67, 7, 3)"
4WFN_1_Y.npy,122,7,3,"(122, 7, 3)"
8K82_1_C2.npy,1771,7,3,"(1771, 7, 3)"
3B4B_1_B.npy,123,7,3,"(123, 7, 3)"
6GC0_1_B.npy,119,7,3,"(119, 7, 3)"
6WHI_1_M.npy,60,7,3,"(60, 7, 3)"
8G7P_1_B.npy,120,7,3,"(120, 7, 3)"
8OPL_1_Bh.npy,5,7,3,"(5, 7, 3)"
4V6F_1_BC.npy,75,7,3,"(75, 7, 3)"
8RUK_1_A.npy,388,7,3,"(388, 7, 3)"
9EY1_1_T.npy,68,7,3,"(68, 7, 3)"
6XJQ_1_A.npy,58,7,3,"(58, 7, 3)"
1FFY_1_T.npy,75,7,3,"(75, 7, 3)"
8CGN_1_c.npy,1600,7,3,"(1600, 7, 3)"
4V5S_1_AW.npy,76,7,3,"(76, 7, 3)"
8DP3_1_R.npy,90,7,3,"(90, 7, 3)"
6WZS_1_A.npy,62,7,3,"(62, 7, 3)"
8Y0U_1_C3.npy,158,7,3,"(158, 7, 3)"
4W92_1_C.npy,96,7,3,"(96, 7, 3)"
7MT3_1_a.npy,1512,7,3,"(1512, 7, 3)"
6OJ2_1_RA.npy,2882,7,3,"(2882, 7, 3)"
4W2I_1_CY.npy,66,7,3,"(66, 7, 3)"
6GZ5_1_Bv.npy,76,7,3,"(76, 7, 3)"
7SYL_1_z.npy,162,7,3,"(162, 7, 3)"
2WJ8_1_o.npy,7,7,3,"(7, 7, 3)"
1Q82_1_A.npy,2754,7,3,"(2754, 7, 3)"
4LCK_1_C.npy,102,7,3,"(102, 7, 3)"
5NG6_1_D.npy,25,7,3,"(25, 7, 3)"
6YL5_1_C.npy,25,7,3,"(25, 7, 3)"
6RLP_1_q.npy,3,7,3,"(3, 7, 3)"
6KQD_1_I.npy,3,7,3,"(3, 7, 3)"
8INK_1_3.npy,115,7,3,"(115, 7, 3)"
8UQM_1_B.npy,76,7,3,"(76, 7, 3)"
5EPI_1_P.npy,12,7,3,"(12, 7, 3)"
6B4V_1_B.npy,2869,7,3,"(2869, 7, 3)"
7AC7_1_7.npy,66,7,3,"(66, 7, 3)"
5O60_1_A.npy,3119,7,3,"(3119, 7, 3)"
8FZE_1_a.npy,1517,7,3,"(1517, 7, 3)"
7Z26_1_E.npy,3,7,3,"(3, 7, 3)"
4RMO_1_P.npy,44,7,3,"(44, 7, 3)"
5TZS_1_1.npy,515,7,3,"(515, 7, 3)"
8OI5_1_AU.npy,156,7,3,"(156, 7, 3)"
7S1G_1_A.npy,76,7,3,"(76, 7, 3)"
9DN4_1_E.npy,20,7,3,"(20, 7, 3)"
4YZV_1_QA.npy,1511,7,3,"(1511, 7, 3)"
6N7R_1_R.npy,558,7,3,"(558, 7, 3)"
6R7Q_1_K.npy,1698,7,3,"(1698, 7, 3)"
6PRV_1_D.npy,57,7,3,"(57, 7, 3)"
6YFT_1_SV.npy,20,7,3,"(20, 7, 3)"
6HAU_1_D.npy,6,7,3,"(6, 7, 3)"
7N06_1_H.npy,3,7,3,"(3, 7, 3)"
8DK7_1_C.npy,34,7,3,"(34, 7, 3)"
5DQK_1_A.npy,48,7,3,"(48, 7, 3)"
4JXZ_1_B.npy,71,7,3,"(71, 7, 3)"
7D4I_1_SA.npy,1337,7,3,"(1337, 7, 3)"
6NUO_1_YA.npy,2883,7,3,"(2883, 7, 3)"
6OST_1_1.npy,2881,7,3,"(2881, 7, 3)"
7CGM_1_B.npy,8,7,3,"(8, 7, 3)"
5HCQ_1_1A.npy,2746,7,3,"(2746, 7, 3)"
8SCZ_1_B.npy,59,7,3,"(59, 7, 3)"
8BTR_1_v.npy,75,7,3,"(75, 7, 3)"
8OZG_1_K.npy,18,7,3,"(18, 7, 3)"
7EOJ_1_A.npy,48,7,3,"(48, 7, 3)"
4PMI_1_A.npy,40,7,3,"(40, 7, 3)"
8S8J_1_1.npy,64,7,3,"(64, 7, 3)"
6ZSC_1_XA.npy,1500,7,3,"(1500, 7, 3)"
6OON_1_B.npy,12,7,3,"(12, 7, 3)"
7OIF_1_z.npy,86,7,3,"(86, 7, 3)"
8EY7_1_B.npy,6,7,3,"(6, 7, 3)"
8PSZ_1_P.npy,13,7,3,"(13, 7, 3)"
7WVJ_1_E.npy,46,7,3,"(46, 7, 3)"
4WSD_1_1K.npy,70,7,3,"(70, 7, 3)"
3RG5_1_A.npy,86,7,3,"(86, 7, 3)"
7Y2B_1_S.npy,13,7,3,"(13, 7, 3)"
7DUL_1_A.npy,1498,7,3,"(1498, 7, 3)"
6IR9_1_P.npy,16,7,3,"(16, 7, 3)"
8HRB_1_Y.npy,17,7,3,"(17, 7, 3)"
7M2T_1_ff.npy,10,7,3,"(10, 7, 3)"
8Y39_1_B.npy,115,7,3,"(115, 7, 3)"
7P7U_1_D.npy,77,7,3,"(77, 7, 3)"
1JGO_1_C.npy,62,7,3,"(62, 7, 3)"
3NPQ_1_C.npy,50,7,3,"(50, 7, 3)"
5ZC9_1_B.npy,10,7,3,"(10, 7, 3)"
6O3M_1_QV.npy,77,7,3,"(77, 7, 3)"
7UG7_1_Dt.npy,72,7,3,"(72, 7, 3)"
4V9C_1_DA.npy,2897,7,3,"(2897, 7, 3)"
8G6Y_1_a.npy,2729,7,3,"(2729, 7, 3)"
6H58_1_ww.npy,77,7,3,"(77, 7, 3)"
5T2A_1_E.npy,169,7,3,"(169, 7, 3)"
8PJ4_1_7.npy,57,7,3,"(57, 7, 3)"
8XZQ_1_A.npy,52,7,3,"(52, 7, 3)"
6UO1_1_1x.npy,72,7,3,"(72, 7, 3)"
8WI9_1_a.npy,1515,7,3,"(1515, 7, 3)"
1OND_1_0.npy,2765,7,3,"(2765, 7, 3)"
6O3M_1_QA.npy,1500,7,3,"(1500, 7, 3)"
8QLP_1_C.npy,21,7,3,"(21, 7, 3)"
4V9B_1_DA.npy,2906,7,3,"(2906, 7, 3)"
8G2D_1_2v.npy,13,7,3,"(13, 7, 3)"
8JH4_1_P.npy,10,7,3,"(10, 7, 3)"
7AQD_1_B.npy,112,7,3,"(112, 7, 3)"
6WQN_1_2.npy,111,7,3,"(111, 7, 3)"
6LT7_1_F.npy,49,7,3,"(49, 7, 3)"
4V8H_1_BA.npy,2837,7,3,"(2837, 7, 3)"
4V99_1_F7.npy,17,7,3,"(17, 7, 3)"
6DPN_1_b.npy,2,7,3,"(2, 7, 3)"
1VVJ_1_XA.npy,1501,7,3,"(1501, 7, 3)"
6UQ0_1_R.npy,9,7,3,"(9, 7, 3)"
6W6P_1_a.npy,1523,7,3,"(1523, 7, 3)"
6TQB_1_B.npy,19,7,3,"(19, 7, 3)"
6VBW_1_K.npy,61,7,3,"(61, 7, 3)"
6GQB_1_2.npy,1776,7,3,"(1776, 7, 3)"
6OLI_1_E.npy,119,7,3,"(119, 7, 3)"
6X2N_1_R.npy,9,7,3,"(9, 7, 3)"
5VYC_1_i1.npy,1742,7,3,"(1742, 7, 3)"
7P7T_1_a.npy,1521,7,3,"(1521, 7, 3)"
6GOV_1_R.npy,48,7,3,"(48, 7, 3)"
5O69_1_B.npy,35,7,3,"(35, 7, 3)"
8BGE_1_0.npy,2758,7,3,"(2758, 7, 3)"
5NDI_1_D.npy,19,7,3,"(19, 7, 3)"
6R9Q_1_B.npy,4,7,3,"(4, 7, 3)"
7UIM_1_B.npy,541,7,3,"(541, 7, 3)"
8T6X_1_B.npy,96,7,3,"(96, 7, 3)"
6AZ3_1_2.npy,1040,7,3,"(1040, 7, 3)"
7N1P_1_23.npy,2882,7,3,"(2882, 7, 3)"
8AXA_1_B.npy,235,7,3,"(235, 7, 3)"
7V4G_1_D.npy,3,7,3,"(3, 7, 3)"
3CW6_1_A.npy,72,7,3,"(72, 7, 3)"
9CBU_1_N.npy,387,7,3,"(387, 7, 3)"
7Z4E_1_A.npy,88,7,3,"(88, 7, 3)"
6NDK_1_RA.npy,2859,7,3,"(2859, 7, 3)"
5LZS_1_3.npy,75,7,3,"(75, 7, 3)"
7ADD_1_R.npy,28,7,3,"(28, 7, 3)"
8GZR_1_C.npy,33,7,3,"(33, 7, 3)"
7UXA_1_E.npy,78,7,3,"(78, 7, 3)"
6AHU_1_T.npy,72,7,3,"(72, 7, 3)"
6QX9_1_4.npy,125,7,3,"(125, 7, 3)"
8G4S_1_i.npy,75,7,3,"(75, 7, 3)"
8RCT_1_Y.npy,72,7,3,"(72, 7, 3)"
5I9D_1_B.npy,11,7,3,"(11, 7, 3)"
6SWC_1_4.npy,71,7,3,"(71, 7, 3)"
8RXX_1_L5.npy,122,7,3,"(122, 7, 3)"
1B23_1_R.npy,66,7,3,"(66, 7, 3)"
8CX2_1_L.npy,9,7,3,"(9, 7, 3)"
7ACR_1_2.npy,1523,7,3,"(1523, 7, 3)"
4KRE_1_R.npy,11,7,3,"(11, 7, 3)"
4V8H_1_CA.npy,1497,7,3,"(1497, 7, 3)"
7QCA_1_S60.npy,1354,7,3,"(1354, 7, 3)"
7QV2_1_a.npy,1545,7,3,"(1545, 7, 3)"
4V8I_1_CA.npy,1491,7,3,"(1491, 7, 3)"
5ND9_1_a.npy,1541,7,3,"(1541, 7, 3)"
7S38_1_R.npy,87,7,3,"(87, 7, 3)"
8HUD_1_B.npy,72,7,3,"(72, 7, 3)"
6OPE_1_QY.npy,75,7,3,"(75, 7, 3)"
6WDR_1_2.npy,1647,7,3,"(1647, 7, 3)"
6WRU_1_2.npy,112,7,3,"(112, 7, 3)"
8WT7_1_E.npy,59,7,3,"(59, 7, 3)"
6YDP_1_AV.npy,71,7,3,"(71, 7, 3)"
4V83_1_AA.npy,1506,7,3,"(1506, 7, 3)"
4QYZ_1_L.npy,55,7,3,"(55, 7, 3)"
8OVJ_1_S1.npy,1708,7,3,"(1708, 7, 3)"
9FMD_1_2.npy,120,7,3,"(120, 7, 3)"
4V83_1_AV.npy,35,7,3,"(35, 7, 3)"
8T29_1_R.npy,90,7,3,"(90, 7, 3)"
7N1P_1_Pt.npy,67,7,3,"(67, 7, 3)"
7L08_1_AA.npy,944,7,3,"(944, 7, 3)"
8W35_1_C.npy,34,7,3,"(34, 7, 3)"
8ANY_1_Ax.npy,70,7,3,"(70, 7, 3)"
1VY4_1_DA.npy,2800,7,3,"(2800, 7, 3)"
6BJV_1_D.npy,21,7,3,"(21, 7, 3)"
8I0W_1_6.npy,70,7,3,"(70, 7, 3)"
7S9U_1_A.npy,2436,7,3,"(2436, 7, 3)"
4Z92_1_D.npy,6,7,3,"(6, 7, 3)"
6G4S_1_2.npy,1613,7,3,"(1613, 7, 3)"
9AXT_1_B4.npy,157,7,3,"(157, 7, 3)"
7ANE_1_1.npy,1084,7,3,"(1084, 7, 3)"
8S1P_1_a.npy,69,7,3,"(69, 7, 3)"
7VYX_1_C.npy,103,7,3,"(103, 7, 3)"
4X0B_1_B.npy,77,7,3,"(77, 7, 3)"
3JBU_1_v.npy,76,7,3,"(76, 7, 3)"
3JB9_1_C.npy,105,7,3,"(105, 7, 3)"
6R47_1_A.npy,49,7,3,"(49, 7, 3)"
6GTF_1_B.npy,29,7,3,"(29, 7, 3)"
9E6Q_1_2.npy,129,7,3,"(129, 7, 3)"
7N3P_1_B.npy,229,7,3,"(229, 7, 3)"
7Q08_1_A.npy,1692,7,3,"(1692, 7, 3)"
8PVK_1_C1.npy,3104,7,3,"(3104, 7, 3)"
8HKZ_1_A23S.npy,2996,7,3,"(2996, 7, 3)"
6VRB_1_B.npy,52,7,3,"(52, 7, 3)"
7OFZ_1_C.npy,19,7,3,"(19, 7, 3)"
9B0L_1_C.npy,117,7,3,"(117, 7, 3)"
7OIB_1_A.npy,1092,7,3,"(1092, 7, 3)"
5V3F_1_B.npy,19,7,3,"(19, 7, 3)"
4RGF_1_C.npy,54,7,3,"(54, 7, 3)"
7UBM_1_R.npy,11,7,3,"(11, 7, 3)"
9GMO_1_A.npy,3274,7,3,"(3274, 7, 3)"
8G5Y_1_S2.npy,1595,7,3,"(1595, 7, 3)"
8QBL_1_M.npy,58,7,3,"(58, 7, 3)"
4U4O_1_6.npy,1791,7,3,"(1791, 7, 3)"
6GSJ_1_14.npy,2811,7,3,"(2811, 7, 3)"
6OT3_1_5.npy,71,7,3,"(71, 7, 3)"
8TPU_1_SA.npy,1608,7,3,"(1608, 7, 3)"
7ABF_1_6.npy,65,7,3,"(65, 7, 3)"
6L1W_1_C.npy,6,7,3,"(6, 7, 3)"
4UJC_1_C1.npy,1742,7,3,"(1742, 7, 3)"
6R6P_1_K.npy,1698,7,3,"(1698, 7, 3)"
8H6L_1_5A.npy,115,7,3,"(115, 7, 3)"
4V6G_1_CB.npy,65,7,3,"(65, 7, 3)"
2XNZ_1_A.npy,65,7,3,"(65, 7, 3)"
8HU1_1_X.npy,65,7,3,"(65, 7, 3)"
7R6N_1_A.npy,354,7,3,"(354, 7, 3)"
5EL6_1_1L.npy,68,7,3,"(68, 7, 3)"
6E82_1_A.npy,36,7,3,"(36, 7, 3)"
8R0S_1_C.npy,17,7,3,"(17, 7, 3)"
7LMB_1_B.npy,151,7,3,"(151, 7, 3)"
3SUH_1_X.npy,100,7,3,"(100, 7, 3)"
8PHJ_1_A.npy,1492,7,3,"(1492, 7, 3)"
5UD5_1_D.npy,72,7,3,"(72, 7, 3)"
3ZJV_1_B.npy,84,7,3,"(84, 7, 3)"
8K15_1_C.npy,470,7,3,"(470, 7, 3)"
7ZUX_1_2.npy,1769,7,3,"(1769, 7, 3)"
4ZNP_1_B.npy,66,7,3,"(66, 7, 3)"
2C4R_1_R.npy,10,7,3,"(10, 7, 3)"
6OGY_1_N.npy,4,7,3,"(4, 7, 3)"
4V5E_1_DA.npy,2886,7,3,"(2886, 7, 3)"
7NSI_1_BB.npy,67,7,3,"(67, 7, 3)"
8RG0_1_A.npy,121,7,3,"(121, 7, 3)"
6CHR_1_A.npy,621,7,3,"(621, 7, 3)"
8CWO_1_Y.npy,10,7,3,"(10, 7, 3)"
5JS1_1_B.npy,10,7,3,"(10, 7, 3)"
9EY0_1_T.npy,65,7,3,"(65, 7, 3)"
5IWA_1_A.npy,1509,7,3,"(1509, 7, 3)"
3B4C_1_B.npy,121,7,3,"(121, 7, 3)"
4X4N_1_G.npy,18,7,3,"(18, 7, 3)"
4V71_1_A1.npy,70,7,3,"(70, 7, 3)"
8UB7_1_G.npy,13,7,3,"(13, 7, 3)"
8IUO_1_F.npy,35,7,3,"(35, 7, 3)"
6D9L_1_H.npy,18,7,3,"(18, 7, 3)"
8DG5_1_E.npy,50,7,3,"(50, 7, 3)"
8P4D_1_P.npy,19,7,3,"(19, 7, 3)"
8ANY_1_Ay.npy,70,7,3,"(70, 7, 3)"
7Y7R_1_F.npy,5,7,3,"(5, 7, 3)"
7A01_1_E1.npy,153,7,3,"(153, 7, 3)"
5XWG_1_A.npy,14,7,3,"(14, 7, 3)"
6UFG_1_A.npy,160,7,3,"(160, 7, 3)"
9DTT_1_B.npy,67,7,3,"(67, 7, 3)"
4V4J_1_2.npy,75,7,3,"(75, 7, 3)"
7XJG_1_H.npy,58,7,3,"(58, 7, 3)"
8WZC_1_D.npy,5,7,3,"(5, 7, 3)"
8Q4F_1_A.npy,1512,7,3,"(1512, 7, 3)"
8RDV_1_D8.npy,115,7,3,"(115, 7, 3)"
8C8Z_1_A.npy,2205,7,3,"(2205, 7, 3)"
6T0W_1_V.npy,25,7,3,"(25, 7, 3)"
8CBJ_1_2.npy,1767,7,3,"(1767, 7, 3)"
7Z4D_1_A.npy,75,7,3,"(75, 7, 3)"
8T6Y_1_B.npy,88,7,3,"(88, 7, 3)"
7UR5_1_y.npy,90,7,3,"(90, 7, 3)"
9CG5_1_Z.npy,75,7,3,"(75, 7, 3)"
7NAF_1_1.npy,374,7,3,"(374, 7, 3)"
7U2J_1_1y.npy,70,7,3,"(70, 7, 3)"
7ASO_1_Y.npy,2720,7,3,"(2720, 7, 3)"
8EY6_1_B.npy,4,7,3,"(4, 7, 3)"
8P09_1_1.npy,74,7,3,"(74, 7, 3)"
5XXB_1_3.npy,118,7,3,"(118, 7, 3)"
9DFC_1_1w.npy,67,7,3,"(67, 7, 3)"
8RXX_1_L4.npy,183,7,3,"(183, 7, 3)"
8PJ5_1_7.npy,56,7,3,"(56, 7, 3)"
7NDJ_1_C.npy,6,7,3,"(6, 7, 3)"
5WWT_1_D.npy,71,7,3,"(71, 7, 3)"
5ELR_1_B.npy,5,7,3,"(5, 7, 3)"
7P7T_1_D.npy,76,7,3,"(76, 7, 3)"
7S3H_1_R.npy,30,7,3,"(30, 7, 3)"
5OT7_1_3.npy,10,7,3,"(10, 7, 3)"
5XLO_1_K.npy,38,7,3,"(38, 7, 3)"
3ZC0_1_M.npy,15,7,3,"(15, 7, 3)"
8BSI_1_LE.npy,115,7,3,"(115, 7, 3)"
3J9Z_1_SA.npy,1542,7,3,"(1542, 7, 3)"
6AZ3_1_5.npy,97,7,3,"(97, 7, 3)"
3J9Z_1_S7.npy,74,7,3,"(74, 7, 3)"
6D95_1_H.npy,18,7,3,"(18, 7, 3)"
7U2J_1_2w.npy,68,7,3,"(68, 7, 3)"
7XYA_1_R.npy,10,7,3,"(10, 7, 3)"
8AGX_1_x.npy,73,7,3,"(73, 7, 3)"
4NXH_1_A.npy,26,7,3,"(26, 7, 3)"
6BY1_1_BA.npy,1541,7,3,"(1541, 7, 3)"
5HR6_1_C.npy,68,7,3,"(68, 7, 3)"
7LYJ_1_A.npy,66,7,3,"(66, 7, 3)"
6FSZ_1_2.npy,23,7,3,"(23, 7, 3)"
8SNY_1_T.npy,8,7,3,"(8, 7, 3)"
8WAW_1_Z.npy,11,7,3,"(11, 7, 3)"
5V9Z_1_A.npy,23,7,3,"(23, 7, 3)"
6XHW_1_2w.npy,64,7,3,"(64, 7, 3)"
9CG5_1_X.npy,9,7,3,"(9, 7, 3)"
5D8B_1_ZC.npy,2879,7,3,"(2879, 7, 3)"
4V63_1_CA.npy,1504,7,3,"(1504, 7, 3)"
6NWY_1_XV.npy,76,7,3,"(76, 7, 3)"
8C96_1_A.npy,1475,7,3,"(1475, 7, 3)"
9D7S_1_2v.npy,13,7,3,"(13, 7, 3)"
4WR6_1_1K.npy,78,7,3,"(78, 7, 3)"
5T2A_1_B.npy,1064,7,3,"(1064, 7, 3)"
6OWL_1_A.npy,9,7,3,"(9, 7, 3)"
8UHG_1_P.npy,15,7,3,"(15, 7, 3)"
3ADC_1_C.npy,88,7,3,"(88, 7, 3)"
8UBB_1_I.npy,122,7,3,"(122, 7, 3)"
7Y7R_1_D.npy,7,7,3,"(7, 7, 3)"
8IEW_1_B.npy,36,7,3,"(36, 7, 3)"
7UVX_1_A.npy,2703,7,3,"(2703, 7, 3)"
8BF9_1_8.npy,98,7,3,"(98, 7, 3)"
4V4T_1_AA.npy,1515,7,3,"(1515, 7, 3)"
6O90_1_a.npy,1528,7,3,"(1528, 7, 3)"
4V6A_1_DA.npy,2777,7,3,"(2777, 7, 3)"
6PPP_1_A.npy,6,7,3,"(6, 7, 3)"
6Q98_1_4.npy,363,7,3,"(363, 7, 3)"
6TBV_1_PTR1.npy,69,7,3,"(69, 7, 3)"
8OI5_1_CM.npy,1778,7,3,"(1778, 7, 3)"
8XI2_1_H.npy,40,7,3,"(40, 7, 3)"
7X74_1_Q.npy,5,7,3,"(5, 7, 3)"
8WUS_1_B.npy,115,7,3,"(115, 7, 3)"
8THQ_1_S.npy,8,7,3,"(8, 7, 3)"
8UUA_1_A.npy,2894,7,3,"(2894, 7, 3)"
8RCL_1_W1.npy,31,7,3,"(31, 7, 3)"
6ASX_1_R.npy,21,7,3,"(21, 7, 3)"
7EAF_1_A.npy,94,7,3,"(94, 7, 3)"
7A9W_1_B.npy,16,7,3,"(16, 7, 3)"
4W2H_1_AA.npy,1497,7,3,"(1497, 7, 3)"
6XMG_1_C.npy,130,7,3,"(130, 7, 3)"
7EQJ_1_B.npy,75,7,3,"(75, 7, 3)"
6UVN_1_M.npy,60,7,3,"(60, 7, 3)"
9C3I_1_A.npy,70,7,3,"(70, 7, 3)"
5K36_1_M.npy,7,7,3,"(7, 7, 3)"
7PNW_1_A.npy,950,7,3,"(950, 7, 3)"
8B7Y_1_I.npy,2880,7,3,"(2880, 7, 3)"
8DZK_1_F.npy,4,7,3,"(4, 7, 3)"
4V89_1_AV.npy,6,7,3,"(6, 7, 3)"
9E6Q_1_1.npy,2777,7,3,"(2777, 7, 3)"
6JDV_1_B.npy,143,7,3,"(143, 7, 3)"
7PJZ_1_w.npy,69,7,3,"(69, 7, 3)"
8FON_1_RA.npy,2881,7,3,"(2881, 7, 3)"
6LAS_1_B.npy,55,7,3,"(55, 7, 3)"
7ABZ_1_7.npy,68,7,3,"(68, 7, 3)"
8JOZ_1_B.npy,79,7,3,"(79, 7, 3)"
7L48_1_E.npy,144,7,3,"(144, 7, 3)"
6IS0_1_C.npy,1,7,3,"(1, 7, 3)"
6AR5_1_B.npy,14,7,3,"(14, 7, 3)"
8HNT_1_B.npy,102,7,3,"(102, 7, 3)"
4WQU_1_BA.npy,1495,7,3,"(1495, 7, 3)"
4XW1_1_C.npy,8,7,3,"(8, 7, 3)"
4V7J_1_BA.npy,2848,7,3,"(2848, 7, 3)"
4AM3_1_I.npy,1,7,3,"(1, 7, 3)"
5IY9_1_Z.npy,6,7,3,"(6, 7, 3)"
8FL3_1_L4.npy,117,7,3,"(117, 7, 3)"
9GMO_1_B.npy,118,7,3,"(118, 7, 3)"
7M4V_1_A.npy,2717,7,3,"(2717, 7, 3)"
8P8B_1_Y.npy,9,7,3,"(9, 7, 3)"
5DA6_1_A.npy,32,7,3,"(32, 7, 3)"
9GMO_1_C.npy,145,7,3,"(145, 7, 3)"
6C6S_1_R.npy,10,7,3,"(10, 7, 3)"
7NFX_1_1.npy,249,7,3,"(249, 7, 3)"
6ZMT_1_2.npy,1569,7,3,"(1569, 7, 3)"
1I9V_1_A.npy,74,7,3,"(74, 7, 3)"
6IQW_1_I.npy,24,7,3,"(24, 7, 3)"
7ABF_1_5.npy,58,7,3,"(58, 7, 3)"
1GRZ_1_A.npy,247,7,3,"(247, 7, 3)"
4G0A_1_F.npy,3,7,3,"(3, 7, 3)"
4V9N_1_BA.npy,2789,7,3,"(2789, 7, 3)"
6ZQC_1_D4.npy,230,7,3,"(230, 7, 3)"
6UV2_1_C.npy,8,7,3,"(8, 7, 3)"
7PJZ_1_a.npy,1529,7,3,"(1529, 7, 3)"
8J8H_1_E.npy,20,7,3,"(20, 7, 3)"
8J1Z_1_a.npy,2501,7,3,"(2501, 7, 3)"
8JL0_1_C.npy,22,7,3,"(22, 7, 3)"
9ASN_1_E.npy,97,7,3,"(97, 7, 3)"
6DLT_1_A.npy,105,7,3,"(105, 7, 3)"
6LQS_1_SA.npy,1249,7,3,"(1249, 7, 3)"
5E7K_1_1G.npy,1507,7,3,"(1507, 7, 3)"
7TTU_1_1.npy,2684,7,3,"(2684, 7, 3)"
7MJW_1_G.npy,12,7,3,"(12, 7, 3)"
6GZ4_1_B1.npy,1708,7,3,"(1708, 7, 3)"
4ZNP_1_A.npy,73,7,3,"(73, 7, 3)"
5K36_1_L.npy,17,7,3,"(17, 7, 3)"
7ONU_1_T.npy,66,7,3,"(66, 7, 3)"
7AOE_1_R.npy,7,7,3,"(7, 7, 3)"
6KYV_1_K.npy,22,7,3,"(22, 7, 3)"
4V88_1_A6.npy,1769,7,3,"(1769, 7, 3)"
6WJR_1_X.npy,111,7,3,"(111, 7, 3)"
7NSH_1_BA.npy,1544,7,3,"(1544, 7, 3)"
7C7A_1_A.npy,330,7,3,"(330, 7, 3)"
7YEX_1_B.npy,4,7,3,"(4, 7, 3)"
5V8I_1_1B.npy,118,7,3,"(118, 7, 3)"
7UQ6_1_B.npy,85,7,3,"(85, 7, 3)"
4X4N_1_D.npy,31,7,3,"(31, 7, 3)"
1A9N_1_Q.npy,24,7,3,"(24, 7, 3)"
4V8D_1_DA.npy,2907,7,3,"(2907, 7, 3)"
5GAK_1_B.npy,77,7,3,"(77, 7, 3)"
5WF0_1_y.npy,67,7,3,"(67, 7, 3)"
4V8E_1_DA.npy,1502,7,3,"(1502, 7, 3)"
6P4H_1_1.npy,203,7,3,"(203, 7, 3)"
8OI5_1_AS.npy,3065,7,3,"(3065, 7, 3)"
6N5T_1_A.npy,125,7,3,"(125, 7, 3)"
8URW_1_R.npy,14,7,3,"(14, 7, 3)"
6C4H_1_A.npy,619,7,3,"(619, 7, 3)"
7UNR_1_B.npy,117,7,3,"(117, 7, 3)"
5EN1_1_B.npy,7,7,3,"(7, 7, 3)"
6PMJ_1_3.npy,2,7,3,"(2, 7, 3)"
7Z3N_1_2.npy,1772,7,3,"(1772, 7, 3)"
5DGE_1_2.npy,1781,7,3,"(1781, 7, 3)"
7YND_1_B.npy,38,7,3,"(38, 7, 3)"
8VT5_1_A.npy,59,7,3,"(59, 7, 3)"
3T5N_1_C.npy,6,7,3,"(6, 7, 3)"
7WIB_1_V.npy,49,7,3,"(49, 7, 3)"
8A98_1_6.npy,71,7,3,"(71, 7, 3)"
7KAB_1_C.npy,66,7,3,"(66, 7, 3)"
8PVV_1_R.npy,25,7,3,"(25, 7, 3)"
8FC6_1_1A.npy,2860,7,3,"(2860, 7, 3)"
7N2U_1_Pt.npy,67,7,3,"(67, 7, 3)"
8TDV_1_K.npy,7,7,3,"(7, 7, 3)"
1DK1_1_B.npy,57,7,3,"(57, 7, 3)"
8KI7_1_B.npy,9,7,3,"(9, 7, 3)"
7VNV_1_B.npy,61,7,3,"(61, 7, 3)"
5MRC_1_A.npy,2709,7,3,"(2709, 7, 3)"
6BY1_1_BW.npy,76,7,3,"(76, 7, 3)"
2JA8_1_P.npy,10,7,3,"(10, 7, 3)"
4LX6_1_A.npy,71,7,3,"(71, 7, 3)"
6XHV_1_2A.npy,2788,7,3,"(2788, 7, 3)"
4V9Q_1_CA.npy,2832,7,3,"(2832, 7, 3)"
4W2F_1_CA.npy,1503,7,3,"(1503, 7, 3)"
8AGX_1_y.npy,72,7,3,"(72, 7, 3)"
7QGR_1_u.npy,73,7,3,"(73, 7, 3)"
5Z9X_1_R.npy,9,7,3,"(9, 7, 3)"
4U8T_1_O.npy,6,7,3,"(6, 7, 3)"
7PDV_1_F.npy,7,7,3,"(7, 7, 3)"
9FMD_1_EX.npy,14,7,3,"(14, 7, 3)"
6AZ3_1_4.npy,182,7,3,"(182, 7, 3)"
8ZYD_1_C.npy,72,7,3,"(72, 7, 3)"
8HK1_1_H.npy,148,7,3,"(148, 7, 3)"
5LJ3_1_U.npy,141,7,3,"(141, 7, 3)"
6K4S_1_A.npy,80,7,3,"(80, 7, 3)"
4V4F_1_A3.npy,4,7,3,"(4, 7, 3)"
8A40_1_P.npy,14,7,3,"(14, 7, 3)"
8OPT_1_D.npy,54,7,3,"(54, 7, 3)"
7Y80_1_B.npy,35,7,3,"(35, 7, 3)"
8OO0_1_2.npy,1764,7,3,"(1764, 7, 3)"
6VWM_1_5.npy,76,7,3,"(76, 7, 3)"
8UBE_1_G.npy,11,7,3,"(11, 7, 3)"
7S4U_1_B.npy,97,7,3,"(97, 7, 3)"
5XXU_1_2.npy,1619,7,3,"(1619, 7, 3)"
8TJX_1_N.npy,365,7,3,"(365, 7, 3)"
8QP8_1_5.npy,71,7,3,"(71, 7, 3)"
8D2O_1_B.npy,87,7,3,"(87, 7, 3)"
6KUG_1_B.npy,4,7,3,"(4, 7, 3)"
4WZD_1_13.npy,1499,7,3,"(1499, 7, 3)"
8APO_1_A1.npy,109,7,3,"(109, 7, 3)"
8IT1_1_H.npy,21,7,3,"(21, 7, 3)"
7BV8_1_A.npy,2897,7,3,"(2897, 7, 3)"
5GUH_1_B.npy,7,7,3,"(7, 7, 3)"
8PTG_1_R.npy,15,7,3,"(15, 7, 3)"
5ZET_1_A.npy,3102,7,3,"(3102, 7, 3)"
5KPV_1_27.npy,2903,7,3,"(2903, 7, 3)"
4WJ3_1_T.npy,76,7,3,"(76, 7, 3)"
7ZAG_1_2.npy,1429,7,3,"(1429, 7, 3)"
5XON_1_P.npy,16,7,3,"(16, 7, 3)"
4V8N_1_CV.npy,77,7,3,"(77, 7, 3)"
7D80_1_X.npy,65,7,3,"(65, 7, 3)"
6FYX_1_2.npy,1768,7,3,"(1768, 7, 3)"
6C65_1_C.npy,35,7,3,"(35, 7, 3)"
4WQF_1_CA.npy,2848,7,3,"(2848, 7, 3)"
6ZJ3_1_LO.npy,120,7,3,"(120, 7, 3)"
3OIN_1_C.npy,14,7,3,"(14, 7, 3)"
6YWX_1_bb.npy,61,7,3,"(61, 7, 3)"
5MMI_1_A.npy,2798,7,3,"(2798, 7, 3)"
8PVL_1_C1.npy,3044,7,3,"(3044, 7, 3)"
5OB3_1_A.npy,69,7,3,"(69, 7, 3)"
8FZR_1_R.npy,77,7,3,"(77, 7, 3)"
4V5P_1_AY.npy,67,7,3,"(67, 7, 3)"
5T5H_1_B.npy,910,7,3,"(910, 7, 3)"
5ZQ0_1_B.npy,7,7,3,"(7, 7, 3)"
6E8T_1_D.npy,35,7,3,"(35, 7, 3)"
2ZH8_1_B.npy,34,7,3,"(34, 7, 3)"
6Z6M_1_CC.npy,85,7,3,"(85, 7, 3)"
4WC5_1_B.npy,74,7,3,"(74, 7, 3)"
6HBX_1_A.npy,17,7,3,"(17, 7, 3)"
6GSL_1_3K.npy,73,7,3,"(73, 7, 3)"
5HAU_1_1A.npy,2872,7,3,"(2872, 7, 3)"
8RKT_1_1.npy,246,7,3,"(246, 7, 3)"
3V74_1_B.npy,11,7,3,"(11, 7, 3)"
6G63_1_B.npy,23,7,3,"(23, 7, 3)"
8GWB_1_M.npy,2,7,3,"(2, 7, 3)"
8OVA_1_BH.npy,119,7,3,"(119, 7, 3)"
6XUS_1_A.npy,11,7,3,"(11, 7, 3)"
6OY7_1_I.npy,5,7,3,"(5, 7, 3)"
5WEA_1_B.npy,8,7,3,"(8, 7, 3)"
8CGD_1_a.npy,2724,7,3,"(2724, 7, 3)"
6WUA_1_a.npy,402,7,3,"(402, 7, 3)"
7NHK_1_D.npy,74,7,3,"(74, 7, 3)"
6OMV_1_G.npy,29,7,3,"(29, 7, 3)"
3CCE_1_0.npy,2749,7,3,"(2749, 7, 3)"
5IB7_1_1L.npy,66,7,3,"(66, 7, 3)"
6SGC_1_33.npy,64,7,3,"(64, 7, 3)"
7QQW_1_A.npy,81,7,3,"(81, 7, 3)"
8EHI_1_R.npy,10,7,3,"(10, 7, 3)"
5W1I_1_D.npy,39,7,3,"(39, 7, 3)"
5XWY_1_B.npy,51,7,3,"(51, 7, 3)"
7D2L_1_B.npy,43,7,3,"(43, 7, 3)"
8ISS_1_E.npy,80,7,3,"(80, 7, 3)"
5ZTM_1_C.npy,48,7,3,"(48, 7, 3)"
6T0U_1_V.npy,23,7,3,"(23, 7, 3)"
6ZDQ_1_C.npy,65,7,3,"(65, 7, 3)"
8AXB_1_B.npy,230,7,3,"(230, 7, 3)"
8C8X_1_A.npy,2705,7,3,"(2705, 7, 3)"
6S12_1_A.npy,2905,7,3,"(2905, 7, 3)"
6BGB_1_C.npy,15,7,3,"(15, 7, 3)"
8QZ8_1_V.npy,33,7,3,"(33, 7, 3)"
6OW3_1_I.npy,3,7,3,"(3, 7, 3)"
6F4G_1_F.npy,25,7,3,"(25, 7, 3)"
6ZN5_1_2.npy,1671,7,3,"(1671, 7, 3)"
6UQ3_1_R.npy,10,7,3,"(10, 7, 3)"
8EXY_1_R.npy,29,7,3,"(29, 7, 3)"
8P4F_1_P.npy,29,7,3,"(29, 7, 3)"
5U30_1_B.npy,99,7,3,"(99, 7, 3)"
3JCR_1_M.npy,103,7,3,"(103, 7, 3)"
6GSL_1_14.npy,2895,7,3,"(2895, 7, 3)"
3PDR_1_A.npy,161,7,3,"(161, 7, 3)"
4WSM_1_2K.npy,73,7,3,"(73, 7, 3)"
8Q7N_1_Z.npy,31,7,3,"(31, 7, 3)"
6R5Q_1_2.npy,76,7,3,"(76, 7, 3)"
3T5Q_1_F.npy,8,7,3,"(8, 7, 3)"
4V9I_1_AY.npy,75,7,3,"(75, 7, 3)"
9AUR_1_R.npy,21,7,3,"(21, 7, 3)"
6LKQ_1_t.npy,2850,7,3,"(2850, 7, 3)"
4CE4_1_A.npy,1437,7,3,"(1437, 7, 3)"
4V47_1_A9.npy,108,7,3,"(108, 7, 3)"
8H6J_1_5A.npy,114,7,3,"(114, 7, 3)"
7OJN_1_D.npy,12,7,3,"(12, 7, 3)"
6ZJ3_1_LN.npy,78,7,3,"(78, 7, 3)"
5UZ6_1_E.npy,23,7,3,"(23, 7, 3)"
4RC0_1_A.npy,10,7,3,"(10, 7, 3)"
6EEN_1_F.npy,9,7,3,"(9, 7, 3)"
3IRW_1_R.npy,90,7,3,"(90, 7, 3)"
4V8N_1_CW.npy,78,7,3,"(78, 7, 3)"
7R6L_1_A.npy,343,7,3,"(343, 7, 3)"
7OI0_1_A.npy,963,7,3,"(963, 7, 3)"
8PH9_1_R.npy,15,7,3,"(15, 7, 3)"
8P7X_1_Y.npy,21,7,3,"(21, 7, 3)"
6DMV_1_B.npy,4,7,3,"(4, 7, 3)"
6N9E_1_2w.npy,2,7,3,"(2, 7, 3)"
6E80_1_A.npy,35,7,3,"(35, 7, 3)"
8YGJ_1_B.npy,136,7,3,"(136, 7, 3)"
5OSG_1_2.npy,88,7,3,"(88, 7, 3)"
6I1L_1_B.npy,40,7,3,"(40, 7, 3)"
8I54_1_B.npy,33,7,3,"(33, 7, 3)"
5KL8_1_C.npy,11,7,3,"(11, 7, 3)"
6DT8_1_D.npy,6,7,3,"(6, 7, 3)"
7NKX_1_P.npy,16,7,3,"(16, 7, 3)"
7L20_1_A.npy,1527,7,3,"(1527, 7, 3)"
6TMF_1_A.npy,1485,7,3,"(1485, 7, 3)"
8RXX_1_S3.npy,71,7,3,"(71, 7, 3)"
8PSQ_1_V.npy,13,7,3,"(13, 7, 3)"
5B2R_1_A.npy,81,7,3,"(81, 7, 3)"
8W2O_1_R.npy,327,7,3,"(327, 7, 3)"
6JE4_1_L.npy,133,7,3,"(133, 7, 3)"
6SKG_1_Aa.npy,1399,7,3,"(1399, 7, 3)"
3B4A_1_B.npy,121,7,3,"(121, 7, 3)"
7AFI_1_A.npy,1061,7,3,"(1061, 7, 3)"
9EY2_1_T.npy,68,7,3,"(68, 7, 3)"
3LA5_1_A.npy,71,7,3,"(71, 7, 3)"
4YB0_1_R.npy,83,7,3,"(83, 7, 3)"
5K7E_1_A.npy,47,7,3,"(47, 7, 3)"
6VQV_1_L.npy,60,7,3,"(60, 7, 3)"
6YPU_1_2.npy,894,7,3,"(894, 7, 3)"
5VW1_1_C.npy,73,7,3,"(73, 7, 3)"
4V61_1_AA.npy,1478,7,3,"(1478, 7, 3)"
7R81_1_A2.npy,1769,7,3,"(1769, 7, 3)"
4WRO_1_1K.npy,67,7,3,"(67, 7, 3)"
5IBB_1_1L.npy,67,7,3,"(67, 7, 3)"
7ZW0_1_2.npy,1765,7,3,"(1765, 7, 3)"
4YHH_1_A.npy,1507,7,3,"(1507, 7, 3)"
4V48_1_A0.npy,2536,7,3,"(2536, 7, 3)"
8FVY_1_2.npy,1441,7,3,"(1441, 7, 3)"
2XD0_1_H.npy,35,7,3,"(35, 7, 3)"
7RGU_1_F.npy,28,7,3,"(28, 7, 3)"
7F3J_1_F.npy,4,7,3,"(4, 7, 3)"
8WIC_1_A.npy,3022,7,3,"(3022, 7, 3)"
5FK3_1_A.npy,94,7,3,"(94, 7, 3)"
8GXC_1_B.npy,60,7,3,"(60, 7, 3)"
6M0V_1_B.npy,71,7,3,"(71, 7, 3)"
8FRU_1_4.npy,141,7,3,"(141, 7, 3)"
3KFU_1_N.npy,68,7,3,"(68, 7, 3)"
5NS4_1_D.npy,30,7,3,"(30, 7, 3)"
6O0X_1_B.npy,98,7,3,"(98, 7, 3)"
8U5K_1_A.npy,36,7,3,"(36, 7, 3)"
7PKT_1_8.npy,413,7,3,"(413, 7, 3)"
6XRQ_1_B.npy,14,7,3,"(14, 7, 3)"
4KVB_1_A.npy,1500,7,3,"(1500, 7, 3)"
5D0A_1_F.npy,14,7,3,"(14, 7, 3)"
7QI5_1_Aw.npy,68,7,3,"(68, 7, 3)"
1H2C_1_R.npy,3,7,3,"(3, 7, 3)"
8JDM_1_A.npy,14,7,3,"(14, 7, 3)"
7QI4_1_Aw.npy,22,7,3,"(22, 7, 3)"
9AX8_1_y.npy,77,7,3,"(77, 7, 3)"
8RXX_1_S1.npy,1793,7,3,"(1793, 7, 3)"
6ZP4_1_1.npy,75,7,3,"(75, 7, 3)"
8QFS_1_B.npy,55,7,3,"(55, 7, 3)"
8QU5_1_A.npy,1049,7,3,"(1049, 7, 3)"
9BH5_1_DB.npy,76,7,3,"(76, 7, 3)"
6SPC_1_a.npy,1519,7,3,"(1519, 7, 3)"
5DOY_1_1w.npy,68,7,3,"(68, 7, 3)"
5VPP_1_XA.npy,1515,7,3,"(1515, 7, 3)"
5UDZ_1_V.npy,24,7,3,"(24, 7, 3)"
7DA7_1_C.npy,90,7,3,"(90, 7, 3)"
6S0K_1_A.npy,2883,7,3,"(2883, 7, 3)"
5E81_1_3K.npy,70,7,3,"(70, 7, 3)"
4U6K_1_A.npy,9,7,3,"(9, 7, 3)"
8HNV_1_B.npy,97,7,3,"(97, 7, 3)"
6VQW_1_K.npy,40,7,3,"(40, 7, 3)"
6UEJ_1_B.npy,3,7,3,"(3, 7, 3)"
6ZOL_1_2.npy,472,7,3,"(472, 7, 3)"
5AJ4_1_BA.npy,1515,7,3,"(1515, 7, 3)"
8SQJ_1_O.npy,17,7,3,"(17, 7, 3)"
8A3W_1_3.npy,152,7,3,"(152, 7, 3)"
5DET_1_P.npy,4,7,3,"(4, 7, 3)"
8FR8_1_E.npy,77,7,3,"(77, 7, 3)"
8JDL_1_D.npy,3399,7,3,"(3399, 7, 3)"
8Q7Z_1_A2.npy,1636,7,3,"(1636, 7, 3)"
8REE_1_R.npy,9,7,3,"(9, 7, 3)"
3CCL_1_0.npy,2749,7,3,"(2749, 7, 3)"
5MMI_1_B.npy,121,7,3,"(121, 7, 3)"
2C4Y_1_S.npy,12,7,3,"(12, 7, 3)"
5UX0_1_E.npy,18,7,3,"(18, 7, 3)"
4KZX_1_i.npy,1797,7,3,"(1797, 7, 3)"
6WW6_1_D.npy,17,7,3,"(17, 7, 3)"
7LYT_1_B.npy,39,7,3,"(39, 7, 3)"
7UO5_1_B.npy,373,7,3,"(373, 7, 3)"
4PEI_1_X.npy,3,7,3,"(3, 7, 3)"
6OXA_1_XA.npy,1507,7,3,"(1507, 7, 3)"
5F9H_1_B.npy,23,7,3,"(23, 7, 3)"
3J7R_1_S5.npy,74,7,3,"(74, 7, 3)"
8V6H_1_F.npy,7,7,3,"(7, 7, 3)"
6D9J_1_4.npy,190,7,3,"(190, 7, 3)"
7AOR_1_2.npy,470,7,3,"(470, 7, 3)"
4V7L_1_BA.npy,2800,7,3,"(2800, 7, 3)"
6DVK_1_H.npy,95,7,3,"(95, 7, 3)"
3T5Q_1_D.npy,7,7,3,"(7, 7, 3)"
4ADV_1_A.npy,1410,7,3,"(1410, 7, 3)"
8OVJ_1_2.npy,1046,7,3,"(1046, 7, 3)"
6N1D_1_A16S.npy,1517,7,3,"(1517, 7, 3)"
9E7F_1_1.npy,2784,7,3,"(2784, 7, 3)"
8R3V_1_71.npy,29,7,3,"(29, 7, 3)"
4V6G_1_DA.npy,2886,7,3,"(2886, 7, 3)"
6YBW_1_A.npy,1196,7,3,"(1196, 7, 3)"
6A6J_1_D.npy,4,7,3,"(4, 7, 3)"
4V92_1_A2.npy,1764,7,3,"(1764, 7, 3)"
8HMY_1_T.npy,90,7,3,"(90, 7, 3)"
5EL4_1_3L.npy,73,7,3,"(73, 7, 3)"
7YCX_1_c.npy,23,7,3,"(23, 7, 3)"
5XOG_1_P.npy,11,7,3,"(11, 7, 3)"
5EL5_1_3L.npy,75,7,3,"(75, 7, 3)"
6E8U_1_B.npy,37,7,3,"(37, 7, 3)"
6XAS_1_R.npy,18,7,3,"(18, 7, 3)"
8TDY_1_A.npy,15,7,3,"(15, 7, 3)"
7MLW_1_F.npy,125,7,3,"(125, 7, 3)"
8HBA_1_A.npy,48,7,3,"(48, 7, 3)"
6N7X_1_R.npy,308,7,3,"(308, 7, 3)"
8HL3_1_A23S.npy,2996,7,3,"(2996, 7, 3)"
3IVN_1_B.npy,69,7,3,"(69, 7, 3)"
2BJ6_1_F.npy,10,7,3,"(10, 7, 3)"
5WWW_1_B.npy,6,7,3,"(6, 7, 3)"
8E8M_1_R.npy,33,7,3,"(33, 7, 3)"
8Q87_1_B7.npy,119,7,3,"(119, 7, 3)"
8GZQ_1_S.npy,66,7,3,"(66, 7, 3)"
6H9I_1_C.npy,24,7,3,"(24, 7, 3)"
5WSG_1_E.npy,103,7,3,"(103, 7, 3)"
8CX1_1_K.npy,8,7,3,"(8, 7, 3)"
4PMW_1_D.npy,14,7,3,"(14, 7, 3)"
5EL5_1_13.npy,1493,7,3,"(1493, 7, 3)"
5KL1_1_C.npy,12,7,3,"(12, 7, 3)"
7UND_1_P.npy,18,7,3,"(18, 7, 3)"
6Y7C_1_2.npy,1731,7,3,"(1731, 7, 3)"
7V2N_1_A.npy,1394,7,3,"(1394, 7, 3)"
4WZO_1_3L.npy,70,7,3,"(70, 7, 3)"
5OPT_1_E.npy,2022,7,3,"(2022, 7, 3)"
5HC9_1_D.npy,76,7,3,"(76, 7, 3)"
6RM3_1_L70.npy,118,7,3,"(118, 7, 3)"
2RKJ_1_G.npy,238,7,3,"(238, 7, 3)"
8PSX_1_V.npy,8,7,3,"(8, 7, 3)"
5U9F_1_01.npy,2903,7,3,"(2903, 7, 3)"
8X0S_1_B.npy,11,7,3,"(11, 7, 3)"
6C64_1_D.npy,32,7,3,"(32, 7, 3)"
5ZX2_1_I.npy,7,7,3,"(7, 7, 3)"
8OVJ_1_3.npy,155,7,3,"(155, 7, 3)"
8SPO_1_C.npy,19,7,3,"(19, 7, 3)"
5J7L_1_AA.npy,1523,7,3,"(1523, 7, 3)"
4WSM_1_3L.npy,75,7,3,"(75, 7, 3)"
8XME_1_O.npy,10,7,3,"(10, 7, 3)"
5W1H_1_B.npy,42,7,3,"(42, 7, 3)"
3JCR_1_N.npy,37,7,3,"(37, 7, 3)"
8CLM_1_C.npy,9,7,3,"(9, 7, 3)"
6AZ1_1_4.npy,76,7,3,"(76, 7, 3)"
4V9H_1_BA.npy,2859,7,3,"(2859, 7, 3)"
3V7E_1_D.npy,126,7,3,"(126, 7, 3)"
8B0X_1_Z.npy,75,7,3,"(75, 7, 3)"
9CAI_1_A7.npy,119,7,3,"(119, 7, 3)"
6WW6_1_E.npy,17,7,3,"(17, 7, 3)"
7TR9_1_R.npy,45,7,3,"(45, 7, 3)"
8R3V_1_Y1.npy,33,7,3,"(33, 7, 3)"
6GAW_1_BA.npy,1549,7,3,"(1549, 7, 3)"
7ENI_1_B.npy,69,7,3,"(69, 7, 3)"
5AXW_1_B.npy,73,7,3,"(73, 7, 3)"
8F0N_1_A.npy,49,7,3,"(49, 7, 3)"
7NAD_1_2.npy,59,7,3,"(59, 7, 3)"
5OIK_1_P.npy,20,7,3,"(20, 7, 3)"
2C4Y_1_R.npy,16,7,3,"(16, 7, 3)"
6UC8_1_B.npy,67,7,3,"(67, 7, 3)"
8PV8_1_C2.npy,150,7,3,"(150, 7, 3)"
7TTW_1_1.npy,2690,7,3,"(2690, 7, 3)"
7ZJX_1_S2.npy,1689,7,3,"(1689, 7, 3)"
7D80_1_Z.npy,66,7,3,"(66, 7, 3)"
5GAH_1_1.npy,43,7,3,"(43, 7, 3)"
7RQ9_1_2w.npy,63,7,3,"(63, 7, 3)"
5IB8_1_2K.npy,72,7,3,"(72, 7, 3)"
7F36_1_H.npy,72,7,3,"(72, 7, 3)"
5BTM_1_B.npy,43,7,3,"(43, 7, 3)"
8I0T_1_G.npy,72,7,3,"(72, 7, 3)"
8A3W_1_2.npy,890,7,3,"(890, 7, 3)"
7AS8_1_A.npy,2812,7,3,"(2812, 7, 3)"
7VPX_1_H.npy,130,7,3,"(130, 7, 3)"
5IB8_1_1G.npy,1509,7,3,"(1509, 7, 3)"
6XKN_1_A.npy,95,7,3,"(95, 7, 3)"
8UO6_1_B.npy,134,7,3,"(134, 7, 3)"
5N61_1_S.npy,5,7,3,"(5, 7, 3)"
7RZZ_1_B.npy,9,7,3,"(9, 7, 3)"
6GX6_1_B.npy,4,7,3,"(4, 7, 3)"
5E81_1_14.npy,2855,7,3,"(2855, 7, 3)"
4YYE_1_D.npy,74,7,3,"(74, 7, 3)"
7WTZ_1_2.npy,1624,7,3,"(1624, 7, 3)"
6Q8V_1_A.npy,18,7,3,"(18, 7, 3)"
8AP4_1_a.npy,2728,7,3,"(2728, 7, 3)"
7AS9_1_2.npy,75,7,3,"(75, 7, 3)"
5FJC_1_A.npy,93,7,3,"(93, 7, 3)"
7N2C_1_16.npy,1524,7,3,"(1524, 7, 3)"
6Y3G_1_F.npy,67,7,3,"(67, 7, 3)"
7UCR_1_A.npy,27,7,3,"(27, 7, 3)"
7QI4_1_AA.npy,949,7,3,"(949, 7, 3)"
5T83_1_A.npy,90,7,3,"(90, 7, 3)"
4U67_1_X.npy,2667,7,3,"(2667, 7, 3)"
8Y6O_1_P.npy,124,7,3,"(124, 7, 3)"
6JE9_1_D.npy,113,7,3,"(113, 7, 3)"
7TUV_1_B.npy,4,7,3,"(4, 7, 3)"
4BY1_1_P.npy,10,7,3,"(10, 7, 3)"
6RM3_1_S60.npy,1231,7,3,"(1231, 7, 3)"
7RIM_1_R.npy,9,7,3,"(9, 7, 3)"
2VUM_1_P.npy,10,7,3,"(10, 7, 3)"
6ZMW_1_A.npy,1691,7,3,"(1691, 7, 3)"
5EME_1_A.npy,8,7,3,"(8, 7, 3)"
4V8J_1_AA.npy,1504,7,3,"(1504, 7, 3)"
7MK9_1_R.npy,15,7,3,"(15, 7, 3)"
6SJ6_1_B.npy,112,7,3,"(112, 7, 3)"
6ZMW_1_7.npy,28,7,3,"(28, 7, 3)"
4V4F_1_A1.npy,3,7,3,"(3, 7, 3)"
8HZK_1_B.npy,36,7,3,"(36, 7, 3)"
8EVQ_1_EC.npy,200,7,3,"(200, 7, 3)"
9GCH_1_T.npy,67,7,3,"(67, 7, 3)"
5IBB_1_1K.npy,67,7,3,"(67, 7, 3)"
4WRO_1_1L.npy,68,7,3,"(68, 7, 3)"
8HNW_1_B.npy,107,7,3,"(107, 7, 3)"
6IFN_1_N.npy,32,7,3,"(32, 7, 3)"
4ATO_1_G.npy,33,7,3,"(33, 7, 3)"
7N3O_1_B.npy,222,7,3,"(222, 7, 3)"
7M4U_1_a.npy,1519,7,3,"(1519, 7, 3)"
6BY1_1_DA.npy,2869,7,3,"(2869, 7, 3)"
4JI8_1_A.npy,1500,7,3,"(1500, 7, 3)"
4C7O_1_E.npy,48,7,3,"(48, 7, 3)"
8FRU_1_1.npy,2551,7,3,"(2551, 7, 3)"
5NDJ_1_1G.npy,1513,7,3,"(1513, 7, 3)"
6BSJ_1_R.npy,24,7,3,"(24, 7, 3)"
7QVP_1_D5.npy,73,7,3,"(73, 7, 3)"
7ZAG_1_4.npy,72,7,3,"(72, 7, 3)"
6M0W_1_B.npy,72,7,3,"(72, 7, 3)"
5YTT_1_B.npy,6,7,3,"(6, 7, 3)"
7MJY_1_M.npy,5,7,3,"(5, 7, 3)"
7UPH_1_I.npy,4405,7,3,"(4405, 7, 3)"
8CQW_1_B.npy,1741,7,3,"(1741, 7, 3)"
5FK2_1_A.npy,94,7,3,"(94, 7, 3)"
8RXX_1_S4.npy,66,7,3,"(66, 7, 3)"
8WIB_1_a.npy,1515,7,3,"(1515, 7, 3)"
7VBC_1_R.npy,6,7,3,"(6, 7, 3)"
7XUI_1_R.npy,101,7,3,"(101, 7, 3)"
6AH3_1_A.npy,369,7,3,"(369, 7, 3)"
6QZP_1_S2.npy,1707,7,3,"(1707, 7, 3)"
7B5K_1_9.npy,76,7,3,"(76, 7, 3)"
7B5K_1_x.npy,77,7,3,"(77, 7, 3)"
3J8G_1_B.npy,2874,7,3,"(2874, 7, 3)"
7AOZ_1_P.npy,5,7,3,"(5, 7, 3)"
6OF6_1_QW.npy,76,7,3,"(76, 7, 3)"
8U5J_1_A.npy,36,7,3,"(36, 7, 3)"
6WBR_1_B.npy,90,7,3,"(90, 7, 3)"
3WQY_1_C.npy,75,7,3,"(75, 7, 3)"
5T5H_1_D.npy,114,7,3,"(114, 7, 3)"
4WRA_1_13.npy,1505,7,3,"(1505, 7, 3)"
6U8D_1_A.npy,68,7,3,"(68, 7, 3)"
1QU3_1_T.npy,75,7,3,"(75, 7, 3)"
6ZJ3_1_LI.npy,522,7,3,"(522, 7, 3)"
8Q87_1_V.npy,76,7,3,"(76, 7, 3)"
4XEJ_1_BIRE.npy,32,7,3,"(32, 7, 3)"
8ANE_1_R.npy,66,7,3,"(66, 7, 3)"
6XLL_1_R.npy,4,7,3,"(4, 7, 3)"
8QO9_1_2.npy,98,7,3,"(98, 7, 3)"
4WSM_1_2L.npy,74,7,3,"(74, 7, 3)"
7AAV_1_6.npy,73,7,3,"(73, 7, 3)"
8CF5_1_c.npy,1580,7,3,"(1580, 7, 3)"
6GSL_1_13.npy,1512,7,3,"(1512, 7, 3)"
7AOR_1_A.npy,143,7,3,"(143, 7, 3)"
7ZS5_1_2.npy,76,7,3,"(76, 7, 3)"
5NDV_1_6.npy,1683,7,3,"(1683, 7, 3)"
4KZY_1_i.npy,1840,7,3,"(1840, 7, 3)"
8OVA_1_AB.npy,19,7,3,"(19, 7, 3)"
4JYA_1_Y.npy,10,7,3,"(10, 7, 3)"
4WZO_1_2L.npy,73,7,3,"(73, 7, 3)"
9CG6_1_X.npy,9,7,3,"(9, 7, 3)"
6PPF_1_A.npy,2471,7,3,"(2471, 7, 3)"
7YCI_1_N.npy,389,7,3,"(389, 7, 3)"
7ASP_1_X.npy,1447,7,3,"(1447, 7, 3)"
8TVS_1_R.npy,12,7,3,"(12, 7, 3)"
5I9G_1_A.npy,12,7,3,"(12, 7, 3)"
3J5L_1_B.npy,117,7,3,"(117, 7, 3)"
8H1C_1_D.npy,70,7,3,"(70, 7, 3)"
5W1I_1_B.npy,41,7,3,"(41, 7, 3)"
7ASP_1_Y.npy,2723,7,3,"(2723, 7, 3)"
1SJ4_1_R.npy,73,7,3,"(73, 7, 3)"
5W5Y_1_R.npy,6,7,3,"(6, 7, 3)"
4JV5_1_X.npy,4,7,3,"(4, 7, 3)"
8XMD_1_O.npy,11,7,3,"(11, 7, 3)"
8EWC_1_EC.npy,192,7,3,"(192, 7, 3)"
7XWZ_1_F.npy,7,7,3,"(7, 7, 3)"
5HKV_1_X.npy,2695,7,3,"(2695, 7, 3)"
8GLP_1_S2.npy,1587,7,3,"(1587, 7, 3)"
8R3V_1_A2.npy,1527,7,3,"(1527, 7, 3)"
2ZM5_1_D.npy,69,7,3,"(69, 7, 3)"
7MQ9_1_L2.npy,215,7,3,"(215, 7, 3)"
7YGD_1_N.npy,384,7,3,"(384, 7, 3)"
5X8T_1_W.npy,102,7,3,"(102, 7, 3)"
8Y0W_1_L5.npy,3666,7,3,"(3666, 7, 3)"
6OXA_1_YA.npy,2875,7,3,"(2875, 7, 3)"
8G61_1_S2.npy,1597,7,3,"(1597, 7, 3)"
8P6P_1_Y.npy,21,7,3,"(21, 7, 3)"
8G60_1_S2.npy,1569,7,3,"(1569, 7, 3)"
4V7L_1_CA.npy,1495,7,3,"(1495, 7, 3)"
8A5I_1_B.npy,114,7,3,"(114, 7, 3)"
6AZ1_1_1.npy,1724,7,3,"(1724, 7, 3)"
6GSL_1_3L.npy,74,7,3,"(74, 7, 3)"
9DR1_1_R.npy,21,7,3,"(21, 7, 3)"
8FNC_1_m.npy,17,7,3,"(17, 7, 3)"
7Y7Q_1_E.npy,6,7,3,"(6, 7, 3)"
4WRA_1_3L.npy,83,7,3,"(83, 7, 3)"
6E7L_1_A.npy,22,7,3,"(22, 7, 3)"
7K5I_1_2.npy,1665,7,3,"(1665, 7, 3)"
3V6Y_1_B.npy,11,7,3,"(11, 7, 3)"
7V2O_1_A.npy,1487,7,3,"(1487, 7, 3)"
5VPO_1_XV.npy,17,7,3,"(17, 7, 3)"
8QH3_1_C.npy,11,7,3,"(11, 7, 3)"
5T5H_1_E.npy,146,7,3,"(146, 7, 3)"
8A3W_1_7.npy,157,7,3,"(157, 7, 3)"
7MDL_1_E.npy,84,7,3,"(84, 7, 3)"
7AS8_1_2.npy,73,7,3,"(73, 7, 3)"
8CSQ_1_A.npy,802,7,3,"(802, 7, 3)"
7OEB_1_E.npy,6,7,3,"(6, 7, 3)"
4V5N_1_BA.npy,2901,7,3,"(2901, 7, 3)"
6XKO_1_A.npy,94,7,3,"(94, 7, 3)"
7BGE_1_a.npy,465,7,3,"(465, 7, 3)"
3TUP_1_T.npy,74,7,3,"(74, 7, 3)"
4V5K_1_CX.npy,8,7,3,"(8, 7, 3)"
8Y6O_1_B.npy,109,7,3,"(109, 7, 3)"
7OPC_1_P.npy,21,7,3,"(21, 7, 3)"
7LS2_1_m2.npy,1708,7,3,"(1708, 7, 3)"
6WU9_1_A.npy,2739,7,3,"(2739, 7, 3)"
8PM4_1_B.npy,52,7,3,"(52, 7, 3)"
8J62_1_Y.npy,19,7,3,"(19, 7, 3)"
8PEG_1_X.npy,72,7,3,"(72, 7, 3)"
6XU8_1_B2.npy,1936,7,3,"(1936, 7, 3)"
8H8E_1_G.npy,75,7,3,"(75, 7, 3)"
5IBB_1_1H.npy,2841,7,3,"(2841, 7, 3)"
6V5C_1_D.npy,66,7,3,"(66, 7, 3)"
6B14_1_R.npy,83,7,3,"(83, 7, 3)"
6W77_1_A.npy,1519,7,3,"(1519, 7, 3)"
3CCQ_1_0.npy,2749,7,3,"(2749, 7, 3)"
6QNR_1_1H.npy,2879,7,3,"(2879, 7, 3)"
3J6B_1_e.npy,20,7,3,"(20, 7, 3)"
6BK8_1_5.npy,103,7,3,"(103, 7, 3)"
5XYU_1_A.npy,1379,7,3,"(1379, 7, 3)"
8IBW_1_D.npy,39,7,3,"(39, 7, 3)"
8SXT_1_C.npy,11,7,3,"(11, 7, 3)"
7OF5_1_A.npy,1386,7,3,"(1386, 7, 3)"
3JBV_1_a.npy,117,7,3,"(117, 7, 3)"
5ONH_1_E.npy,83,7,3,"(83, 7, 3)"
8SYI_1_R.npy,17,7,3,"(17, 7, 3)"
4WQ1_1_13.npy,1498,7,3,"(1498, 7, 3)"
5CCX_1_N.npy,76,7,3,"(76, 7, 3)"
8GKH_1_W.npy,76,7,3,"(76, 7, 3)"
5LZE_1_A.npy,2876,7,3,"(2876, 7, 3)"
4ZER_1_2A.npy,2858,7,3,"(2858, 7, 3)"
6ND6_1_1y.npy,68,7,3,"(68, 7, 3)"
7TRA_1_R.npy,44,7,3,"(44, 7, 3)"
6OTR_1_YA.npy,2878,7,3,"(2878, 7, 3)"
8D2N_1_B.npy,92,7,3,"(92, 7, 3)"
8YB6_1_C.npy,61,7,3,"(61, 7, 3)"
8PFQ_1_B.npy,11,7,3,"(11, 7, 3)"
7A5J_1_A.npy,1492,7,3,"(1492, 7, 3)"
5X2H_1_B.npy,93,7,3,"(93, 7, 3)"
4A3L_1_P.npy,7,7,3,"(7, 7, 3)"
8PPK_1_2.npy,1685,7,3,"(1685, 7, 3)"
5DE8_1_C.npy,35,7,3,"(35, 7, 3)"
8X5V_1_B.npy,106,7,3,"(106, 7, 3)"
6OL3_1_C.npy,111,7,3,"(111, 7, 3)"
6BZ7_1_XA.npy,1500,7,3,"(1500, 7, 3)"
2JLT_1_A.npy,17,7,3,"(17, 7, 3)"
6T3N_1_A.npy,394,7,3,"(394, 7, 3)"
4FAQ_1_A.npy,396,7,3,"(396, 7, 3)"
5T5H_1_G.npy,120,7,3,"(120, 7, 3)"
4UJE_1_B1.npy,1742,7,3,"(1742, 7, 3)"
8R3V_1_X2.npy,67,7,3,"(67, 7, 3)"
6ICZ_1_B.npy,97,7,3,"(97, 7, 3)"
8ZDY_1_L.npy,58,7,3,"(58, 7, 3)"
4TVX_1_X.npy,59,7,3,"(59, 7, 3)"
6ZJ3_1_LJ.npy,154,7,3,"(154, 7, 3)"
8QCF_1_N.npy,34,7,3,"(34, 7, 3)"
8Z8N_1_D.npy,11,7,3,"(11, 7, 3)"
6WYB_1_B.npy,11,7,3,"(11, 7, 3)"
7AAV_1_5.npy,69,7,3,"(69, 7, 3)"
5T2C_1_AA.npy,1757,7,3,"(1757, 7, 3)"
8G9S_1_O.npy,42,7,3,"(42, 7, 3)"
5VSU_1_I.npy,72,7,3,"(72, 7, 3)"
5HJZ_1_C.npy,4,7,3,"(4, 7, 3)"
6IV6_1_G.npy,26,7,3,"(26, 7, 3)"
8OVE_1_BG.npy,183,7,3,"(183, 7, 3)"
1AQ3_1_S.npy,12,7,3,"(12, 7, 3)"
4AOB_1_A.npy,94,7,3,"(94, 7, 3)"
6ZDP_1_B.npy,67,7,3,"(67, 7, 3)"
7MQ9_1_L0.npy,242,7,3,"(242, 7, 3)"
6ZQE_1_D3.npy,1447,7,3,"(1447, 7, 3)"
6E8T_1_A.npy,36,7,3,"(36, 7, 3)"
6B3K_1_R.npy,83,7,3,"(83, 7, 3)"
6ZQD_1_D3.npy,1409,7,3,"(1409, 7, 3)"
6G18_1_2.npy,1658,7,3,"(1658, 7, 3)"
4V4X_1_AD.npy,76,7,3,"(76, 7, 3)"
8OVA_1_AA.npy,1885,7,3,"(1885, 7, 3)"
8K0S_1_C.npy,543,7,3,"(543, 7, 3)"
7ASA_1_2.npy,34,7,3,"(34, 7, 3)"
7ECJ_1_C.npy,11,7,3,"(11, 7, 3)"
3NDB_1_M.npy,136,7,3,"(136, 7, 3)"
6I7O_1_YQ.npy,3127,7,3,"(3127, 7, 3)"
3J5L_1_A.npy,2853,7,3,"(2853, 7, 3)"
7NHK_1_a.npy,1517,7,3,"(1517, 7, 3)"
7MKA_1_r.npy,16,7,3,"(16, 7, 3)"
5ZQ1_1_B.npy,7,7,3,"(7, 7, 3)"
8PJ6_1_w.npy,73,7,3,"(73, 7, 3)"
5YKI_1_C.npy,9,7,3,"(9, 7, 3)"
8CX1_1_L.npy,8,7,3,"(8, 7, 3)"
8FUK_1_1.npy,60,7,3,"(60, 7, 3)"
8FOM_1_QV.npy,66,7,3,"(66, 7, 3)"
6ALF_1_R.npy,12,7,3,"(12, 7, 3)"
8ETG_1_6.npy,62,7,3,"(62, 7, 3)"
5LYV_1_B.npy,56,7,3,"(56, 7, 3)"
5F5F_1_H.npy,20,7,3,"(20, 7, 3)"
8HKU_1_A23S.npy,2995,7,3,"(2995, 7, 3)"
7LJ3_1_C.npy,75,7,3,"(75, 7, 3)"
7JRT_1_A.npy,134,7,3,"(134, 7, 3)"
4ERJ_1_A.npy,161,7,3,"(161, 7, 3)"
7JIL_1_2.npy,1475,7,3,"(1475, 7, 3)"
8PJ6_1_A.npy,1690,7,3,"(1690, 7, 3)"
8OKD_1_C.npy,70,7,3,"(70, 7, 3)"
7OGM_1_P.npy,49,7,3,"(49, 7, 3)"
6OSI_1_QA.npy,1511,7,3,"(1511, 7, 3)"
4BWM_1_G.npy,14,7,3,"(14, 7, 3)"
6SY4_1_C.npy,37,7,3,"(37, 7, 3)"
7OID_1_z.npy,73,7,3,"(73, 7, 3)"
8R3V_1_A1.npy,1532,7,3,"(1532, 7, 3)"
1K01_1_A.npy,2774,7,3,"(2774, 7, 3)"
7U0Y_1_R.npy,66,7,3,"(66, 7, 3)"
6S13_1_a.npy,1539,7,3,"(1539, 7, 3)"
7MQ8_1_L1.npy,1301,7,3,"(1301, 7, 3)"
7Z4G_1_A.npy,91,7,3,"(91, 7, 3)"
5W4K_1_2y.npy,67,7,3,"(67, 7, 3)"
8OVE_1_BF.npy,69,7,3,"(69, 7, 3)"
4FRG_1_B.npy,84,7,3,"(84, 7, 3)"
8Z8N_1_E.npy,4,7,3,"(4, 7, 3)"
5LZY_1_hh.npy,8,7,3,"(8, 7, 3)"
7CPV_1_S2.npy,1637,7,3,"(1637, 7, 3)"
4Z31_1_F.npy,15,7,3,"(15, 7, 3)"
8K28_1_P.npy,59,7,3,"(59, 7, 3)"
6Y0T_1_B.npy,27,7,3,"(27, 7, 3)"
2CKY_1_A.npy,77,7,3,"(77, 7, 3)"
5BZ1_1_B.npy,10,7,3,"(10, 7, 3)"
8KAB_1_A.npy,3111,7,3,"(3111, 7, 3)"
6BUW_1_QA.npy,1500,7,3,"(1500, 7, 3)"
8A3W_1_4.npy,157,7,3,"(157, 7, 3)"
6H0R_1_B.npy,31,7,3,"(31, 7, 3)"
6RH3_1_R.npy,9,7,3,"(9, 7, 3)"
6BZ7_1_XW.npy,76,7,3,"(76, 7, 3)"
8PV8_1_C4.npy,115,7,3,"(115, 7, 3)"
7B5K_1_z.npy,76,7,3,"(76, 7, 3)"
8QOA_1_A.npy,1510,7,3,"(1510, 7, 3)"
7XTI_1_P.npy,19,7,3,"(19, 7, 3)"
8CA7_1_A.npy,498,7,3,"(498, 7, 3)"
8DWJ_1_P.npy,4,7,3,"(4, 7, 3)"
6SQN_1_Z.npy,16,7,3,"(16, 7, 3)"
5IT9_1_i.npy,192,7,3,"(192, 7, 3)"
3ZJU_1_B.npy,79,7,3,"(79, 7, 3)"
8P03_1_2.npy,1742,7,3,"(1742, 7, 3)"
8HZJ_1_A.npy,35,7,3,"(35, 7, 3)"
4X4Q_1_D.npy,30,7,3,"(30, 7, 3)"
4YB1_1_R.npy,91,7,3,"(91, 7, 3)"
4WQ1_1_3L.npy,68,7,3,"(68, 7, 3)"
8FRU_1_3.npy,117,7,3,"(117, 7, 3)"
8TJU_1_A.npy,409,7,3,"(409, 7, 3)"
8UB8_1_I.npy,116,7,3,"(116, 7, 3)"
3G96_1_P.npy,140,7,3,"(140, 7, 3)"
6E81_1_A.npy,36,7,3,"(36, 7, 3)"
5NDJ_1_13.npy,1508,7,3,"(1508, 7, 3)"
4FRN_1_A.npy,102,7,3,"(102, 7, 3)"
7LMA_1_B.npy,156,7,3,"(156, 7, 3)"
5K78_1_y.npy,5,7,3,"(5, 7, 3)"
3JBV_1_W.npy,75,7,3,"(75, 7, 3)"
5BTP_1_B.npy,62,7,3,"(62, 7, 3)"
9ASQ_1_E.npy,100,7,3,"(100, 7, 3)"
6UFM_1_B.npy,98,7,3,"(98, 7, 3)"
9FQ0_1_1.npy,298,7,3,"(298, 7, 3)"
7NKY_1_P.npy,16,7,3,"(16, 7, 3)"
4V9D_1_DA.npy,2896,7,3,"(2896, 7, 3)"
8BUU_1_A.npy,2850,7,3,"(2850, 7, 3)"
7O80_1_AT.npy,84,7,3,"(84, 7, 3)"
8BR8_1_Lu.npy,57,7,3,"(57, 7, 3)"
6DU4_1_B.npy,29,7,3,"(29, 7, 3)"
7O81_1_AT.npy,73,7,3,"(73, 7, 3)"
4C8Z_1_C.npy,14,7,3,"(14, 7, 3)"
8HL5_1_A23S.npy,2991,7,3,"(2991, 7, 3)"
3ADD_1_D.npy,88,7,3,"(88, 7, 3)"
5T7V_1_B.npy,2768,7,3,"(2768, 7, 3)"
6DTD_1_C.npy,37,7,3,"(37, 7, 3)"
9GUS_1_X.npy,18,7,3,"(18, 7, 3)"
6YS3_1_b.npy,2888,7,3,"(2888, 7, 3)"
8APN_1_B4.npy,337,7,3,"(337, 7, 3)"
3GTM_1_M.npy,12,7,3,"(12, 7, 3)"
8P4B_1_P.npy,22,7,3,"(22, 7, 3)"
8JH3_1_P.npy,13,7,3,"(13, 7, 3)"
4WKR_1_C.npy,5,7,3,"(5, 7, 3)"
4V83_1_DA.npy,2760,7,3,"(2760, 7, 3)"
8D49_1_B.npy,26,7,3,"(26, 7, 3)"
8J9G_1_E.npy,12,7,3,"(12, 7, 3)"
8R3Z_1_B.npy,6,7,3,"(6, 7, 3)"
4W5N_1_B.npy,18,7,3,"(18, 7, 3)"
5IB8_1_1L.npy,64,7,3,"(64, 7, 3)"
8E3I_1_E.npy,7,7,3,"(7, 7, 3)"
5LL6_1_2.npy,1325,7,3,"(1325, 7, 3)"
6N5N_1_A.npy,124,7,3,"(124, 7, 3)"
7PYK_1_R.npy,10,7,3,"(10, 7, 3)"
4WF9_1_X.npy,2712,7,3,"(2712, 7, 3)"
7U0H_1_6.npy,59,7,3,"(59, 7, 3)"
8QSJ_1_A.npy,1418,7,3,"(1418, 7, 3)"
4QU7_1_V.npy,4,7,3,"(4, 7, 3)"
8KAG_1_A.npy,98,7,3,"(98, 7, 3)"
8HKX_1_A16S.npy,1491,7,3,"(1491, 7, 3)"
5OOL_1_A.npy,1441,7,3,"(1441, 7, 3)"
7XFZ_1_E.npy,42,7,3,"(42, 7, 3)"
2Z75_1_B.npy,123,7,3,"(123, 7, 3)"
6UFH_1_B.npy,76,7,3,"(76, 7, 3)"
8PSU_1_V.npy,14,7,3,"(14, 7, 3)"
7UCK_1_2.npy,71,7,3,"(71, 7, 3)"
7AZS_1_16SB.npy,1495,7,3,"(1495, 7, 3)"
4XW7_1_A.npy,64,7,3,"(64, 7, 3)"
8E74_1_R.npy,32,7,3,"(32, 7, 3)"
9G8P_1_X.npy,44,7,3,"(44, 7, 3)"
1MJI_1_D.npy,34,7,3,"(34, 7, 3)"
8G5P_1_R.npy,17,7,3,"(17, 7, 3)"
7OSA_1_18S.npy,1717,7,3,"(1717, 7, 3)"
8FEQ_1_AAA.npy,14,7,3,"(14, 7, 3)"
8OEQ_1_1.npy,3217,7,3,"(3217, 7, 3)"
8VM8_1_R.npy,93,7,3,"(93, 7, 3)"
7NQ4_1_C.npy,20,7,3,"(20, 7, 3)"
7A5K_1_A3.npy,1503,7,3,"(1503, 7, 3)"
7QP6_1_7.npy,20,7,3,"(20, 7, 3)"
8C99_1_A.npy,945,7,3,"(945, 7, 3)"
8H2H_1_B.npy,12,7,3,"(12, 7, 3)"
4B5R_1_A.npy,94,7,3,"(94, 7, 3)"
5TF6_1_D.npy,52,7,3,"(52, 7, 3)"
6VRD_1_B.npy,20,7,3,"(20, 7, 3)"
6CC1_1_B.npy,100,7,3,"(100, 7, 3)"
8PDS_1_E.npy,14,7,3,"(14, 7, 3)"
9BCT_1_7.npy,29,7,3,"(29, 7, 3)"
7OID_1_A.npy,1472,7,3,"(1472, 7, 3)"
7YG8_1_N.npy,387,7,3,"(387, 7, 3)"
5JBG_1_X.npy,22,7,3,"(22, 7, 3)"
6OVR_1_I.npy,7,7,3,"(7, 7, 3)"
7UVW_1_A.npy,2707,7,3,"(2707, 7, 3)"
8VAJ_1_F.npy,11,7,3,"(11, 7, 3)"
5GAM_1_W.npy,25,7,3,"(25, 7, 3)"
6GSL_1_1K.npy,65,7,3,"(65, 7, 3)"
1H4Q_1_T.npy,65,7,3,"(65, 7, 3)"
5WT1_1_F.npy,68,7,3,"(68, 7, 3)"
7P3K_1_A.npy,1509,7,3,"(1509, 7, 3)"
8P6P_1_7.npy,30,7,3,"(30, 7, 3)"
4FSJ_1_R.npy,14,7,3,"(14, 7, 3)"
6WOX_1_I.npy,3,7,3,"(3, 7, 3)"
8AGW_1_x.npy,74,7,3,"(74, 7, 3)"
3R2C_1_R.npy,9,7,3,"(9, 7, 3)"
4NYG_1_A.npy,78,7,3,"(78, 7, 3)"
8EYU_1_B.npy,45,7,3,"(45, 7, 3)"
8WAX_1_Z.npy,12,7,3,"(12, 7, 3)"
8OGJ_1_4.npy,158,7,3,"(158, 7, 3)"
1E8S_1_C.npy,86,7,3,"(86, 7, 3)"
6GFW_1_R.npy,4,7,3,"(4, 7, 3)"
8SFP_1_B.npy,39,7,3,"(39, 7, 3)"
6FUW_1_D.npy,8,7,3,"(8, 7, 3)"
5VM9_1_B.npy,13,7,3,"(13, 7, 3)"
8P1N_1_B.npy,5,7,3,"(5, 7, 3)"
4JI4_1_A.npy,1498,7,3,"(1498, 7, 3)"
6S0Z_1_B.npy,114,7,3,"(114, 7, 3)"
7N2V_1_Pt.npy,71,7,3,"(71, 7, 3)"
2IX1_1_B.npy,13,7,3,"(13, 7, 3)"
6CAR_1_A.npy,1497,7,3,"(1497, 7, 3)"
7TO2_1_B.npy,30,7,3,"(30, 7, 3)"
5ZSC_1_D.npy,4,7,3,"(4, 7, 3)"
7AE3_1_R.npy,6,7,3,"(6, 7, 3)"
8APN_1_C1.npy,73,7,3,"(73, 7, 3)"
7QVP_1_S2.npy,1714,7,3,"(1714, 7, 3)"
8HIM_1_P.npy,11,7,3,"(11, 7, 3)"
4V6I_1_DC.npy,118,7,3,"(118, 7, 3)"
5E81_1_1H.npy,2885,7,3,"(2885, 7, 3)"
6Q97_1_4.npy,334,7,3,"(334, 7, 3)"
5T7V_1_C.npy,114,7,3,"(114, 7, 3)"
8DFV_1_E.npy,60,7,3,"(60, 7, 3)"
8RZA_1_B.npy,3,7,3,"(3, 7, 3)"
2VPL_1_B.npy,48,7,3,"(48, 7, 3)"
8P7Y_1_4.npy,108,7,3,"(108, 7, 3)"
4TUW_1_C.npy,28,7,3,"(28, 7, 3)"
7A9X_1_B.npy,13,7,3,"(13, 7, 3)"
2BS1_1_R.npy,12,7,3,"(12, 7, 3)"
8HHL_1_B.npy,49,7,3,"(49, 7, 3)"
5O1Y_1_B.npy,4,7,3,"(4, 7, 3)"
5YTX_1_B.npy,4,7,3,"(4, 7, 3)"
6ZXF_1_2.npy,1656,7,3,"(1656, 7, 3)"
8RDW_1_Z2.npy,2729,7,3,"(2729, 7, 3)"
7V93_1_B.npy,72,7,3,"(72, 7, 3)"
6QNR_1_13.npy,1504,7,3,"(1504, 7, 3)"
8B2L_1_h1.npy,1545,7,3,"(1545, 7, 3)"
4DV1_1_A.npy,1498,7,3,"(1498, 7, 3)"
8J72_1_C.npy,9,7,3,"(9, 7, 3)"
8ANA_1_a.npy,2714,7,3,"(2714, 7, 3)"
4V48_1_BA.npy,1487,7,3,"(1487, 7, 3)"
2DER_1_D.npy,71,7,3,"(71, 7, 3)"
7PWF_1_2.npy,1340,7,3,"(1340, 7, 3)"
7PO4_1_A.npy,1145,7,3,"(1145, 7, 3)"
5ZSB_1_C.npy,5,7,3,"(5, 7, 3)"
6ZM6_1_w.npy,68,7,3,"(68, 7, 3)"
6QNR_1_1G.npy,1501,7,3,"(1501, 7, 3)"
7UO1_1_C.npy,82,7,3,"(82, 7, 3)"
8WND_1_R.npy,70,7,3,"(70, 7, 3)"
7VTI_1_B.npy,40,7,3,"(40, 7, 3)"
5ZWN_1_P.npy,480,7,3,"(480, 7, 3)"
8UB8_1_G.npy,14,7,3,"(14, 7, 3)"
8YOO_1_S2.npy,1719,7,3,"(1719, 7, 3)"
3Q3Z_1_A.npy,74,7,3,"(74, 7, 3)"
5T7V_1_A.npy,1419,7,3,"(1419, 7, 3)"
8XSY_1_CC.npy,69,7,3,"(69, 7, 3)"
5C5W_1_A.npy,19,7,3,"(19, 7, 3)"
1C0A_1_B.npy,68,7,3,"(68, 7, 3)"
8PTJ_1_D.npy,6,7,3,"(6, 7, 3)"
4YCP_1_B.npy,62,7,3,"(62, 7, 3)"
6YS3_1_v.npy,75,7,3,"(75, 7, 3)"
3CPW_1_0.npy,2754,7,3,"(2754, 7, 3)"
7AQC_1_A.npy,2820,7,3,"(2820, 7, 3)"
8P7X_1_3.npy,2890,7,3,"(2890, 7, 3)"
7OG4_1_XA.npy,1498,7,3,"(1498, 7, 3)"
8H7Q_1_D.npy,36,7,3,"(36, 7, 3)"
4E8R_1_A.npy,393,7,3,"(393, 7, 3)"
4KR2_1_C.npy,68,7,3,"(68, 7, 3)"
8G1I_1_B.npy,98,7,3,"(98, 7, 3)"
5ZWO_1_B.npy,175,7,3,"(175, 7, 3)"
6OGF_1_5.npy,73,7,3,"(73, 7, 3)"
1QZB_1_B.npy,75,7,3,"(75, 7, 3)"
5JB3_1_2.npy,1495,7,3,"(1495, 7, 3)"
5NXT_1_U.npy,18,7,3,"(18, 7, 3)"
8CST_1_A.npy,886,7,3,"(886, 7, 3)"
7WL0_1_B.npy,7,7,3,"(7, 7, 3)"
5T5H_1_H.npy,91,7,3,"(91, 7, 3)"
8OEQ_1_CM.npy,1726,7,3,"(1726, 7, 3)"
7BPG_1_A.npy,7,7,3,"(7, 7, 3)"
6XIQ_1_3.npy,121,7,3,"(121, 7, 3)"
8HKV_1_A23S.npy,2989,7,3,"(2989, 7, 3)"
7MLJ_1_I.npy,4,7,3,"(4, 7, 3)"
6ID1_1_B.npy,98,7,3,"(98, 7, 3)"
7Q4K_1_D3.npy,68,7,3,"(68, 7, 3)"
8P6P_1_5.npy,1502,7,3,"(1502, 7, 3)"
6UZ7_1_3.npy,76,7,3,"(76, 7, 3)"
7A0R_1_X.npy,2730,7,3,"(2730, 7, 3)"
6GC7_1_A.npy,1901,7,3,"(1901, 7, 3)"
6CIH_1_A.npy,616,7,3,"(616, 7, 3)"
7WWU_1_M.npy,50,7,3,"(50, 7, 3)"
4WSM_1_1L.npy,83,7,3,"(83, 7, 3)"
3NVI_1_F.npy,24,7,3,"(24, 7, 3)"
5FKG_1_A.npy,94,7,3,"(94, 7, 3)"
8VM9_1_C.npy,85,7,3,"(85, 7, 3)"
1E7K_1_C.npy,17,7,3,"(17, 7, 3)"
5WWF_1_B.npy,10,7,3,"(10, 7, 3)"
4V92_1_AZ.npy,190,7,3,"(190, 7, 3)"
6UFH_1_A.npy,165,7,3,"(165, 7, 3)"
8G5Z_1_S2.npy,1616,7,3,"(1616, 7, 3)"
6AR3_1_C.npy,14,7,3,"(14, 7, 3)"
8OVA_1_BB.npy,1071,7,3,"(1071, 7, 3)"
8EIU_1_Z.npy,74,7,3,"(74, 7, 3)"
7TRE_1_B.npy,217,7,3,"(217, 7, 3)"
5NDG_1_2.npy,1688,7,3,"(1688, 7, 3)"
7NAT_1_A.npy,1422,7,3,"(1422, 7, 3)"
8S95_1_C.npy,146,7,3,"(146, 7, 3)"
8I0P_1_G.npy,63,7,3,"(63, 7, 3)"
6EML_1_2.npy,1675,7,3,"(1675, 7, 3)"
6NU3_1_AA.npy,923,7,3,"(923, 7, 3)"
7OX8_1_A.npy,84,7,3,"(84, 7, 3)"
7EEM_1_A.npy,26,7,3,"(26, 7, 3)"
8R09_1_4.npy,128,7,3,"(128, 7, 3)"
8R09_1_5.npy,112,7,3,"(112, 7, 3)"
7AIH_1_1.npy,1087,7,3,"(1087, 7, 3)"
5IB7_1_1G.npy,1508,7,3,"(1508, 7, 3)"
9GR1_1_A.npy,1502,7,3,"(1502, 7, 3)"
6CC1_1_A.npy,94,7,3,"(94, 7, 3)"
3J3W_1_A.npy,2685,7,3,"(2685, 7, 3)"
8E28_1_C.npy,15,7,3,"(15, 7, 3)"
8Q87_1_A2.npy,1657,7,3,"(1657, 7, 3)"
7D0G_1_A.npy,714,7,3,"(714, 7, 3)"
3G9C_1_S.npy,139,7,3,"(139, 7, 3)"
8JIW_1_Ad.npy,1525,7,3,"(1525, 7, 3)"
7QIX_1_2.npy,1060,7,3,"(1060, 7, 3)"
5T7B_1_R.npy,10,7,3,"(10, 7, 3)"
7NT5_1_N.npy,78,7,3,"(78, 7, 3)"
8QU1_1_A.npy,938,7,3,"(938, 7, 3)"
4P9R_1_A.npy,189,7,3,"(189, 7, 3)"
6CYT_1_N.npy,17,7,3,"(17, 7, 3)"
6GSL_1_1H.npy,2895,7,3,"(2895, 7, 3)"
6UU4_1_333.npy,3,7,3,"(3, 7, 3)"
6ZMO_1_CB.npy,87,7,3,"(87, 7, 3)"
8WUU_1_B.npy,111,7,3,"(111, 7, 3)"
7Q4K_1_D2.npy,64,7,3,"(64, 7, 3)"
6MPF_1_A.npy,1508,7,3,"(1508, 7, 3)"
8WCS_1_G.npy,66,7,3,"(66, 7, 3)"
8OGJ_1_A.npy,1674,7,3,"(1674, 7, 3)"
4UN4_1_A.npy,82,7,3,"(82, 7, 3)"
6LVR_1_B.npy,58,7,3,"(58, 7, 3)"
6XZ7_1_g.npy,61,7,3,"(61, 7, 3)"
8OM2_1_r.npy,1486,7,3,"(1486, 7, 3)"
7NSJ_1_AY.npy,71,7,3,"(71, 7, 3)"
3WC2_1_Q.npy,73,7,3,"(73, 7, 3)"
8C90_1_A.npy,2100,7,3,"(2100, 7, 3)"
2Y95_1_A.npy,14,7,3,"(14, 7, 3)"
4WFL_1_A.npy,105,7,3,"(105, 7, 3)"
4Y1N_1_A.npy,249,7,3,"(249, 7, 3)"
6WDI_1_7.npy,73,7,3,"(73, 7, 3)"
8QUE_1_H.npy,6,7,3,"(6, 7, 3)"
7ODS_1_A.npy,1414,7,3,"(1414, 7, 3)"
8BHF_1_21.npy,76,7,3,"(76, 7, 3)"
6NQB_1_A.npy,1341,7,3,"(1341, 7, 3)"
8OH6_1_1.npy,3219,7,3,"(3219, 7, 3)"
7O0G_1_E.npy,17,7,3,"(17, 7, 3)"
7PWG_1_w.npy,14,7,3,"(14, 7, 3)"
5WTI_1_B.npy,115,7,3,"(115, 7, 3)"
6HRM_1_1.npy,4417,7,3,"(4417, 7, 3)"
8FFY_1_C.npy,61,7,3,"(61, 7, 3)"
1I95_1_A.npy,1514,7,3,"(1514, 7, 3)"
7CXN_1_L.npy,6,7,3,"(6, 7, 3)"
8OLV_1_A.npy,394,7,3,"(394, 7, 3)"
8R8R_1_E.npy,6,7,3,"(6, 7, 3)"
8VMA_1_R.npy,88,7,3,"(88, 7, 3)"
6EM5_1_1.npy,2438,7,3,"(2438, 7, 3)"
8UBD_1_I.npy,123,7,3,"(123, 7, 3)"
6Q97_1_7.npy,77,7,3,"(77, 7, 3)"
5VJB_1_C.npy,15,7,3,"(15, 7, 3)"
8CBM_1_T.npy,66,7,3,"(66, 7, 3)"
6YRB_1_D.npy,5,7,3,"(5, 7, 3)"
6D8N_1_B.npy,159,7,3,"(159, 7, 3)"
8DMB_1_W.npy,237,7,3,"(237, 7, 3)"
7DVQ_1_B.npy,90,7,3,"(90, 7, 3)"
4D25_1_D.npy,6,7,3,"(6, 7, 3)"
8QPE_1_4.npy,63,7,3,"(63, 7, 3)"
8U60_1_A.npy,36,7,3,"(36, 7, 3)"
7JYY_1_F.npy,4,7,3,"(4, 7, 3)"
4NXN_1_A.npy,1499,7,3,"(1499, 7, 3)"
6ZM6_1_A.npy,1531,7,3,"(1531, 7, 3)"
8WA0_1_S.npy,9,7,3,"(9, 7, 3)"
5IBB_1_14.npy,2810,7,3,"(2810, 7, 3)"
8GAP_1_B.npy,159,7,3,"(159, 7, 3)"
6QNR_1_14.npy,2865,7,3,"(2865, 7, 3)"
8UBE_1_H.npy,17,7,3,"(17, 7, 3)"
8UI0_1_P.npy,16,7,3,"(16, 7, 3)"
8RO1_1_5.npy,111,7,3,"(111, 7, 3)"
4V4S_1_BA.npy,2814,7,3,"(2814, 7, 3)"
8CI5_1_C.npy,11,7,3,"(11, 7, 3)"
8IBZ_1_E.npy,180,7,3,"(180, 7, 3)"
4KR3_1_C.npy,69,7,3,"(69, 7, 3)"
9BW0_1_R.npy,9,7,3,"(9, 7, 3)"
6BLO_1_R.npy,8,7,3,"(8, 7, 3)"
2Q1R_1_A.npy,12,7,3,"(12, 7, 3)"
5NZ6_1_A.npy,39,7,3,"(39, 7, 3)"
7UU4_1_R.npy,6,7,3,"(6, 7, 3)"
8PJB_1_C.npy,9,7,3,"(9, 7, 3)"
6U6Y_1_G.npy,3,7,3,"(3, 7, 3)"
7RR5_1_A.npy,76,7,3,"(76, 7, 3)"
3FOZ_1_C.npy,74,7,3,"(74, 7, 3)"
5WQE_1_B.npy,60,7,3,"(60, 7, 3)"
7XD5_1_N.npy,400,7,3,"(400, 7, 3)"
7F36_1_E.npy,73,7,3,"(73, 7, 3)"
5GAE_1_A.npy,2884,7,3,"(2884, 7, 3)"
4V95_1_DA.npy,2722,7,3,"(2722, 7, 3)"
4X4T_1_B.npy,31,7,3,"(31, 7, 3)"
4XBF_1_D.npy,5,7,3,"(5, 7, 3)"
8C3A_1_AS.npy,3229,7,3,"(3229, 7, 3)"
8G5M_1_R.npy,22,7,3,"(22, 7, 3)"
7QWQ_1_1.npy,167,7,3,"(167, 7, 3)"
6GSL_1_1L.npy,67,7,3,"(67, 7, 3)"
8PNF_1_A.npy,14,7,3,"(14, 7, 3)"
7QR1_1_A.npy,83,7,3,"(83, 7, 3)"
4V7M_1_AA.npy,1495,7,3,"(1495, 7, 3)"
9G8M_1_X.npy,194,7,3,"(194, 7, 3)"
6TPQ_1_V.npy,123,7,3,"(123, 7, 3)"
8DVS_1_B.npy,26,7,3,"(26, 7, 3)"
8QO9_1_Z.npy,46,7,3,"(46, 7, 3)"
7NAU_1_A.npy,1514,7,3,"(1514, 7, 3)"
6R7G_1_R.npy,69,7,3,"(69, 7, 3)"
3R1D_1_E.npy,10,7,3,"(10, 7, 3)"
5LM7_1_G.npy,27,7,3,"(27, 7, 3)"
8EY8_1_B.npy,4,7,3,"(4, 7, 3)"
8HUJ_1_C.npy,99,7,3,"(99, 7, 3)"
8CSU_1_A.npy,881,7,3,"(881, 7, 3)"
8DFO_1_L.npy,45,7,3,"(45, 7, 3)"
3E2E_1_R.npy,7,7,3,"(7, 7, 3)"
2IZN_1_R.npy,15,7,3,"(15, 7, 3)"
7KI3_1_C.npy,29,7,3,"(29, 7, 3)"
6GC6_1_A.npy,2092,7,3,"(2092, 7, 3)"
8RFJ_1_H.npy,57,7,3,"(57, 7, 3)"
8WUT_1_B.npy,112,7,3,"(112, 7, 3)"
7KD1_1_A.npy,89,7,3,"(89, 7, 3)"
7NRD_1_S2.npy,1783,7,3,"(1783, 7, 3)"
7P6Z_1_3.npy,2879,7,3,"(2879, 7, 3)"
5IB7_1_14.npy,2826,7,3,"(2826, 7, 3)"
7SA4_1_2.npy,1522,7,3,"(1522, 7, 3)"
2IZN_1_S.npy,11,7,3,"(11, 7, 3)"
6R6G_1_2.npy,75,7,3,"(75, 7, 3)"
4V5A_1_BA.npy,2767,7,3,"(2767, 7, 3)"
8EYT_1_A.npy,1415,7,3,"(1415, 7, 3)"
4WZO_1_1H.npy,2902,7,3,"(2902, 7, 3)"
8B0X_1_A.npy,1489,7,3,"(1489, 7, 3)"
7D0F_1_A.npy,738,7,3,"(738, 7, 3)"
1FKA_1_A.npy,1479,7,3,"(1479, 7, 3)"
3J3V_1_A.npy,2884,7,3,"(2884, 7, 3)"
4V9H_1_AA.npy,1514,7,3,"(1514, 7, 3)"
4YZV_1_XA.npy,1508,7,3,"(1508, 7, 3)"
8HTZ_1_X.npy,69,7,3,"(69, 7, 3)"
2XO1_1_A.npy,65,7,3,"(65, 7, 3)"
8F4O_1_B.npy,65,7,3,"(65, 7, 3)"
8AS6_1_P.npy,14,7,3,"(14, 7, 3)"
5XYM_1_A.npy,2665,7,3,"(2665, 7, 3)"
6T2C_1_V.npy,29,7,3,"(29, 7, 3)"
7YLA_1_I.npy,2870,7,3,"(2870, 7, 3)"
5XOW_1_G.npy,18,7,3,"(18, 7, 3)"
6E9E_1_B.npy,51,7,3,"(51, 7, 3)"
7QIY_1_2.npy,447,7,3,"(447, 7, 3)"
4ZLD_1_B.npy,17,7,3,"(17, 7, 3)"
6KL9_1_G.npy,25,7,3,"(25, 7, 3)"
8PBL_1_R.npy,14,7,3,"(14, 7, 3)"
5IB8_1_1K.npy,66,7,3,"(66, 7, 3)"
7AZS_1_TRNA.npy,67,7,3,"(67, 7, 3)"
5I4A_1_B.npy,14,7,3,"(14, 7, 3)"
7RQ8_1_1w.npy,64,7,3,"(64, 7, 3)"
5VM9_1_D.npy,15,7,3,"(15, 7, 3)"
8JSG_1_g.npy,1539,7,3,"(1539, 7, 3)"
6WPI_1_C.npy,27,7,3,"(27, 7, 3)"
8BH6_1_a.npy,1547,7,3,"(1547, 7, 3)"
8A98_1_S4.npy,19,7,3,"(19, 7, 3)"
7BOG_1_A.npy,1064,7,3,"(1064, 7, 3)"
7P48_1_5.npy,73,7,3,"(73, 7, 3)"
5MWI_1_A.npy,26,7,3,"(26, 7, 3)"
8Y0X_1_L5.npy,3658,7,3,"(3658, 7, 3)"
4R4V_1_A.npy,185,7,3,"(185, 7, 3)"
6SWE_1_2.npy,458,7,3,"(458, 7, 3)"
2VPL_1_D.npy,46,7,3,"(46, 7, 3)"
7ODR_1_A.npy,1417,7,3,"(1417, 7, 3)"
6H4N_1_a.npy,1534,7,3,"(1534, 7, 3)"
6SKF_1_BB.npy,125,7,3,"(125, 7, 3)"
6TED_1_P.npy,21,7,3,"(21, 7, 3)"
8C91_1_A.npy,2077,7,3,"(2077, 7, 3)"
8UBE_1_I.npy,139,7,3,"(139, 7, 3)"
5CKK_1_D.npy,15,7,3,"(15, 7, 3)"
8RXH_1_S1.npy,1798,7,3,"(1798, 7, 3)"
6EM4_1_1.npy,1556,7,3,"(1556, 7, 3)"
6OG7_1_5.npy,75,7,3,"(75, 7, 3)"
5IBB_1_3K.npy,70,7,3,"(70, 7, 3)"
8CVM_1_a.npy,2885,7,3,"(2885, 7, 3)"
7R81_1_B1.npy,120,7,3,"(120, 7, 3)"
8H6E_1_4A.npy,125,7,3,"(125, 7, 3)"
7N31_1_23.npy,2882,7,3,"(2882, 7, 3)"
8WKP_1_A16S.npy,1325,7,3,"(1325, 7, 3)"
7N30_1_23.npy,2879,7,3,"(2879, 7, 3)"
5BZ5_1_B.npy,10,7,3,"(10, 7, 3)"
8P4C_1_P.npy,17,7,3,"(17, 7, 3)"
5O2R_1_x.npy,77,7,3,"(77, 7, 3)"
8RXH_1_S3.npy,75,7,3,"(75, 7, 3)"
6W6V_1_A.npy,294,7,3,"(294, 7, 3)"
4V85_1_BA.npy,2853,7,3,"(2853, 7, 3)"
8J3R_1_C.npy,109,7,3,"(109, 7, 3)"
7QR8_1_A.npy,85,7,3,"(85, 7, 3)"
6D2Z_1_C.npy,2,7,3,"(2, 7, 3)"
8TE0_1_A.npy,15,7,3,"(15, 7, 3)"
8PTZ_1_X.npy,75,7,3,"(75, 7, 3)"
8G9Z_1_E.npy,87,7,3,"(87, 7, 3)"
8WND_1_T.npy,77,7,3,"(77, 7, 3)"
7QI5_1_Ax.npy,70,7,3,"(70, 7, 3)"
7ADB_1_R.npy,17,7,3,"(17, 7, 3)"
9C6J_1_A.npy,387,7,3,"(387, 7, 3)"
5H1S_1_A.npy,2799,7,3,"(2799, 7, 3)"
2C50_1_S.npy,13,7,3,"(13, 7, 3)"
6DU5_1_B.npy,25,7,3,"(25, 7, 3)"
6W7W_1_2.npy,871,7,3,"(871, 7, 3)"
8IPM_1_A.npy,14,7,3,"(14, 7, 3)"
7MLB_1_I.npy,5,7,3,"(5, 7, 3)"
6G51_1_2.npy,1659,7,3,"(1659, 7, 3)"
5H3U_1_C.npy,7,7,3,"(7, 7, 3)"
5E81_1_1L.npy,64,7,3,"(64, 7, 3)"
7QGU_1_A.npy,2923,7,3,"(2923, 7, 3)"
6H5S_1_E.npy,6,7,3,"(6, 7, 3)"
7WTV_1_2.npy,1573,7,3,"(1573, 7, 3)"
5JB3_1_4.npy,72,7,3,"(72, 7, 3)"
8F5G_1_F.npy,26,7,3,"(26, 7, 3)"
8EVT_1_EC.npy,57,7,3,"(57, 7, 3)"
4ANG_1_R.npy,14,7,3,"(14, 7, 3)"
5A0T_1_F.npy,6,7,3,"(6, 7, 3)"
5J8B_1_y.npy,68,7,3,"(68, 7, 3)"
7E8O_1_X.npy,68,7,3,"(68, 7, 3)"
6AZ4_1_A.npy,32,7,3,"(32, 7, 3)"
1FFK_1_0.npy,2706,7,3,"(2706, 7, 3)"
8PM0_1_V.npy,31,7,3,"(31, 7, 3)"
7XSZ_1_P.npy,20,7,3,"(20, 7, 3)"
7WL0_1_D.npy,4,7,3,"(4, 7, 3)"
3J92_1_2.npy,74,7,3,"(74, 7, 3)"
7YOJ_1_B.npy,174,7,3,"(174, 7, 3)"
6VPC_1_A.npy,81,7,3,"(81, 7, 3)"
6W2S_1_0.npy,339,7,3,"(339, 7, 3)"
6OM6_1_1.npy,2883,7,3,"(2883, 7, 3)"
6YMC_1_B.npy,26,7,3,"(26, 7, 3)"
8Q7N_1_6.npy,78,7,3,"(78, 7, 3)"
7MPJ_1_B5.npy,1744,7,3,"(1744, 7, 3)"
3KTV_1_C.npy,107,7,3,"(107, 7, 3)"
3S8U_1_A.npy,26,7,3,"(26, 7, 3)"
3PIP_1_X.npy,2644,7,3,"(2644, 7, 3)"
7ZJW_1_F.npy,90,7,3,"(90, 7, 3)"
6N5O_1_A.npy,125,7,3,"(125, 7, 3)"
7ODF_1_F.npy,43,7,3,"(43, 7, 3)"
2JA6_1_P.npy,10,7,3,"(10, 7, 3)"
7XNX_1_S2.npy,1686,7,3,"(1686, 7, 3)"
7XNY_1_S2.npy,1687,7,3,"(1687, 7, 3)"
6NY5_1_C.npy,13,7,3,"(13, 7, 3)"
6RI7_1_R.npy,10,7,3,"(10, 7, 3)"
8FN2_1_B.npy,112,7,3,"(112, 7, 3)"
6WVJ_1_R.npy,8,7,3,"(8, 7, 3)"
9BDN_1_A18S.npy,1691,7,3,"(1691, 7, 3)"
8FMW_1_AA.npy,2929,7,3,"(2929, 7, 3)"
3JCS_1_2.npy,1093,7,3,"(1093, 7, 3)"
7XAM_1_A.npy,3062,7,3,"(3062, 7, 3)"
6GBZ_1_A.npy,2789,7,3,"(2789, 7, 3)"
6PPK_1_A.npy,2658,7,3,"(2658, 7, 3)"
5LM7_1_R.npy,29,7,3,"(29, 7, 3)"
7YFY_1_B.npy,25,7,3,"(25, 7, 3)"
3VYY_1_G.npy,10,7,3,"(10, 7, 3)"
7OYC_1_22.npy,1495,7,3,"(1495, 7, 3)"
4WZO_1_1K.npy,68,7,3,"(68, 7, 3)"
8JIV_1_Ab.npy,119,7,3,"(119, 7, 3)"
7YSE_1_F.npy,64,7,3,"(64, 7, 3)"
7OYB_1_22.npy,1502,7,3,"(1502, 7, 3)"
8OVA_1_BE.npy,188,7,3,"(188, 7, 3)"
3T5Q_1_J.npy,8,7,3,"(8, 7, 3)"
4XEJ_1_B23S.npy,2876,7,3,"(2876, 7, 3)"
7ECW_1_M.npy,44,7,3,"(44, 7, 3)"
3J3V_1_B.npy,119,7,3,"(119, 7, 3)"
4V6T_1_AV.npy,331,7,3,"(331, 7, 3)"
7MQ9_1_N0.npy,22,7,3,"(22, 7, 3)"
8Q6N_1_A.npy,46,7,3,"(46, 7, 3)"
5WT1_1_C.npy,67,7,3,"(67, 7, 3)"
5Y58_1_Z.npy,30,7,3,"(30, 7, 3)"
8OGJ_1_1.npy,3126,7,3,"(3126, 7, 3)"
2NQP_1_F.npy,71,7,3,"(71, 7, 3)"
3CCU_1_0.npy,2749,7,3,"(2749, 7, 3)"
9C0I_1_R.npy,192,7,3,"(192, 7, 3)"
7YG9_1_N.npy,391,7,3,"(391, 7, 3)"
7OBQ_1_1.npy,165,7,3,"(165, 7, 3)"
6OJ2_1_XY.npy,76,7,3,"(76, 7, 3)"
8EXA_1_B.npy,101,7,3,"(101, 7, 3)"
7AZO_1_PSIA.npy,67,7,3,"(67, 7, 3)"
4ANG_1_S.npy,13,7,3,"(13, 7, 3)"
5IB8_1_1H.npy,2831,7,3,"(2831, 7, 3)"
8AXF_1_Q.npy,42,7,3,"(42, 7, 3)"
2PXV_1_B.npy,49,7,3,"(49, 7, 3)"
2BS0_1_R.npy,12,7,3,"(12, 7, 3)"
8T2S_1_B.npy,551,7,3,"(551, 7, 3)"
8B6Z_1_B.npy,8,7,3,"(8, 7, 3)"
6ZXZ_1_B.npy,25,7,3,"(25, 7, 3)"
4WFM_1_B.npy,101,7,3,"(101, 7, 3)"
8EVS_1_B5.npy,1160,7,3,"(1160, 7, 3)"
6SKG_1_BA.npy,2853,7,3,"(2853, 7, 3)"
4UE5_1_A.npy,299,7,3,"(299, 7, 3)"
6SKF_1_BA.npy,2778,7,3,"(2778, 7, 3)"
4X4P_1_H.npy,28,7,3,"(28, 7, 3)"
4P8Z_1_A.npy,188,7,3,"(188, 7, 3)"
3W3S_1_B.npy,98,7,3,"(98, 7, 3)"
3V71_1_B.npy,7,7,3,"(7, 7, 3)"
8B2L_1_i2.npy,76,7,3,"(76, 7, 3)"
9FBV_1_Z.npy,73,7,3,"(73, 7, 3)"
4V61_1_BA.npy,2732,7,3,"(2732, 7, 3)"
6GYV_1_A.npy,190,7,3,"(190, 7, 3)"
8D8J_1_a.npy,1183,7,3,"(1183, 7, 3)"
5IBB_1_2L.npy,71,7,3,"(71, 7, 3)"
5ELH_1_R.npy,5,7,3,"(5, 7, 3)"
8TOC_1_R.npy,4269,7,3,"(4269, 7, 3)"
8ZLU_1_A.npy,59,7,3,"(59, 7, 3)"
9G8O_1_X.npy,123,7,3,"(123, 7, 3)"
5A8L_1_P.npy,18,7,3,"(18, 7, 3)"
4PJO_1_4.npy,48,7,3,"(48, 7, 3)"
4RQE_1_D.npy,83,7,3,"(83, 7, 3)"
8FZA_1_B.npy,28,7,3,"(28, 7, 3)"
7EDN_1_A.npy,22,7,3,"(22, 7, 3)"
7F3L_1_B.npy,3,7,3,"(3, 7, 3)"
6ZU5_1_L50.npy,2455,7,3,"(2455, 7, 3)"
9G8M_1_L5.npy,3654,7,3,"(3654, 7, 3)"
8OH6_1_CM.npy,1704,7,3,"(1704, 7, 3)"
8ASD_1_P.npy,11,7,3,"(11, 7, 3)"
6QNQ_1_1H.npy,2868,7,3,"(2868, 7, 3)"
6ZYM_1_6.npy,79,7,3,"(79, 7, 3)"
7WWV_1_M.npy,39,7,3,"(39, 7, 3)"
4WR6_1_2K.npy,71,7,3,"(71, 7, 3)"
6BZ6_1_QA.npy,1498,7,3,"(1498, 7, 3)"
4PLX_1_B.npy,71,7,3,"(71, 7, 3)"
6N5Q_1_A.npy,127,7,3,"(127, 7, 3)"
8P2K_1_AT.npy,74,7,3,"(74, 7, 3)"
6MUU_1_G.npy,25,7,3,"(25, 7, 3)"
7YG7_1_U.npy,99,7,3,"(99, 7, 3)"
6RIE_1_P.npy,15,7,3,"(15, 7, 3)"
4GZY_1_R.npy,9,7,3,"(9, 7, 3)"
3JCM_1_E.npy,85,7,3,"(85, 7, 3)"
8FEP_1_AAA.npy,16,7,3,"(16, 7, 3)"
5NCO_1_1.npy,104,7,3,"(104, 7, 3)"
8A3Y_1_P.npy,28,7,3,"(28, 7, 3)"
7ZHG_1_4.npy,18,7,3,"(18, 7, 3)"
4QLN_1_A.npy,117,7,3,"(117, 7, 3)"
6RBE_1_2.npy,1750,7,3,"(1750, 7, 3)"
8FZT_1_B.npy,69,7,3,"(69, 7, 3)"
7QEP_1_3.npy,1295,7,3,"(1295, 7, 3)"
4W2H_1_BA.npy,2822,7,3,"(2822, 7, 3)"
6Y4B_1_F.npy,69,7,3,"(69, 7, 3)"
5OA3_1_2.npy,1661,7,3,"(1661, 7, 3)"
7XD7_1_N.npy,405,7,3,"(405, 7, 3)"
6Z9Q_1_R.npy,9,7,3,"(9, 7, 3)"
6PPQ_1_H.npy,5,7,3,"(5, 7, 3)"
6ZJ3_1_S1.npy,1940,7,3,"(1940, 7, 3)"
8EOE_1_R.npy,15,7,3,"(15, 7, 3)"
4DV2_1_A.npy,1498,7,3,"(1498, 7, 3)"
6GSK_1_1L.npy,70,7,3,"(70, 7, 3)"
8OIN_1_AA.npy,955,7,3,"(955, 7, 3)"
6XYW_1_3.npy,118,7,3,"(118, 7, 3)"
4AM3_1_E.npy,9,7,3,"(9, 7, 3)"
5TC1_1_R.npy,242,7,3,"(242, 7, 3)"
7D4I_1_3A.npy,216,7,3,"(216, 7, 3)"
5M5X_1_R.npy,13,7,3,"(13, 7, 3)"
8P8B_1_5.npy,30,7,3,"(30, 7, 3)"
8BD6_1_B.npy,233,7,3,"(233, 7, 3)"
6XYW_1_2.npy,1743,7,3,"(1743, 7, 3)"
8QG0_1_Q.npy,17,7,3,"(17, 7, 3)"
7A09_1_2.npy,1721,7,3,"(1721, 7, 3)"
7UO2_1_B.npy,271,7,3,"(271, 7, 3)"
6JOO_1_B.npy,96,7,3,"(96, 7, 3)"
8K3O_1_V.npy,6,7,3,"(6, 7, 3)"
3AMU_1_B.npy,78,7,3,"(78, 7, 3)"
3JBU_1_X.npy,11,7,3,"(11, 7, 3)"
7CPU_1_S2.npy,1656,7,3,"(1656, 7, 3)"
5J88_1_AA.npy,1523,7,3,"(1523, 7, 3)"
5OA3_1_3.npy,186,7,3,"(186, 7, 3)"
5HL7_1_X.npy,2705,7,3,"(2705, 7, 3)"
6TNN_1_U.npy,2930,7,3,"(2930, 7, 3)"
8CWO_1_A.npy,1024,7,3,"(1024, 7, 3)"
8VMB_1_R.npy,83,7,3,"(83, 7, 3)"
8CTI_1_C.npy,71,7,3,"(71, 7, 3)"
7RDQ_1_I.npy,11,7,3,"(11, 7, 3)"
7QEP_1_2.npy,119,7,3,"(119, 7, 3)"
4V6W_1_B2.npy,1957,7,3,"(1957, 7, 3)"
5X8R_1_a.npy,1480,7,3,"(1480, 7, 3)"
3J6X_1_IR.npy,198,7,3,"(198, 7, 3)"
6SG9_1_CA.npy,146,7,3,"(146, 7, 3)"
4Y1M_1_A.npy,76,7,3,"(76, 7, 3)"
8WX0_1_E.npy,6,7,3,"(6, 7, 3)"
7V9A_1_R.npy,146,7,3,"(146, 7, 3)"
8OI5_1_1.npy,3171,7,3,"(3171, 7, 3)"
8KAL_1_E.npy,95,7,3,"(95, 7, 3)"
6HIW_1_CA.npy,621,7,3,"(621, 7, 3)"
5JBH_1_4.npy,73,7,3,"(73, 7, 3)"
8BF9_1_5.npy,1766,7,3,"(1766, 7, 3)"
5ZW4_1_D.npy,16,7,3,"(16, 7, 3)"
7MRL_1_A.npy,75,7,3,"(75, 7, 3)"
6F4H_1_B.npy,22,7,3,"(22, 7, 3)"
8Y0X_1_S2.npy,1739,7,3,"(1739, 7, 3)"
6IV8_1_B.npy,51,7,3,"(51, 7, 3)"
8JDJ_1_A.npy,14,7,3,"(14, 7, 3)"
6ZS9_1_AA.npy,927,7,3,"(927, 7, 3)"
4V3P_1_S1.npy,1743,7,3,"(1743, 7, 3)"
5NS3_1_D.npy,31,7,3,"(31, 7, 3)"
5ZKJ_1_E.npy,12,7,3,"(12, 7, 3)"
3NMR_1_B.npy,6,7,3,"(6, 7, 3)"
7MKN_1_R.npy,11,7,3,"(11, 7, 3)"
5CCB_1_N.npy,77,7,3,"(77, 7, 3)"
4PLX_1_C.npy,69,7,3,"(69, 7, 3)"
5ELS_1_H.npy,6,7,3,"(6, 7, 3)"
8WUV_1_B.npy,126,7,3,"(126, 7, 3)"
8CGJ_1_A.npy,1122,7,3,"(1122, 7, 3)"
8OH6_1_AS.npy,3061,7,3,"(3061, 7, 3)"
7QV2_1_x.npy,76,7,3,"(76, 7, 3)"
7URI_1_y.npy,90,7,3,"(90, 7, 3)"
5XTM_1_B.npy,46,7,3,"(46, 7, 3)"
9FPZ_1_1.npy,300,7,3,"(300, 7, 3)"
3DEG_1_I.npy,29,7,3,"(29, 7, 3)"
8WQ2_1_A16S.npy,1328,7,3,"(1328, 7, 3)"
4WU1_1_1G.npy,1504,7,3,"(1504, 7, 3)"
4V6X_1_A7.npy,121,7,3,"(121, 7, 3)"
8REB_1_R.npy,6,7,3,"(6, 7, 3)"
6AZ3_1_8.npy,118,7,3,"(118, 7, 3)"
4A93_1_P.npy,9,7,3,"(9, 7, 3)"
6MJ0_1_A.npy,101,7,3,"(101, 7, 3)"
6KC7_1_B.npy,111,7,3,"(111, 7, 3)"
6JFU_1_B.npy,105,7,3,"(105, 7, 3)"
8QOI_1_S2.npy,1648,7,3,"(1648, 7, 3)"
5H5U_1_5.npy,76,7,3,"(76, 7, 3)"
6ZS9_1_XA.npy,1501,7,3,"(1501, 7, 3)"
7OPE_1_2.npy,70,7,3,"(70, 7, 3)"
6BMD_1_E.npy,22,7,3,"(22, 7, 3)"
1Q2R_1_F.npy,19,7,3,"(19, 7, 3)"
7OI7_1_A.npy,1054,7,3,"(1054, 7, 3)"
8EVR_1_EC.npy,191,7,3,"(191, 7, 3)"
3J80_1_2.npy,1779,7,3,"(1779, 7, 3)"
4QVC_1_G.npy,4,7,3,"(4, 7, 3)"
6FPQ_1_B.npy,7,7,3,"(7, 7, 3)"
4WU1_1_13.npy,1501,7,3,"(1501, 7, 3)"
5WZG_1_B.npy,10,7,3,"(10, 7, 3)"
4PLX_1_A.npy,74,7,3,"(74, 7, 3)"
7UG7_1_16.npy,1504,7,3,"(1504, 7, 3)"
8PJ9_1_B.npy,36,7,3,"(36, 7, 3)"
7AZO_1_16SA.npy,1500,7,3,"(1500, 7, 3)"
4PQV_1_A.npy,68,7,3,"(68, 7, 3)"
5HO4_1_B.npy,10,7,3,"(10, 7, 3)"
8A98_1_8.npy,118,7,3,"(118, 7, 3)"
8EEX_1_C.npy,36,7,3,"(36, 7, 3)"
3J7Y_1_B.npy,57,7,3,"(57, 7, 3)"
4WT8_1_DV.npy,55,7,3,"(55, 7, 3)"
4WSD_1_3K.npy,72,7,3,"(72, 7, 3)"
9BKD_1_A.npy,1638,7,3,"(1638, 7, 3)"
7A5P_1_5.npy,40,7,3,"(40, 7, 3)"
2UXD_1_A.npy,1484,7,3,"(1484, 7, 3)"
7QH6_1_A.npy,1133,7,3,"(1133, 7, 3)"
3JCM_1_F.npy,113,7,3,"(113, 7, 3)"
8TG4_1_C.npy,4,7,3,"(4, 7, 3)"
6Q8Y_1_2.npy,1767,7,3,"(1767, 7, 3)"
9AVR_1_B.npy,8,7,3,"(8, 7, 3)"
5AMQ_1_C.npy,10,7,3,"(10, 7, 3)"
5AXM_1_P.npy,72,7,3,"(72, 7, 3)"
6D12_1_C.npy,38,7,3,"(38, 7, 3)"
8TE2_1_A.npy,15,7,3,"(15, 7, 3)"
8UTA_1_N.npy,123,7,3,"(123, 7, 3)"
8OJ3_1_1.npy,3218,7,3,"(3218, 7, 3)"
8AC1_1_R.npy,9,7,3,"(9, 7, 3)"
4Z7K_1_C.npy,24,7,3,"(24, 7, 3)"
8P4A_1_P.npy,19,7,3,"(19, 7, 3)"
7UW1_1_A.npy,2711,7,3,"(2711, 7, 3)"
5OA3_1_1.npy,75,7,3,"(75, 7, 3)"
7Z1M_1_R.npy,8,7,3,"(8, 7, 3)"
6TH6_1_BA.npy,2877,7,3,"(2877, 7, 3)"
4RZD_1_A.npy,98,7,3,"(98, 7, 3)"
8VJT_1_B.npy,6,7,3,"(6, 7, 3)"
8EWG_1_B.npy,56,7,3,"(56, 7, 3)"
7ENR_1_B.npy,92,7,3,"(92, 7, 3)"
4F1N_1_E.npy,9,7,3,"(9, 7, 3)"
7R7C_1_1.npy,226,7,3,"(226, 7, 3)"
5AWH_1_C.npy,18,7,3,"(18, 7, 3)"
5L2L_1_D.npy,11,7,3,"(11, 7, 3)"
6FAI_1_2.npy,1775,7,3,"(1775, 7, 3)"
7WTT_1_2.npy,1574,7,3,"(1574, 7, 3)"
5ZLU_1_V.npy,2875,7,3,"(2875, 7, 3)"
6XIR_1_AZ.npy,73,7,3,"(73, 7, 3)"
7JRR_1_A.npy,50,7,3,"(50, 7, 3)"
5NRG_1_X.npy,2710,7,3,"(2710, 7, 3)"
9FVD_1_Q.npy,6,7,3,"(6, 7, 3)"
8OIN_1_B8.npy,1566,7,3,"(1566, 7, 3)"
7ELH_1_C.npy,4,7,3,"(4, 7, 3)"
5V93_1_a.npy,1519,7,3,"(1519, 7, 3)"
5U3G_1_B.npy,84,7,3,"(84, 7, 3)"
7DUH_1_W.npy,15,7,3,"(15, 7, 3)"
4F3T_1_R.npy,14,7,3,"(14, 7, 3)"
4TZP_1_B.npy,70,7,3,"(70, 7, 3)"
8HIO_1_B.npy,47,7,3,"(47, 7, 3)"
5M0H_1_A.npy,42,7,3,"(42, 7, 3)"
5O20_1_B.npy,8,7,3,"(8, 7, 3)"
6ZXE_1_2.npy,1645,7,3,"(1645, 7, 3)"
8OIN_1_B9.npy,72,7,3,"(72, 7, 3)"
7SLQ_1_R.npy,50,7,3,"(50, 7, 3)"
5G2Y_1_A.npy,630,7,3,"(630, 7, 3)"
7ZOL_1_C.npy,39,7,3,"(39, 7, 3)"
7YGN_1_B.npy,8,7,3,"(8, 7, 3)"
4U7U_1_L.npy,61,7,3,"(61, 7, 3)"
7NHM_1_a.npy,1531,7,3,"(1531, 7, 3)"
6ZJ3_1_S3.npy,76,7,3,"(76, 7, 3)"
7BL3_1_A.npy,2902,7,3,"(2902, 7, 3)"
8J1J_1_C.npy,112,7,3,"(112, 7, 3)"
5V8I_1_2A.npy,2847,7,3,"(2847, 7, 3)"
6TNN_1_V.npy,116,7,3,"(116, 7, 3)"
9C3H_1_S2.npy,1576,7,3,"(1576, 7, 3)"
8VU0_1_C.npy,76,7,3,"(76, 7, 3)"
7QEP_1_1.npy,2319,7,3,"(2319, 7, 3)"
8QZS_1_4.npy,136,7,3,"(136, 7, 3)"
4Y1M_1_B.npy,107,7,3,"(107, 7, 3)"
7R9F_1_B.npy,12,7,3,"(12, 7, 3)"
6PVK_1_A.npy,2169,7,3,"(2169, 7, 3)"
8XI2_1_F.npy,91,7,3,"(91, 7, 3)"
7NHL_1_D.npy,73,7,3,"(73, 7, 3)"
7LYF_1_A.npy,139,7,3,"(139, 7, 3)"
6TQN_1_R.npy,45,7,3,"(45, 7, 3)"
7AJU_1_D3.npy,1409,7,3,"(1409, 7, 3)"
2BNY_1_S.npy,13,7,3,"(13, 7, 3)"
6GV4_1_D.npy,8,7,3,"(8, 7, 3)"
7AJU_1_EA.npy,22,7,3,"(22, 7, 3)"
6SVS_1_B.npy,77,7,3,"(77, 7, 3)"
8R57_1_A.npy,429,7,3,"(429, 7, 3)"
6LNB_1_M.npy,60,7,3,"(60, 7, 3)"
8WID_1_b.npy,18,7,3,"(18, 7, 3)"
4V8M_1_BB.npy,1465,7,3,"(1465, 7, 3)"
8PJ9_1_C.npy,66,7,3,"(66, 7, 3)"
6DB8_1_R.npy,60,7,3,"(60, 7, 3)"
2DR2_1_B.npy,75,7,3,"(75, 7, 3)"
8S55_1_P.npy,14,7,3,"(14, 7, 3)"
7TZU_1_A.npy,79,7,3,"(79, 7, 3)"
8RXH_1_L5.npy,120,7,3,"(120, 7, 3)"
8B9I_1_C.npy,11,7,3,"(11, 7, 3)"
6UU5_1_333.npy,6,7,3,"(6, 7, 3)"
6MWN_1_A.npy,91,7,3,"(91, 7, 3)"
8OST_1_C.npy,69,7,3,"(69, 7, 3)"
8ASD_1_E.npy,7,7,3,"(7, 7, 3)"
7UVT_1_A.npy,386,7,3,"(386, 7, 3)"
6SPD_1_B.npy,116,7,3,"(116, 7, 3)"
1EG0_1_M.npy,26,7,3,"(26, 7, 3)"
7QR3_1_C.npy,69,7,3,"(69, 7, 3)"
4DR6_1_A.npy,1500,7,3,"(1500, 7, 3)"
4DS6_1_A.npy,393,7,3,"(393, 7, 3)"
5GAO_1_V.npy,57,7,3,"(57, 7, 3)"
7D58_1_T.npy,5,7,3,"(5, 7, 3)"
4V9S_1_DA.npy,2714,7,3,"(2714, 7, 3)"
4V4P_1_AA.npy,2872,7,3,"(2872, 7, 3)"
7AFO_1_A.npy,968,7,3,"(968, 7, 3)"
5A8L_1_A.npy,253,7,3,"(253, 7, 3)"
7QH7_1_A.npy,1256,7,3,"(1256, 7, 3)"
4X4V_1_D.npy,26,7,3,"(26, 7, 3)"
8BTK_1_AT.npy,72,7,3,"(72, 7, 3)"
4WU1_1_2L.npy,71,7,3,"(71, 7, 3)"
7BAI_1_V.npy,11,7,3,"(11, 7, 3)"
6YWE_1_A.npy,2837,7,3,"(2837, 7, 3)"
7SVA_1_B.npy,11,7,3,"(11, 7, 3)"
8UPT_1_A.npy,71,7,3,"(71, 7, 3)"
7OI6_1_A.npy,1208,7,3,"(1208, 7, 3)"
5T2A_1_H.npy,93,7,3,"(93, 7, 3)"
4RDX_1_C.npy,76,7,3,"(76, 7, 3)"
8UMF_1_B.npy,121,7,3,"(121, 7, 3)"
8G34_1_v.npy,1539,7,3,"(1539, 7, 3)"
8B0J_1_K.npy,160,7,3,"(160, 7, 3)"
9AX7_1_X.npy,9,7,3,"(9, 7, 3)"
4R0D_1_A.npy,617,7,3,"(617, 7, 3)"
8OJ3_1_B.npy,1708,7,3,"(1708, 7, 3)"
8PJ1_1_7.npy,47,7,3,"(47, 7, 3)"
8XI2_1_B.npy,86,7,3,"(86, 7, 3)"
6CK5_1_B.npy,100,7,3,"(100, 7, 3)"
1DRZ_1_B.npy,72,7,3,"(72, 7, 3)"
8B7Y_1_C.npy,1519,7,3,"(1519, 7, 3)"
6FPX_1_D.npy,11,7,3,"(11, 7, 3)"
8SA5_1_B.npy,135,7,3,"(135, 7, 3)"
7D8C_1_B.npy,38,7,3,"(38, 7, 3)"
8AC0_1_R.npy,82,7,3,"(82, 7, 3)"
7XHT_1_B.npy,179,7,3,"(179, 7, 3)"
8YUO_1_W.npy,11,7,3,"(11, 7, 3)"
7P7Q_1_a.npy,1519,7,3,"(1519, 7, 3)"
5CD1_1_M.npy,74,7,3,"(74, 7, 3)"
6Y53_1_2.npy,98,7,3,"(98, 7, 3)"
9FVD_1_T.npy,6,7,3,"(6, 7, 3)"
9FVD_1_U.npy,12,7,3,"(12, 7, 3)"
3EOH_1_A.npy,381,7,3,"(381, 7, 3)"
7AZO_1_TRNA.npy,65,7,3,"(65, 7, 3)"
7O9K_1_A.npy,1435,7,3,"(1435, 7, 3)"
8K4E_1_V.npy,5,7,3,"(5, 7, 3)"
5ELK_1_R.npy,6,7,3,"(6, 7, 3)"
8AM9_1_8.npy,75,7,3,"(75, 7, 3)"
6HA8_1_x.npy,75,7,3,"(75, 7, 3)"
6NBJ_1_C.npy,4,7,3,"(4, 7, 3)"
7R9G_1_B.npy,12,7,3,"(12, 7, 3)"
7XUG_1_R.npy,10,7,3,"(10, 7, 3)"
6PMO_1_B.npy,70,7,3,"(70, 7, 3)"
6JQ6_1_U.npy,81,7,3,"(81, 7, 3)"
4YCO_1_F.npy,71,7,3,"(71, 7, 3)"
7NHL_1_a.npy,1538,7,3,"(1538, 7, 3)"
1FJG_1_X.npy,6,7,3,"(6, 7, 3)"
5A2Q_1_3.npy,257,7,3,"(257, 7, 3)"
6Q95_1_4.npy,319,7,3,"(319, 7, 3)"
7ASN_1_B.npy,106,7,3,"(106, 7, 3)"
3NNH_1_E.npy,11,7,3,"(11, 7, 3)"
9C0J_1_R.npy,155,7,3,"(155, 7, 3)"
6WTR_1_A.npy,124,7,3,"(124, 7, 3)"
8T78_1_B.npy,89,7,3,"(89, 7, 3)"
1Y27_1_X.npy,66,7,3,"(66, 7, 3)"
5WWX_1_C.npy,5,7,3,"(5, 7, 3)"
6D3P_1_A.npy,45,7,3,"(45, 7, 3)"
3AL0_1_E.npy,74,7,3,"(74, 7, 3)"
7OF2_1_A.npy,1407,7,3,"(1407, 7, 3)"
8WB0_1_Z.npy,12,7,3,"(12, 7, 3)"
7VFT_1_A.npy,23,7,3,"(23, 7, 3)"
8WAZ_1_Z.npy,12,7,3,"(12, 7, 3)"
4WAL_1_B.npy,9,7,3,"(9, 7, 3)"
4V8I_1_AA.npy,1493,7,3,"(1493, 7, 3)"
6G4W_1_2.npy,1563,7,3,"(1563, 7, 3)"
6I7V_1_CA.npy,2898,7,3,"(2898, 7, 3)"
8WHY_1_A.npy,3017,7,3,"(3017, 7, 3)"
4PJO_1_3.npy,46,7,3,"(46, 7, 3)"
7OZQ_1_F.npy,31,7,3,"(31, 7, 3)"
4PJO_1_1.npy,47,7,3,"(47, 7, 3)"
5FKE_1_A.npy,94,7,3,"(94, 7, 3)"
5A8L_1_B.npy,67,7,3,"(67, 7, 3)"
7R6K_1_1.npy,152,7,3,"(152, 7, 3)"
4ZLR_1_C.npy,14,7,3,"(14, 7, 3)"
7JNH_1_B.npy,85,7,3,"(85, 7, 3)"
4KHP_1_A.npy,1506,7,3,"(1506, 7, 3)"
8YFQ_1_P.npy,22,7,3,"(22, 7, 3)"
7YG6_1_B.npy,8,7,3,"(8, 7, 3)"
3A3A_1_A.npy,86,7,3,"(86, 7, 3)"
6RID_1_P.npy,9,7,3,"(9, 7, 3)"
4W2F_1_AA.npy,1497,7,3,"(1497, 7, 3)"
8UU5_1_a.npy,1523,7,3,"(1523, 7, 3)"
8B2L_1_C3.npy,119,7,3,"(119, 7, 3)"
8BF8_1_B.npy,111,7,3,"(111, 7, 3)"
8FMW_1_X.npy,76,7,3,"(76, 7, 3)"
8QWE_1_C.npy,34,7,3,"(34, 7, 3)"
7WJU_1_C.npy,133,7,3,"(133, 7, 3)"
6JVX_1_B.npy,8,7,3,"(8, 7, 3)"
7NAV_1_A.npy,1502,7,3,"(1502, 7, 3)"
8I0R_1_G.npy,71,7,3,"(71, 7, 3)"
6C6K_1_F.npy,10,7,3,"(10, 7, 3)"
8RXH_1_L2.npy,1085,7,3,"(1085, 7, 3)"
6FQL_1_B.npy,13,7,3,"(13, 7, 3)"
6I0V_1_B.npy,5,7,3,"(5, 7, 3)"
2AKE_1_B.npy,72,7,3,"(72, 7, 3)"
6EXN_1_5.npy,171,7,3,"(171, 7, 3)"
8XMC_1_O.npy,10,7,3,"(10, 7, 3)"
1UN6_1_E.npy,61,7,3,"(61, 7, 3)"
4V95_1_BA.npy,2752,7,3,"(2752, 7, 3)"
5WLH_1_B.npy,43,7,3,"(43, 7, 3)"
8QCQ_1_A.npy,2742,7,3,"(2742, 7, 3)"
4C9D_1_C.npy,12,7,3,"(12, 7, 3)"
7ZQ5_1_b.npy,2900,7,3,"(2900, 7, 3)"
7XD6_1_N.npy,434,7,3,"(434, 7, 3)"
6KWR_1_B.npy,28,7,3,"(28, 7, 3)"
6G90_1_2.npy,140,7,3,"(140, 7, 3)"
8KGF_1_G.npy,29,7,3,"(29, 7, 3)"
9C3H_1_S5.npy,9,7,3,"(9, 7, 3)"
5CD1_1_N.npy,76,7,3,"(76, 7, 3)"
7O7Z_1_AH.npy,95,7,3,"(95, 7, 3)"
8IBY_1_E.npy,198,7,3,"(198, 7, 3)"
5ZLU_1_G.npy,1514,7,3,"(1514, 7, 3)"
8WFX_1_O.npy,50,7,3,"(50, 7, 3)"
4V6G_1_AA.npy,1517,7,3,"(1517, 7, 3)"
6ZJ3_1_S4.npy,76,7,3,"(76, 7, 3)"
6CK4_1_D.npy,101,7,3,"(101, 7, 3)"
1OB2_1_B.npy,63,7,3,"(63, 7, 3)"
8UBF_1_H.npy,10,7,3,"(10, 7, 3)"
8UBF_1_I.npy,92,7,3,"(92, 7, 3)"
8CTH_1_C.npy,62,7,3,"(62, 7, 3)"
8FNI_1_g.npy,16,7,3,"(16, 7, 3)"
5WTK_1_B.npy,40,7,3,"(40, 7, 3)"
6M6R_1_B.npy,7,7,3,"(7, 7, 3)"
7OFW_1_C.npy,18,7,3,"(18, 7, 3)"
3G8T_1_S.npy,140,7,3,"(140, 7, 3)"
8FKZ_1_L2.npy,68,7,3,"(68, 7, 3)"
7XG1_1_H.npy,27,7,3,"(27, 7, 3)"
8CAH_1_2.npy,1745,7,3,"(1745, 7, 3)"
8JTR_1_B.npy,105,7,3,"(105, 7, 3)"
7AOH_1_P.npy,10,7,3,"(10, 7, 3)"
2BQ5_1_S.npy,17,7,3,"(17, 7, 3)"
7R4X_1_2.npy,1573,7,3,"(1573, 7, 3)"
7LH5_1_AV.npy,76,7,3,"(76, 7, 3)"
7EZ2_1_N.npy,392,7,3,"(392, 7, 3)"
6PMO_1_A.npy,60,7,3,"(60, 7, 3)"
4RBZ_1_A.npy,10,7,3,"(10, 7, 3)"
7C7L_1_C.npy,116,7,3,"(116, 7, 3)"
6YEF_1_a.npy,1540,7,3,"(1540, 7, 3)"
6FPX_1_F.npy,9,7,3,"(9, 7, 3)"
8CAI_1_A.npy,1105,7,3,"(1105, 7, 3)"
8OI5_1_B.npy,1725,7,3,"(1725, 7, 3)"
4WFB_1_X.npy,2707,7,3,"(2707, 7, 3)"
7V9U_1_E.npy,57,7,3,"(57, 7, 3)"
8FFR_1_W.npy,99,7,3,"(99, 7, 3)"
3NNH_1_F.npy,11,7,3,"(11, 7, 3)"
7ASN_1_A.npy,2739,7,3,"(2739, 7, 3)"
4V6I_1_CA.npy,1721,7,3,"(1721, 7, 3)"
6C27_1_B.npy,46,7,3,"(46, 7, 3)"
7MLX_1_R.npy,65,7,3,"(65, 7, 3)"
6CC3_1_A.npy,100,7,3,"(100, 7, 3)"
8REC_1_R.npy,7,7,3,"(7, 7, 3)"
8IDF_1_B.npy,53,7,3,"(53, 7, 3)"
7OIZ_1_V.npy,74,7,3,"(74, 7, 3)"
7ML4_1_P.npy,5,7,3,"(5, 7, 3)"
2IZM_1_S.npy,13,7,3,"(13, 7, 3)"
5DDO_1_A.npy,58,7,3,"(58, 7, 3)"
5HSW_1_B.npy,18,7,3,"(18, 7, 3)"
7XS4_1_B.npy,4,7,3,"(4, 7, 3)"
5YTS_1_B.npy,4,7,3,"(4, 7, 3)"
8UW3_1_B.npy,63,7,3,"(63, 7, 3)"
8FB3_1_C.npy,33,7,3,"(33, 7, 3)"
6QNR_1_5K.npy,68,7,3,"(68, 7, 3)"
5KK5_1_B.npy,40,7,3,"(40, 7, 3)"
4V5H_1_AV.npy,76,7,3,"(76, 7, 3)"
6NY6_1_A.npy,1511,7,3,"(1511, 7, 3)"
6IV9_1_B.npy,50,7,3,"(50, 7, 3)"
