structure_id,cluster_id
2ASB_1_B,1
2ATW_1_B,2
4IJS_1_E,3
4IJS_1_F,4
4IJS_1_H,5
4V9E_1_Ag,6
4AM3_1_E,7
4BXX_1_P,8
3BSX_1_C,9
5BZ5_1_B,10
7UWS_1_H,11
5ZQ8_1_D,12
7NDJ_1_C,13
7SYP_1_7,14
1CVJ_1_N,15
1CVJ_1_Q,16
1CVJ_1_M,17
4F02_1_B,18
1UVM_1_D,19
5WTK_1_B,20
8CWO_1_Y,21
3V71_1_B,22
8BSI_1_y,23
6YYM_1_B,24
6ZWW_1_F,25
6ZWW_1_H,26
6ZWW_1_B,27
6ZWW_1_D,28
2GTT_1_W,29
8FFR_1_X,29
5JJI_1_G,30
5JJL_1_G,31
3RW6_1_H,32
5K36_1_L,33
7M3T_1_X-m,34
5BKL_1_a,35
7M50_1_a,36
5LZD_1_x,37
6KUR_1_V-R,38
6ZQG_1_D5,39
7PDV_1_F,40
5K78_1_x,41
7ONB_1_H,42
6H9H_1_D,43
6KLH_1_B,44
7M3T_1_e,45
3NNH_1_F,46
7EU0_1_O-R,47
3NMR_1_B,48
3NNA_1_B,49
4LMZ_1_B,50
3NNC_1_B,51
4PWD_1_T,52
4M59_1_C,53
3NNH_1_E,54
6JJI_1_B,55
6XRQ_1_B,56
5BKN_1_TT-kk,57
2C0B_1_R,58
8AXF_1_Q,59
2GJE_1_R,60
4M59_1_D,61
7XSP_1_D-A,62
7XT4_1_r-a,63
5WTY_1_C,64
7BGD_1_A,65
5WTY_1_D,66
3JCS_1_6,67
6AZ3_1_6,68
3PKM_1_G,69
3PKM_1_R,69
6NOH_1_B,70
7RZZ_1_B,71
3MOJ_1_A,72
6HAU_1_D,73
3IEV_1_D,74
8I54_1_B,75
2R7T_1_X,76
2R7U_1_X,77
7XJG_1_H,78
6W62_1_B,79
8ASG_1_P,80
6GD2_1_D,81
6GD3_1_P,82
3R2C_1_R,83
4Z0C_1_C,84
3AEV_1_C,85
6LLB_1_D,86
1NTA_1_A-B,87
4H5O_1_L,88
4H5P_1_F,89
4CSF_1_u,90
5EMO_1_E,91
7YED_1_T-N-M,92
7M2V_1_QQ,93
7MQ8_1_L0,94
7MQA_1_L0,95
7M3T_1_TT-kk,96
7SWQ_1_B-D,97
5XLO_1_K,98
6VQV_1_L,99
6PPP_1_A,100
7KX9_1_B-C,101
6XZD_1_IN1,102
5H1K_1_C-D,103
4JYA_1_Y,104
7ZHH_1_C,105
1N33_1_Y-Z,106
7WNU_1_C,107
6RTI_1_X,108
1SDS_1_D,109
1UTD_1_0,110
7TR6_1_R,111
7TRA_1_R,112
1WNE_1_B-C,113
6S8B_1_V-U,114
7Y81_1_B-C,115
8GNA_1_C-J,116
8D1V_1_J-N,117
8GS2_1_R-D,118
6XN3_1_R-T,119
6XN4_1_R-T,120
6O1O_1_M-N,121
3X1L_1_I,122
6DT8_1_D,123
6IQW_1_I,124
6O7H_1_G-H,125
7JHY_1_z,126
1J9H_1_A-B,127
5XPG_1_G,128
4ILL_1_R,129
4ILM_1_C,130
5YTT_1_B,131
7AM2_1_R2-R5,132
3CGS_1_B-A,133
7KX7_1_B,134
5KLA_1_B,135
6O16_1_C,136
1ZDJ_1_R,137
5TC1_1_R,138
7C08_1_1,139
7C08_1_I,140
5BKN_1_e,141
4LGT_1_E,142
5LM7_1_G,143
6YHS_1_8-6,144
7YG7_1_U,145
7Y7P_1_C-D,146
7UML_1_R,147
4P3T_1_A-B,148
5WWF_1_B,149
3PO2_1_P,150
4KHP_1_X,151
4DR7_1_W,152
1DUH_1_A,153
5EIM_1_C,154
1KD4_1_A-B,155
5XWG_1_A,156
4JVH_1_D,157
4JVY_1_D,158
2BH2_1_D,159
6FPQ_1_B,160
6FPX_1_D,161
6FPX_1_B,162
5DNO_1_B,163
2C4R_1_R,164
6R7G_1_R,165
3TRZ_1_U,166
5UDZ_1_W,167
4WZJ_1_XXX,168
5MJV_1_D,169
2IL9_1_A,170
7C45_1_D,171
6PPQ_1_H,172
6PPV_1_H,172
1P6V_1_B,173
5NWQ_1_A,174
5OT7_1_3,175
6FZ0_1_A,176
1F8V_1_R,177
7AOH_1_P,178
3CZ3_1_G-H,179
5LTA_1_E,180
8ANE_1_R,181
1TFY_1_G-J,182
7S7C_1_D-L,183
6EEN_1_F,184
6EEN_1_G,184
6EEN_1_H,184
6EEN_1_I,184
7SLQ_1_R,185
1HMH_1_E,186
2XS2_1_B,187
1HMH_1_A,188
359D_1_B-A,189
4B3G_1_H,190
7MKA_1_r,191
6V4X_1_Z-Y,192
3MQK_1_D-E,193
7ZJW_1_S,194
7PLI_1_G,195
7PMM_1_D,196
7PLI_1_C,197
4PY5_1_B,198
7WNU_1_D,199
6ZDU_1_C,200
7DD3_1_G,201
5WWW_1_B,202
5WWX_1_C,203
6Z9T_1_R,204
5H1L_1_B,205
7VFT_1_A,206
1ET4_1_A,207
5M0I_1_F,208
5M0J_1_F,208
5M0I_1_E,209
5M0J_1_E,210
6W2T_1_A,211
6WXY_1_A,212
3R2D_1_R-S,213
6P5I_1_1,214
6P5N_1_1,215
2JEA_1_C,216
7ZJW_1_I,217
4V92_1_AZ,218
7ZJX_1_I,219
5JUP_1_EC,220
6ZVK_1_E1,221
7A01_1_E1,222
6D9J_1_4,223
5ELH_1_R,224
5ELS_1_H,225
4IJS_1_G,226
2BX2_1_R,227
6GC5_1_E,228
7PD3_1_B,229
7O5B_1_W,230
2XS7_1_B,231
3Q2T_1_F,232
5KI6_1_B,233
5HO4_1_B,234
5WWE_1_B,235
2Q66_1_X,236
6H9H_1_E,237
2CZJ_1_H,238
2XS5_1_D,238
7UU3_1_C-D,239
4EYA_1_m-n,240
1N32_1_Y-Z,241
4V6E_1_AX,242
2R7V_1_X,243
8GH6_1_R,244
4ANG_1_R,245
1HYS_1_E,246
1KNZ_1_W,247
1XOK_1_A,248
5BKN_1_bb-qq,249
7M50_1_bb-qq,249
3OIN_1_C,250
3R1D_1_A-B,251
4Z31_1_C-D,252
6HCT_1_A-B,253
6HCT_1_E-F,254
5G4U_1_I-J,255
3Q3Z_1_V,256
5G4T_1_A-B,257
1KD5_1_A-B,258
2OZB_1_C,259
3G9Y_1_C,260
3SIU_1_F,261
5XTM_1_B,262
5XTM_1_D,263
5DCV_1_D,264
4N2Q_1_B,265
7PKT_1_0,266
2BBV_1_N,267
1A9N_1_Q,268
7EVO_1_H,269
5ZW4_1_D,270
7F3K_1_B,271
2A8V_1_E,272
6SY4_1_C,273
6SY6_1_D,274
4O26_1_E,275
7QXA_1_B,276
3BSB_1_C,277
4E7A_1_P-T,277
3HJY_1_D-C-E,278
6NY5_1_C,279
6DTI_1_X-W,280
7LO9_1_A-B,281
7XPL_1_G-H-I-J,282
3TD0_1_B-A,283
5C0Y_1_D,284
7M3T_1_bb,285
4X2B_1_B-C,286
8I3Z_1_B-A,287
1ZZ5_1_A-C-B-D,288
3MDG_1_C,289
4KRF_1_R,290
6MFN_1_E-C,291
6N4O_1_C-D,292
4W5N_1_B,293
5WEA_1_B,294
5JS1_1_B,295
5T7B_1_R,296
4OLA_1_B,297
5W6V_1_R,298
4F3T_1_R,299
4KRE_1_R,300
6OON_1_B,301
4KXT_1_B,302
4Z4D_1_B-D,303
4F1N_1_F,304
5THE_1_H,305
7SVA_1_B,306
5VM9_1_D,307
5VM9_1_B,308
6MDZ_1_E-C,309
2ANN_1_B,310
5V1K_1_A-B,311
5A0T_1_E,312
5A0V_1_E,313
1E7K_1_C,314
1ZH5_1_C-D,315
1LNT_1_A-B,316
7EAG_1_C-D-E-F-A-B,317
6V9B_1_B-D,318
5GXH_1_B,319
5GXI_1_B,319
7YOJ_1_B,320
1UN6_1_F,321
3JBU_1_X,322
4XBF_1_D,323
7MJW_1_G,324
4ZLR_1_C,325
3AGV_1_S,326
5O1Z_1_B,327
5O20_1_B,328
6SGA_1_CA,329
7AOR_1_2,330
3UZT_1_B,331
7AOR_1_A,332
1OOA_1_C,333
1P79_1_A,334
3FS0_1_B-A,335
2PY9_1_F,336
5N94_1_D,337
6D3P_1_A,338
1PJG_1_A,339
6ZM2_1_B,340
4KJI_1_C,341
1SA9_1_C-D,342
6ZJ3_1_LK,343
5I4A_1_D,344
6CYT_1_N,345
1MDG_1_A,346
6T2C_1_V,347
2IX1_1_B,348
3MIJ_1_A,349
8ASD_1_T-G,350
8ASG_1_T,351
1AV6_1_B,352
8EX9_1_B,353
3A6P_1_E-D,354
2E9R_1_A-B,355
6LAX_1_A,356
4O8J_1_D,357
7R6K_1_1,358
7R7C_1_1,359
7UJ1_1_D,360
1FUF_1_A-B,361
4X6A_1_R,362
7P0V_1_B,363
1YLS_1_B,364
3R1E_1_A-B,365
5TDJ_1_A,366
6OGZ_1_B-C,367
4M7A_1_P,368
5ZWM_1_H-I-F,368
5GAM_1_W,369
5ZWO_1_H-I-F,370
7YNC_1_B-C,371
8ASD_1_E,372
7BG6_1_C,373
7NUN_1_C,373
7NUQ_1_C,373
6XAS_1_R,374
5A8L_1_P,375
7RDQ_1_I,376
2GJE_1_S,377
6AAY_1_B,378
6SJD_1_D,379
6IP8_1_zz,380
7SYQ_1_z,380
3T4B_1_A,381
7C7A_1_R,382
6G90_1_2,383
7M3T_1_a,384
3TS2_1_V,385
5WS2_1_D,386
3QRR_1_B,387
6K32_1_t-p,388
6LKQ_1_w,389
6RIN_1_R,390
3PLA_1_G-H-I-J,391
5Y7M_1_D,392
3IBK_1_B,393
3PF4_1_R,394
5XJ2_1_G,395
5GAN_1_V-W,396
6RR7_1_D-E,397
6I3P_1_F,398
6QIC_1_F,399
3Q2T_1_E,400
6RIE_1_P,401
7UND_1_P,402
3T5Q_1_F,403
3T5Q_1_J,404
3T5N_1_C,405
3T5Q_1_C,406
3T5Q_1_D,407
7M3T_1_h-S,408
3IAB_1_R,409
1KH6_1_A,410
3TS2_1_U,411
4E58_1_D-C-E,412
4RMO_1_B,413
4K31_1_B-C,414
406D_1_A-E,415
7MJY_1_M,416
404D_1_A,417
3R1D_1_E,418
6VRD_1_B,419
3ADI_1_D-E,420
361D_1_A,421
361D_1_B,422
2IY5_1_T,423
3D2S_1_E,424
2JLT_1_A,425
7ORM_1_P-T,426
7ORO_1_T-P,427
6Z8K_1_P-T,428
7ORI_1_T-P,429
6EM3_1_2,430
7NAD_1_2,431
4RJ1_1_B,432
4RKV_1_B,432
4RKV_1_A,433
1EC6_1_C,434
1EC6_1_D,435
3GTM_1_M,436
5ELR_1_B,437
6X5M_1_r,438
6ID1_1_H-F,439
6ZYM_1_6,439
6FF4_1_6,440
5MPS_1_6,441
7DCO_1_H-F,442
3JB9_1_N-P,443
7DVQ_1_F-H,444
4AL5_1_B,445
3F2X_1_X,446
5C45_1_X-Y,446
6DN2_1_Y-X,446
8D28_1_B,447
8DK7_1_C,448
4PCJ_1_A,449
5VCI_1_A-B,450
4ENC_1_A,451
1FEU_1_C-B,452
7M3T_1_WW-V,453
1NUV_1_A-B,454
2UXC_1_X-Y,455
7MJV_1_E,456
3P49_1_A,457
7M50_1_UU,458
4P3U_1_B-A,459
283D_1_A,460
7JJU_1_A-B,461
1I6H_1_R,462
3LRR_1_C-D,463
2R93_1_R,464
4V85_1_AV,465
6JIM_1_C,466
3K1V_1_A,467
7REX_1_A,468
6SWE_1_4,469
8GXB_1_A,470
8HBA_1_B,471
8GXB_1_B,472
6FQ3_1_B,473
6FQL_1_B,473
3E5C_1_A,474
280D_1_A-B,475
3EGZ_1_B,476
4ERD_1_C-D,477
3AVX_1_T-G,478
6LT7_1_C,479
3DH3_1_F-E,480
5Z9X_1_R,481
387D_1_A,482
3HOY_1_P,483
7NKY_1_P,484
2HT1_1_M,485
4BHH_1_R,486
4TYW_1_B,487
4TZ0_1_B,488
4TYY_1_B,489
2XB2_1_E,490
2XB2_1_R,491
2J0S_1_E,492
5ZC9_1_B,493
3I62_1_B,494
3SQX_1_B,494
3FHT_1_C,495
3FHT_1_D,496
3G0H_1_E,497
6UV1_1_C,498
6UV1_1_D,498
4D25_1_D,499
6L5N_1_D,500
2DB3_1_E,501
6UV3_1_B,501
3PEY_1_B,502
6L5N_1_C,502
6UV4_1_C,503
6UV2_1_C,504
5VOE_1_A,505
4JNG_1_L,506
1T0K_1_D-C,507
3BNT_1_A,508
1DFU_1_M-N,509
8AS7_1_P-T-G,510
433D_1_A-B,511
7QTN_1_B-A,512
4XWW_1_D,513
5FJ8_1_T,514
3VYX_1_B-C,515
4XWW_1_E,516
6XMF_1_C,517
2WJ8_1_d,518
2YHM_1_K,519
3GVN_1_A-B,520
8DG7_1_F-E,521
4EYA_1_g-h,522
2PJP_1_B,523
7C08_1_O,524
5AY2_1_A-B,525
5DDP_1_A,526
3NJ7_1_C-D,527
6Q9A_1_4,528
7ACJ_1_4,529
7ABZ_1_4,530
7M3T_1_ll,531
6Q95_1_4,532
7AC7_1_4,533
6UQ1_1_R,534
6UQ3_1_R,535
1KOG_1_O,536
7PZY_1_10,537
8A22_1_A3-A2,538
5ZSB_1_C,539
6GOV_1_R,540
4WAN_1_B,541
2AZ0_1_C-D,542
4NHA_1_B,543
4NLF_1_A,544
5LQO_1_A-B,545
2G92_1_A-B,546
1QBP_1_A-B,547
7C07_1_O,548
5BJO_1_E,549
7C07_1_C,550
7C07_1_X,551
7C07_1_1,552
1YVP_1_C-D,553
8EHQ_1_R,554
8EOS_1_R,555
4J50_1_A-B,556
7O0G_1_E,557
8CLM_1_A,558
7C06_1_C,559
7C06_1_X,560
7C06_1_1,561
7C07_1_I,562
1EFO_1_B,563
7N0B_1_T-D,564
1R3E_1_D-E,565
2O5I_1_Y,566
397D_1_A-B,567
6WW6_1_D,568
6WW6_1_E,569
4OO1_1_S,570
4X4U_1_G,571
7M3T_1_P,572
7ONU_1_T,573
2W2H_1_R,574
4IFD_1_R,575
5VZJ_1_M,576
4B3G_1_G,577
6FLQ_1_R,578
6ZQC_1_D2,579
6ZQD_1_D4-D2,579
1FJG_1_X,580
1HNW_1_X,581
6QN3_1_A-B,582
7ELQ_1_A,583
4C9D_1_D,584
2B3J_1_E,585
6C27_1_A,586
6NTA_1_XV-XX,587
4IQS_1_E,588
6HAK_1_T-P,589
6RI9_1_R,590
4S20_1_P,591
5V3F_1_A,592
6C63_1_A,593
1S76_1_R,594
2RFK_1_E-D-F,595
4JRD_1_B,596
2P7E_1_D-C-P,597
3GS5_1_C,597
1PGL_1_3,598
2OEU_1_A,599
5LR3_1_A-B,600
1BMV_1_M,601
1M8V_1_P,602
3NPQ_1_A,603
4RBZ_1_A,604
6XUS_1_A,604
7QUA_1_A,605
4RBY_1_A,606
4RC0_1_A,607
4PKD_1_V,608
4QM6_1_D,609
6ZJ3_1_LF,610
8A22_1_A5-A4,611
4JF2_1_A,612
5D5L_1_A,612
6D12_1_C,613
3AVU_1_T-G,614
7PMQ_1_F,615
2OIU_1_Q,616
2OIU_1_P,617
5UZ6_1_A,618
3JCS_1_3,619
5T5H_1_E,619
6AZ3_1_3,619
4C8Z_1_C,620
7EOG_1_A,621
1F27_1_A,622
5LR4_1_A-B,623
1NUV_1_E-F,624
5GUH_1_B,625
3FTE_1_C-D,626
2HW8_1_B,627
2VPL_1_B,628
1U63_1_D,629
3U4M_1_B,630
5JJK_1_G,631
1MZP_1_B,632
5ML7_1_B,633
4JRC_1_B,634
4MGN_1_A,635
4LCK_1_F,636
4EYA_1_k-l,637
4PMI_1_A,638
4P97_1_A-B,639
4XW0_1_A-B,640
6H25_1_R,641
7C2K_1_F-G,642
7X34_1_3,643
6D8A_1_C,644
6D9L_1_C,644
5AWH_1_C,645
7BAH_1_C-D,646
5K36_1_M,647
5VZJ_1_N,647
8D29_1_C,648
2VNU_1_B,649
7ECK_1_I-J,650
7ORN_1_H-T,651
3HOW_1_3,652
6LLB_1_C,653
6L0Y_1_A,654
3HOV_1_P,655
3HOZ_1_P,656
3HOU_1_6,657
4A93_1_P,658
5XPA_1_D,659
2JA6_1_P,660
2JA8_1_P,661
3O7V_1_A,662
4WZQ_1_B-C,663
6DTD_1_C,664
7DIC_1_C,665
7DOL_1_C,665
4PMW_1_D,666
8E28_1_C,667
8E29_1_B,668
8E2A_1_B,669
7V94_1_B,670
7VYX_1_C,671
1S77_1_R,672
3J6B_1_e,673
3WBM_1_X-Y,674
6BBO_1_F-G,675
7UU5_1_M-N,676
7ED5_1_J-I,677
3P22_1_A,678
8H1B_1_C,679
1R3E_1_C,680
3H3V_1_P,681
5Y58_1_X,682
7BZF_1_F-G,683
1Q96_1_A,684
364D_1_C-B-A,685
7NQ4_1_C,686
7OAX_1_A,687
4KR6_1_D,688
7XUE_1_R,689
8AC0_1_R,689
7XUI_1_R,690
3I4M_1_P,691
3I4N_1_P,692
1JBR_1_C-F,693
4V2S_1_Q,694
6CAP_1_W-Y,695
7Z1L_1_R,696
4P3U_1_C-D,697
5N61_1_S,697
4U8T_1_T,698
7MEI_1_R,699
5BKL_1_e-P,700
7M50_1_e-P,701
6TQB_1_B,702
5O7H_1_A,703
5JXS_1_B-C,704
7KI3_1_C,705
2PO1_1_C,706
4K50_1_B,707
7N0D_1_I-L-J,708
6DU5_1_B,709
6RR7_1_F,710
4Q0B_1_E,711
6DU4_1_B,712
1MHK_1_L-S,713
4QI2_1_G,714
4QIL_1_C,715
4Z31_1_E,716
3D2S_1_F,717
6F4G_1_C,717
5ZSE_1_C,718
6TQN_1_R,719
7KKV_1_B,720
3Q1Q_1_B,721
7UO5_1_B,721
1U9S_1_A,722
2A64_1_A,723
3DHS_1_A,723
2XNR_1_C,724
6G63_1_B,724
6ZJ3_1_LN,725
2VOP_1_B,726
2XXA_1_F,727
3LQX_1_B,728
3NDB_1_M,729
3JAN_1_4,730
6R6G_1_AF,730
1E8O_1_E,731
6FRK_1_1,731
1MFQ_1_A,732
3KTW_1_C,733
7DN3_1_R,734
1JID_1_B,735
3KNA_1_B-C,736
4Q0B_1_t,737
8B0J_1_K,738
3R9X_1_C,739
6YFT_1_RR,740
1J2B_1_C,741
3OVB_1_C,742
6PZQ_1_J-I,743
4X4V_1_B,744
6YDP_1_BB,745
7QI4_1_B,746
6NU2_1_B,747
7QH7_1_B,748
3J7R_1_S5,749
3KOA_1_B-C,750
2ZNI_1_C,751
2UXD_1_Y-X,752
7UO1_1_C,753
5ZLU_1_DD,754
4Z92_1_D,755
5ELK_1_R,756
6Q97_1_7,757
5T7V_1_D,758
3KFU_1_L,759
7Z43_1_MaM,759
6R9J_1_B,760
6WOO_1_3,761
7TQL_1_3,762
7QIZ_1_aA-bA,763
3AM1_1_B,764
7Y7R_1_D,765
3ADD_1_C,766
3W3S_1_B,767
3RG5_1_B,768
8G9Z_1_E,769
7UR5_1_v,770
1B23_1_R,771
5LZS_1_ii,772
5L3P_1_y,773
1QF6_1_B,774
7M50_1_h-S,775
7AS8_1_2,776
1DUQ_1_B-A,777
6F3H_1_C,778
3A2K_1_C,779
6F3H_1_D,780
2D6F_1_F,781
5UD5_1_C,782
2XGJ_1_D,783
7AQC_1_T,784
1N78_1_C,785
3AL0_1_E,786
1QTQ_1_B,787
4JXZ_1_B,787
6RFL_1_U,788
4QEI_1_C,789
5E6M_1_C,789
2V7R_1_A-B,790
2VUQ_1_A-B,790
4MGN_1_B,790
4RDX_1_C,791
7UQ6_1_B,792
7PO2_1_5,793
5MRC_1_bb,794
6YWE_1_bb,795
5HR6_1_C,796
5HR7_1_D,796
4YYE_1_C,797
5B63_1_D,798
7B5K_1_z,799
2NR0_1_E,800
3Q1Q_1_C,801
3S1Q_1_R,801
7K98_1_C,802
3AMU_1_B,803
3ICQ_1_E,804
5X6B_1_P,805
5ZUU_1_E-F,806
6OF1_1_1w,806
5IB8_1_1L,807
5IBB_1_1L,807
5E81_1_1K,808
4WSM_1_1K,809
4V9I_1_AY,810
6ORD_1_QY,810
7U2I_1_1w,810
6ZM6_1_w,811
6GSK_1_1K,812
1FIR_1_A,813
1IL2_1_C,814
1H3E_1_B,815
2DLC_1_Y,816
2BTE_1_B,817
2ZZN_1_D,818
1WZ2_1_D,819
2ZZM_1_B,820
1SER_1_T,821
3ZGZ_1_B,822
5AH5_1_D,823
7OT5_1_z,824
5E81_1_3L,825
5EL4_1_3L,825
6GSK_1_3L,825
6GSL_1_3L,825
4WSM_1_3L,826
4V4J_1_2,827
4WJ3_1_S,828
6OLE_1_v,829
7QGG_1_v,829
7CPU_1_S6,830
7O81_1_AT,830
7ZUX_1_7,830
7ZW0_1_sn,830
7N2V_1_Dt,831
7NWG_1_33,832
3JBV_1_W,833
6UZ7_1_3,834
3J7R_1_S6,835
3EPH_1_E,836
5WWT_1_C,837
3TUP_1_T,838
3FOZ_1_D,839
5MMM_1_z,840
7MLB_1_I,840
7MLI_1_I,840
7YSE_1_E,841
4V90_1_AV,842
4V7M_1_AY,843
4WQ1_1_3K,844
5IMQ_1_5,845
6Z6M_1_CC,846
6ZMO_1_CB,846
6GZ4_1_Bw,847
6O8W_1_u,847
7RYG_1_v,848
4V9K_1_AW,849
5VPP_1_QV,850
5L4O_1_A,851
7NWG_1_q3,852
7QGG_1_u,852
6R6P_1_2,853
7O81_1_AJ,854
5LZS_1_3,855
6R5Q_1_3,855
6T4Q_1_7,855
6ZMI_1_CC,855
8AKN_1_Z,856
6AH3_1_T,857
6AHU_1_T,857
3WQY_1_C,858
6JXM_1_B,859
7ASE_1_1,860
6OKK_1_g,861
6UGG_1_B,861
3WFS_1_A,862
5AXM_1_P,862
4E6B_1_E-F,863
4WTM_1_T-P,863
6PMO_1_B,863
7MRL_1_A,863
7UXA_1_E,863
8D9K_1_C,863
8EG0_1_C,863
8AW3_1_1,864
7SYS_1_i,865
5JU8_1_AY,866
7ZW0_1_sl,867
2AZX_1_D,868
6UFG_1_B,869
1GAX_1_D,870
7E8O_1_X,870
2ZUE_1_B,871
7KJT_1_A,872
2CSX_1_C,873
1H4S_1_T,874
2AKE_1_B,875
2UXB_1_Y-X,875
6XA1_1_Bv,876
6ZM6_1_x,877
7QI4_1_Ax,877
6YDP_1_AV,878
7NSJ_1_AY,878
7A5J_1_G,879
6YWX_1_bb,880
6YWY_1_bb,880
7OIF_1_z,881
7P7T_1_C,882
7R81_1_t1,882
8AM9_1_8,882
6TNU_1_m,883
2DER_1_D,884
5AJ0_1_Bv,885
6IP8_1_zy,885
6T7T_1_6,885
6TB3_1_n,885
7MDZ_1_2,885
7NWI_1_2,885
7O7Y_1_AT,885
7O80_1_AT,885
7QVP_1_B4,885
7UCK_1_2,885
8CTI_1_C,885
3J92_1_2,886
4KZZ_1_j,886
4TUE_1_QV,886
4V8N_1_CV,886
4V9Q_1_DV,886
4WT8_1_D4,886
5E81_1_2K,886
6CFJ_1_1x,886
6Q9A_1_7,886
7B5K_1_x,886
7D6Z_1_3,886
7NHM_1_D,886
7P3K_1_V,886
7Q4K_1_D2,886
7ST2_1_5,886
7ZP8_1_v,886
7O5B_1_U,887
7P6Z_1_7,888
6HD7_1_B,889
8APN_1_C1,890
5TCU_1_D,891
6YS3_1_v,892
6MTC_1_4,893
7N2V_1_Pt,894
7LJ3_1_A,895
5WT1_1_C,896
7P7Q_1_D,897
1QU2_1_T,898
4WJ4_1_B,899
7UZ0_1_A,900
6HA8_1_x,901
7P48_1_5,902
4GCW_1_B,903
7LYF_1_A,904
4YCO_1_D,905
4YCP_1_B,905
1J1U_1_B,906
6UFM_1_A,907
7LYG_1_A,908
4LCK_1_B,909
2DU3_1_D,910
7OSM_1_ASIT,911
6YAL_1_1,912
6ZMW_1_w,913
1YFG_1_A,914
6FYY_1_1,915
8ASW_1_X,916
4WT8_1_DV,917
7UO0_1_C,918
5T3K_1_A-B,919
7B3C_1_T-P,920
1T0E_1_A-C,921
1ZX7_1_C-E-D-F,922
4AOB_1_A,923
5FJC_1_A,923
3V7E_1_C,924
4KQY_1_A,925
4OQU_1_A,926
6DTA_1_D,927
4C7O_1_E,928
5NCO_1_1,929
6SXO_1_L8,930
7M50_1_ll,931
3M7N_1_X,932
7SZU_1_R,933
3FTM_1_D-C,934
3NL0_1_B-C,935
4KR6_1_C,936
1XJR_1_A,937
2EC0_1_B-C,938
3FTF_1_C-D,939
2E9T_1_B-C,940
4H8K_1_C,941
7Q80_1_E-F-D,942
7Q82_1_C-B-A,943
4QIK_1_C-D,944
4NH5_1_B,945
4NH6_1_B,946
4A2X_1_L-M,947
7ECN_1_A-B,948
2O3Y_1_A-B,949
6SZV_1_R-M,950
6T0V_1_R-M,951
6SZU_1_V-M,952
6TW1_1_V-M,952
6T0S_1_V-M,953
7QTL_1_M-R,954
6SWE_1_2,955
7QIY_1_2,955
8CVO_1_A,955
5XON_1_P,956
6UTV_1_333,957
3AVY_1_T-G,958
3VNV_1_T-G,959
5OT2_1_P,960
6ZJ3_1_LD,961
3S1N_1_R,962
7B9V_1_2-6,963
6WVJ_1_R,964
6BM2_1_R,965
1KUQ_1_B,966
6WYB_1_B,967
1BR3_1_A,968
4PQV_1_A,969
7JRR_1_A,970
7OJK_1_D-E,971
1I9X_1_A-B,972
7EIU_1_C,973
3PDR_1_X,974
7VG2_1_D-C,975
7VG3_1_D-C,976
7OJL_1_D-E,977
7R9F_1_B,978
3TZR_1_A-B,979
5ED2_1_F-E,980
7OJN_1_R-M,981
2G91_1_A-B,982
6IA2_1_A-B,983
4WSB_1_V-R,984
5M3H_1_V-R,984
4WRT_1_V-R,985
4RUM_1_A,986
5ZKJ_1_C,987
4HKQ_1_E,988
3AVW_1_T-G,989
6KOQ_1_I,990
8G6R_1_I-J,991
3HO1_1_Y,992
5H0R_1_H-I,993
4IG8_1_B-C,994
4RWN_1_B-C,995
5Y88_1_x,996
1RNA_1_A-B,997
6RI7_1_R,998
5OIK_1_P,999
4GG4_1_H,1000
5C9H_1_G-E,1001
2QK9_1_B,1002
1I6U_1_C,1003
4PDB_1_I,1004
3R1C_1_E-F,1005
3R1C_1_Q-R,1006
4Y52_1_R,1007
2DRA_1_B,1008
3P59_1_E-A-C-G-B-D-F-H,1009
4OL8_1_C,1010
6QW6_1_5,1011
7WIE_1_V,1012
1ZBH_1_F,1013
6CF2_1_G,1014
3JB9_1_C,1015
4A3D_1_P,1016
4A3L_1_P,1017
4BY7_1_P,1018
6KYV_1_G,1019
4AY2_1_C,1020
4BWM_1_G,1021
6DOY_1_B,1022
4GHA_1_I-J,1023
1L9A_1_B,1024
2V6W_1_A-B,1025
7NKX_1_P,1026
3OK4_1_N,1027
6KOP_1_I,1028
7O7Z_1_AH,1029
3R4F_1_A,1030
6XBU_1_E,1031
7VBB_1_R,1032
8D4A_1_B,1033
2G3S_1_I-J,1034
7SWF_1_B-D,1035
422D_1_A-B,1036
5D8T_1_A-B,1037
7BHP_1_B,1038
5MFX_1_B,1039
8DC2_1_B,1039
5GJB_1_B,1040
7V2Z_1_B,1040
5VT0_1_R,1041
7KQN_1_E,1042
2GUN_1_B,1043
4DB2_1_E-F,1044
7R6Q_1_1-2,1045
7R9G_1_B,1046
4FXD_1_E,1047
6G3B_1_C,1048
1YTU_1_E-F,1049
5JC7_1_X-Y,1050
4PQU_1_T,1051
2PN3_1_A-B,1052
4BOC_1_R,1053
2E9Z_1_B-C,1054
6ZJ3_1_LL,1055
1YZD_1_A-B,1056
1Z7F_1_B-C,1057
4PJO_1_1,1058
7KUN_1_A-B,1059
2XBM_1_E-F,1060
6YMC_1_A,1061
1D4R_1_B-A,1062
5LQT_1_A-B,1063
4ZC7_1_A-B,1064
7VBC_1_R,1065
2Q1O_1_C-D,1066
2OE5_1_B-A,1067
2OE8_1_B-A,1068
353D_1_A-B,1069
4WZM_1_B-C,1070
6E7L_1_A,1071
3CGP_1_B-A,1072
3CGR_1_B-A,1073
4KZ2_1_B-A-C,1074
6QIT_1_A-B,1075
6E9F_1_B-C,1076
3BBM_1_B-C-A,1077
3GS5_1_A,1078
2JLV_1_C,1079
4ATO_1_G,1080
3BNR_1_C-D,1081
5M5Y_1_R,1082
6TZ2_1_N-T-M,1083
5ED1_1_C-B,1084
6M6S_1_C-D,1085
3ZC0_1_M,1086
6U8D_1_A,1087
5DET_1_Q,1088
6TY9_1_T-N,1089
1MSW_1_R,1090
7KJV_1_C-D,1091
6KWR_1_B,1092
6XQB_1_F-E,1093
5F8N_1_B-C,1094
6LSE_1_C-B,1094
6LSF_1_C-B,1095
6KWQ_1_B,1096
4K4V_1_B,1097
5F8J_1_B-C,1098
4K4Z_1_N-O-P,1099
3OL9_1_B-F-C-G-D-H,1100
4K4U_1_B-C-D,1101
4K4S_1_B-F-C-G-D-H,1102
5Y6Z_1_B-C,1103
6AR1_1_C,1104
7K9Y_1_F,1105
4MCF_1_B-D-C-A,1106
4NFQ_1_A,1107
3HTX_1_B-C,1108
5C9H_1_C-D,1109
6DCC_1_B,1110
5NDI_1_B,1111
6H0R_1_A,1112
1KFO_1_A,1113
5NXT_1_U,1114
4PCO_1_A-B,1115
5W5Y_1_R,1116
402D_1_A-B,1117
3AVV_1_T-G,1118
8FIX_1_R,1119
5UNE_1_A-B,1120
4J7L_1_B,1121
7BPV_1_S,1121
5LYS_1_B,1122
4U6K_1_A,1123
3GLP_1_B-A,1124
6AR5_1_B,1125
1NJP_1_5,1126
3ND4_1_A,1127
4GZY_1_R,1128
7JRS_1_B-A,1129
5C5W_1_A,1130
3R9W_1_B,1131
7BPF_1_A,1132
4NIA_1_o,1133
6I0V_1_B,1134
6Z6B_1_HHH-XXX,1134
5AMR_1_B-C,1135
3S1M_1_R,1136
7MQA_1_L2,1136
7MQ8_1_L2,1137
6LQS_1_3A-5A,1138
3S2H_1_R,1139
7V01_1_U-G,1140
6NUT_1_D,1141
3JB7_1_t-m,1142
8A22_1_A9,1143
4N0T_1_B,1144
5WNT_1_b-a,1144
6ASO_1_I,1145
5VPO_1_XV,1146
4E6B_1_A-B,1147
4WF9_1_Y,1147
5J7L_1_DB,1147
5ZEB_1_B,1147
6ERI_1_Ax,1147
6TPQ_1_V,1147
7A0S_1_Y,1147
7JIL_1_3,1147
7KGB_1_B,1147
7P6Z_1_4,1147
7P7Q_1_B,1147
7RQB_1_1B,1147
7RYG_1_B,1147
7SFR_1_B,1147
7TTW_1_2,1147
7UNW_1_B,1147
8A57_1_B,1147
8CVM_1_b,1147
3J79_1_B,1148
3J7O_1_7,1148
3NMA_1_B-C,1148
4V8P_1_C3,1148
4V9F_1_9,1148
4WTI_1_T-P,1148
5T5H_1_D,1148
5TBW_1_AS,1148
5XXB_1_3,1148
5XY3_1_3,1148
6AZ3_1_8,1148
6RM3_1_L70,1148
6SKG_1_BB,1148
6UZ7_1_7,1148
6XU8_1_A7,1148
6ZJ3_1_LO,1148
6ZU5_1_L70,1148
7CPU_1_L7,1148
7O7Y_1_B7,1148
7OLC_1_3,1148
7OYB_1_71,1148
7OYC_1_71,1148
7PWO_1_3,1148
7PZY_1_3,1148
7QCA_1_L70,1148
7QEP_1_2,1148
7QGG_1_E,1148
7QIW_1_5,1148
7R81_1_B1,1148
7YFE_1_T-N-M,1148
8A3D_1_B,1148
8EUG_1_9,1148
7OZS_1_3,1149
6XYW_1_3,1150
4X62_1_b-a,1151
5WNP_1_a-b,1151
4EYA_1_e-f,1152
2R1S_1_A-B,1153
4NGF_1_G-H,1154
6O5F_1_D-C,1155
3OG8_1_C-D,1156
7XWZ_1_F,1157
1RPU_1_C-D,1158
4DR6_1_W-V,1159
6UES_1_A,1159
6KQN_1_I,1160
7NAF_1_1,1161
1N35_1_C-B,1162
3OXE_1_A,1163
438D_1_A-B,1164
4JRT_1_A-B,1165
7LD5_1_D,1166
7M2V_1_S-h,1166
7M2V_1_T-k,1166
7M2V_1_V-ww,1166
7M2V_1_X-m,1166
7M2V_1_Y-n,1166
7M2V_1_yy-zz,1167
4NIA_1_c,1168
5BKL_1_h-S,1169
7M57_1_W,1170
5BKL_1_WW-V,1171
5BKN_1_V-WW,1171
7M50_1_WW-V,1171
4WTL_1_T-P,1172
6D90_1_4,1172
5BKL_1_UU-ll,1173
1G2J_1_A,1174
5TPY_1_A,1175
3CJZ_1_A-B,1176
6KOO_1_I,1177
5BKL_1_i-T,1178
5BKN_1_T-i,1178
7M50_1_i-T,1178
5BKN_1_UU-ll,1179
5BKL_1_m-X,1180
5BKN_1_X-m,1181
7M50_1_X-m,1182
4B3R_1_Z-W,1183
6DVK_1_H,1183
5EMO_1_F,1184
7ELH_1_N-O,1185
7M3T_1_Y,1186
5BKN_1_Y-n,1187
7M50_1_n-Y,1187
2ZY6_1_A,1188
5BKL_1_Y-n,1189
5BKL_1_bb-qq,1190
6OY7_1_I,1191
4E78_1_P-T,1192
7JRT_1_A,1192
5VO8_1_I,1193
1SI3_1_B,1194
7KFN_1_B-C,1195
5CKI_1_D,1196
3VNU_1_G-T,1197
4E59_1_A-B,1198
6XJQ_1_A,1199
4PHY_1_A-B,1200
6BLO_1_R,1201
5CNR_1_A-B,1202
7OZV_1_T-P,1203
7PKS_1_P,1204
7Z1O_1_R,1205
3GTO_1_R,1206
3GTP_1_R,1206
3GTQ_1_R,1207
3M4O_1_R,1208
5VSU_1_I,1209
7AOZ_1_P,1210
3S15_1_R,1211
7RIQ_1_R,1212
3S16_1_R,1213
6GMH_1_P,1214
7RIP_1_R,1215
7RIY_1_R,1216
7UNC_1_P,1217
2NVQ_1_R,1218
7OOP_1_P,1219
3M3Y_1_R,1220
5IYD_1_Z,1221
4BBS_1_P,1222
7OL0_1_P,1223
2R7Z_1_P,1224
2VUM_1_P,1225
3S14_1_R,1226
2JA7_1_3,1227
2R92_1_T-P,1228
7XD9_1_B-C,1229
2G8I_1_B,1230
8H0V_1_P,1231
6IR9_1_P,1232
5XOG_1_P,1233
7XSX_1_P,1234
7XSZ_1_P,1234
7XN7_1_P,1235
7XTI_1_P,1236
3GTL_1_R,1237
3KMQ_1_B-C,1238
6H5Q_1_R,1239
6H5S_1_E,1240
3GTG_1_R,1241
2F8T_1_C-D,1242
4JIY_1_A,1243
2F8S_1_C-D,1244
4KYY_1_A-B,1245
5Z1I_1_A,1246
6D6R_1_N,1247
4A36_1_R-S,1248
7BKP_1_X-Z,1249
5JCF_1_Y-X,1250
5JCH_1_U-V,1250
7DTE_1_F-G,1251
3HJF_1_Y,1252
3HK2_1_F,1253
7YPA_1_H-I,1254
8ABZ_1_R,1255
4NGG_1_B,1256
8E40_1_r-R,1257
3RC8_1_E,1258
8EA4_1_7,1258
4GL2_1_C-D,1259
2BGG_1_P-Q,1260
2ZI0_1_C-D,1261
3SIV_1_C-F,1262
7A9N_1_K-L,1263
1KXK_1_A,1264
2XGJ_1_C,1265
4U3L_1_A-B,1266
2AO5_1_C-D,1267
7YP9_1_H,1268
1DI2_1_E,1269
7DMQ_1_B-C,1270
5W0O_1_C-D,1271
6GML_1_P,1272
6RA4_1_L-M,1273
1TFW_1_G-J,1274
6KUK_1_V-R,1275
3LOA_1_B-A,1276
435D_1_C-D,1276
7K16_1_P,1277
1QVF_1_3,1278
3BNN_1_C-D,1279
5HBY_1_A,1280
3ADL_1_B-C,1281
7VNV_1_A,1282
2NVT_1_R,1283
7W0C_1_D-C,1284
7OI3_1_B,1285
7UOB_1_T-P,1286
3KNC_1_B,1287
8GWE_1_J-I,1288
1JZV_1_B-A,1289
6XH2_1_D,1290
5JAJ_1_X-Y,1291
7Q80_1_B-C-A,1292
4V99_1_C2,1293
8E8M_1_R,1294
5Z98_1_C,1295
5Z98_1_D,1295
7KRP_1_P-T,1296
4E5C_1_A-B,1297
5EMF_1_A,1298
3D0M_1_X,1299
5LR5_1_C-D,1300
1NBS_1_B,1301
3QRP_1_B-C,1302
1YYK_1_C-D,1303
7TQB_1_A,1304
3GM7_1_G-H,1305
3SZX_1_A-B,1306
3MJ0_1_B,1307
4P43_1_B-A,1308
3C3Z_1_A-B,1309
4EYA_1_o-p,1310
6QDV_1_2-6,1311
398D_1_C,1312
3KS8_1_E-F,1313
6ALG_1_R,1314
2O3V_1_A-B,1315
7Y7S_1_D,1316
7XYA_1_R,1317
6P19_1_R,1318
7XYB_1_R,1319
8EG7_1_R,1320
8EG8_1_R,1321
6XLN_1_R,1322
8EGB_1_R,1323
7N4E_1_R,1324
7X74_1_Q,1324
7UBM_1_R,1325
7MKO_1_R,1326
8FVW_1_C,1327
6WMP_1_R,1328
6P18_1_R,1329
6JCY_1_I,1330
7UY6_1_B,1330
255D_1_A,1331
413D_1_A,1332
7M3T_1_UU,1333
8AF0_1_C-D,1334
4TS2_1_Y-X,1335
6HYU_1_B,1336
4WTK_1_T-P,1337
8A22_1_B4,1337
3PO3_1_P,1338
5C4X_1_R,1339
7QDY_1_E,1340
7MLX_1_R,1341
1TFY_1_H-E,1342
5F9F_1_F,1343
7TO0_1_B-C,1344
7BPG_1_G,1345
7ECO_1_E-F,1346
7JNH_1_B,1347
4WTJ_1_T-P,1348
6AGB_1_A,1348
7C79_1_A,1349
6AHU_1_A,1350
5EME_1_A,1351
7M3T_1_i-T,1352
4KZD_1_R,1353
1X8W_1_C,1354
2R8S_1_R,1354
7OM7_1_H-G,1355
7YGA_1_N,1355
2RKJ_1_C,1356
5XC6_1_C,1356
1U6B_1_B,1357
1DQH_1_B-A,1358
4JAB_1_A-B,1359
5LZD_1_y,1360
1CSL_1_B-A,1361
3BSU_1_D,1362
4JAH_1_A-B,1363
7UO7_1_T-P,1364
5HNJ_1_A-B,1365
7ECP_1_A-B,1365
1YZ9_1_C-D-E-F,1366
1YYW_1_I-J,1367
7ELH_1_R-S,1368
8FJK_1_a4-b4,1369
8FJL_1_a3-b3,1369
8FJK_1_a6-b6,1370
8FJK_1_a5-b5,1371
8FJL_1_a1-b1,1371
8FJL_1_a2-b2,1372
8FJL_1_a6-b6,1373
8FJK_1_a2-b2,1374
1SDR_1_A-B,1375
6M6R_1_B,1376
6ZDP_1_B,1377
8BE0_1_M-R,1378
2H1M_1_A-B,1379
3IVK_1_M,1380
4GKK_1_X-W,1380
3HHN_1_E,1381
3CUL_1_C,1382
4GKJ_1_X-W,1382
6SQN_1_Y,1383
1M5K_1_B,1384
7OZQ_1_H,1385
3L25_1_C-F,1386
6MJ0_1_B,1387
6VEM_1_A-B,1388
4P5J_1_A,1389
205D_1_A-B,1390
6AJK_1_B,1391
7MKY_1_A,1392
8AMI_1_B-A,1393
6OL3_1_C,1394
7THB_1_E,1395
3HGA_1_X,1396
4O41_1_C-D,1397
5DHB_1_A-B,1398
7OB9_1_R,1398
3S49_1_E-F,1399
2UWM_1_D,1400
5MWI_1_A,1401
6HU6_1_B-F,1402
3JXQ_1_L-K,1403
5EW4_1_B-A,1403
1QC0_1_B-A,1404
421D_1_B,1405
4FVU_1_B-C,1406
7W0A_1_D-C,1407
1J6S_1_A,1408
6MWN_1_B,1408
4ZLD_1_B,1409
4WTD_1_T-P,1410
4WTE_1_T-P,1410
4WTC_1_T-P,1411
5CCB_1_N,1412
5JBJ_1_X-Y,1413
7TNX_1_C-B,1414
1QCU_1_A-B,1415
1QCU_1_C-D,1415
4E48_1_A-B,1416
5UED_1_A-B,1417
7XWZ_1_C-D,1417
6OZP_1_C-D,1418
7L0Z_1_G,1419
7OUO_1_AAA-BBB,1420
4U35_1_B-A,1421
7LNE_1_A-B,1421
7U8B_1_A-B,1421
5L00_1_A-B,1422
5DHC_1_C-D,1423
6JDV_1_B,1424
1EGK_1_A,1425
1L3Z_1_B,1425
1U0B_1_A,1426
464D_1_A-B,1426
4Q5S_1_I,1426
7Y7Q_1_C-D,1427
1Z7F_1_A,1428
3ND3_1_A,1429
3R1C_1_K-L,1430
1QC0_1_C-D,1431
5KVJ_1_A-B,1432
2A0P_1_A-B,1433
6BGB_1_A-B,1434
6LSG_1_B-C,1435
6LSH_1_B-C,1436
3CIY_1_C-D,1437
7WV5_1_E,1438
7WM4_1_A-B,1439
7DFG_1_T-P,1440
7DOI_1_T-P,1441
7DFH_1_T-P,1442
7CTT_1_T-Q,1443
2XSL_1_C-D,1444
5JBG_1_X,1444
6YYT_1_P-Q-U-T,1445
7B3D_1_T-P,1446
2VAL_1_A-C,1447
4RZD_1_A,1448
6TZ1_1_T-M,1449
7TNY_1_C-B,1450
6CU1_1_A,1451
8DH1_1_G,1452
7AAP_1_T-P,1453
7BV2_1_T-P,1454
3H5X_1_T-P,1455
6QW6_1_4,1455
2NUG_1_E-F-C-D,1456
1DQF_1_B-A,1457
6QCT_1_R-M,1458
4U34_1_B-A,1459
7WV3_1_E,1460
2W89_1_A-B,1461
7N0C_1_T-D,1461
8BF5_1_M-R,1462
5DV7_1_A-B,1463
7RE1_1_T-P,1464
4YHW_1_E-C,1465
4YHW_1_F-D,1465
7D58_1_T,1466
7TJ2_1_G-H,1466
472D_1_A-B,1467
7OG0_1_E,1468
4RBQ_1_A,1469
6GVY_1_C-B,1469
2I91_1_F-E,1470
7OFZ_1_C,1471
6BK8_1_2-6-i,1472
6EXN_1_2-6,1472
6N9U_1_P,1472
3E2E_1_R,1473
4G9Z_1_E-F,1474
7JL1_1_X-Y,1474
2JLW_1_D,1475
5E3H_1_B-C,1476
3IGI_1_A,1477
5F0Q_1_C,1477
4R4V_1_A,1478
6KQF_1_I,1478
3EQT_1_C-D,1479
4GV6_1_C-B,1479
6PMO_1_A,1479
7L1F_1_T-P,1480
7OFW_1_C,1481
1TFW_1_H-E,1482
7PY8_1_R,1483
3MEI_1_A-B,1484
5HSW_1_B,1485
2B63_1_R,1486
7OGM_1_P,1487
5WSG_1_b,1488
7ML4_1_P,1489
4Z7L_1_I,1490
1YVP_1_G,1491
1YVP_1_H,1492
1F1T_1_A,1493
5L2L_1_D,1494
3HSB_1_X,1495
6DCL_1_C,1496
3NMU_1_E-K,1497
3NVK_1_K-G,1498
3P6Y_1_S,1499
3QJL_1_R,1500
6KUJ_1_V-R,1501
7AJU_1_EA,1502
3BOY_1_D,1503
5YKI_1_C,1504
4HT9_1_D,1505
5NEW_1_H,1506
3GIB_1_H,1507
6O1K_1_O,1508
8BVM_1_u,1509
1M8W_1_F,1510
5KL1_1_C,1511
5KL8_1_C,1512
7CGH_1_B,1513
7CGI_1_B,1514
6PUN_1_B,1515
3K49_1_F,1516
3K4E_1_F,1517
3BX3_1_C,1518
1KQ2_1_R,1519
1UVL_1_B,1520
3IBK_1_A,1521
5AOR_1_C,1522
4QQB_1_P,1523
8H2H_1_B,1524
7UU4_1_R,1525
8EDJ_1_R,1526
2QWY_1_C,1527
6DCL_1_D,1528
8DFA_1_L,1529
5WZH_1_B,1530
5WZJ_1_B,1530
5WZG_1_B,1531
5WZI_1_B,1532
5WZK_1_B,1533
2VOD_1_D,1534
2VON_1_C,1535
7UJ1_1_E,1536
4WKR_1_D,1537
5BKL_1_kk-TT,1538
7SP1_1_P,1539
7MKT_1_A,1540
7M57_1_7,1541
1E8S_1_C,1542
1N38_1_C-B,1543
3PGW_1_R,1544
5C0Y_1_C,1545
5WNU_1_b-a,1546
